<<<<<<< HEAD
INSERT INTO building (building_name) VALUES ("DI");;
INSERT INTO building (building_name) VALUES ("Smith");;
INSERT INTO building (building_name) VALUES ("DI");;
INSERT INTO building (building_name) VALUES ("White");;
INSERT INTO building (building_name) VALUES ("Smith");;
INSERT INTO building (building_name) VALUES ("White");;
INSERT INTO building (building_name) VALUES ("MSB");;
INSERT INTO building (building_name) VALUES ("DI");;
INSERT INTO building (building_name) VALUES ("Smith");;
INSERT INTO building (building_name) VALUES ("Smith");;
INSERT INTO classroom (building_ID, room_number, capacity) VALUES (1, 961, 6485);;
INSERT INTO classroom (building_ID, room_number, capacity) VALUES (2, 325, 9466);;
INSERT INTO classroom (building_ID, room_number, capacity) VALUES (3, 110, 9093);;
INSERT INTO classroom (building_ID, room_number, capacity) VALUES (4, 391, 7413);;
INSERT INTO classroom (building_ID, room_number, capacity) VALUES (5, 786, 167);;
INSERT INTO classroom (building_ID, room_number, capacity) VALUES (6, 588, 9522);;
INSERT INTO classroom (building_ID, room_number, capacity) VALUES (7, 287, 3195);;
INSERT INTO classroom (building_ID, room_number, capacity) VALUES (8, 911, 1832);;
INSERT INTO classroom (building_ID, room_number, capacity) VALUES (9, 60, 9366);;
INSERT INTO classroom (building_ID, room_number, capacity) VALUES (10, 309, 5326);;
INSERT INTO department (department_name, building_ID, budget) VALUES ("CS", 1, 3073878523.30);;
INSERT INTO department (department_name, building_ID, budget) VALUES ("BIO", 2, 9609095506.96);;
INSERT INTO department (department_name, building_ID, budget) VALUES ("MATH", 3, 2875979512.28);;
INSERT INTO department (department_name, building_ID, budget) VALUES ("CHEM", 4, 7911636207.79);;
INSERT INTO department (department_name, building_ID, budget) VALUES ("NURS", 5, 9373150010.93);;
INSERT INTO department (department_name, building_ID, budget) VALUES ("PHYS", 6, 9035506012.90);;
INSERT INTO department (department_name, building_ID, budget) VALUES ("ENGL", 7, 9483348478.94);;
INSERT INTO department (department_name, building_ID, budget) VALUES ("FRNC", 8, 9555228880.95);;
INSERT INTO department (department_name, building_ID, budget) VALUES ("JAPN", 9, 9675227101.96);;
INSERT INTO department (department_name, building_ID, budget) VALUES ("BOTN", 10, 3271387251.32);;
INSERT INTO time_slot (day, start_hr, start_min, end_hr, end_min) VALUES ("M", 21, 49, 10, 59);;
INSERT INTO time_slot (day, start_hr, start_min, end_hr, end_min) VALUES ("M", 7, 58, 2, 36);;
INSERT INTO time_slot (day, start_hr, start_min, end_hr, end_min) VALUES ("F", 14, 36, 16, 48);;
INSERT INTO time_slot (day, start_hr, start_min, end_hr, end_min) VALUES ("F", 12, 20, 2, 56);;
INSERT INTO time_slot (day, start_hr, start_min, end_hr, end_min) VALUES ("T", 1, 9, 10, 37);;
INSERT INTO time_slot (day, start_hr, start_min, end_hr, end_min) VALUES ("W", 1, 39, 8, 38);;
INSERT INTO time_slot (day, start_hr, start_min, end_hr, end_min) VALUES ("M", 23, 10, 12, 10);;
INSERT INTO time_slot (day, start_hr, start_min, end_hr, end_min) VALUES ("H", 13, 43, 19, 42);;
INSERT INTO time_slot (day, start_hr, start_min, end_hr, end_min) VALUES ("M", 12, 42, 17, 12);;
INSERT INTO time_slot (day, start_hr, start_min, end_hr, end_min) VALUES ("F", 22, 14, 22, 15);;
INSERT INTO account (username, password, role) VALUES ("Drew2000", "TrulyCool2003", "Student");;
INSERT INTO account (username, password, role) VALUES ("SuperCool", "FavoriteColor", "Student");;
INSERT INTO account (username, password, role) VALUES ("coolGuy77", "123892138", "Student");;
INSERT INTO account (username, password, role) VALUES ("aroddy", "CalebCalebCaleb", "Student");;
INSERT INTO account (username, password, role) VALUES ("DrMario", "RealDoctor3626", "Administrator");;
INSERT INTO account (username, password, role) VALUES ("Caleb999", "Drop73Drop12!", "Administrator");;
INSERT INTO account (username, password, role) VALUES ("Ganondworf", "CalebCalebCaleb", "Student");;
INSERT INTO account (username, password, role) VALUES ("dropKick2000", "Linkus", "Instructor");;
INSERT INTO account (username, password, role) VALUES ("dropKick2000", "RealDoctor3626", "Instructor");;
INSERT INTO account (username, password, role) VALUES ("Link", "123892138", "Administrator");;
INSERT INTO advisor (first_name, last_name, department_ID) VALUES ("Craig", "Morneweck", 1);;
INSERT INTO advisor (first_name, last_name, department_ID) VALUES ("TJ", "Smith", 2);;
INSERT INTO advisor (first_name, last_name, department_ID) VALUES ("Craig", "Redy", 3);;
INSERT INTO advisor (first_name, last_name, department_ID) VALUES ("Leah", "Morneweck", 4);;
INSERT INTO advisor (first_name, last_name, department_ID) VALUES ("Thomas", "Johnson", 5);;
INSERT INTO advisor (first_name, last_name, department_ID) VALUES ("TJ", "Morneweck", 6);;
INSERT INTO advisor (first_name, last_name, department_ID) VALUES ("TJ", "Smith", 7);;
INSERT INTO advisor (first_name, last_name, department_ID) VALUES ("Leah", "Smith", 8);;
INSERT INTO advisor (first_name, last_name, department_ID) VALUES ("Joseph", "Smith", 9);;
INSERT INTO advisor (first_name, last_name, department_ID) VALUES ("Thomas", "Johnson", 10);;
INSERT INTO course (title, department_ID, credits) VALUES ("CS4", 1, 82);;
INSERT INTO course (title, department_ID, credits) VALUES ("Discrete Structures", 2, 21);;
INSERT INTO course (title, department_ID, credits) VALUES ("CS4", 3, 66);;
INSERT INTO course (title, department_ID, credits) VALUES ("CS2", 4, 3);;
INSERT INTO course (title, department_ID, credits) VALUES ("CS1", 5, 69);;
INSERT INTO course (title, department_ID, credits) VALUES ("CS2", 6, 68);;
INSERT INTO course (title, department_ID, credits) VALUES ("CS3", 7, 60);;
INSERT INTO course (title, department_ID, credits) VALUES ("CS4", 8, 17);;
INSERT INTO course (title, department_ID, credits) VALUES ("Elementary Japanese 1", 9, 9);;
INSERT INTO course (title, department_ID, credits) VALUES ("CS4", 10, 32);;
INSERT INTO instructor (first_name, last_name, department_ID, salary) VALUES ("Mikhail", "Nesterenko", 1, 899844.89);;
INSERT INTO instructor (first_name, last_name, department_ID, salary) VALUES ("Javed", "Kahn", 2, 687964.68);;
INSERT INTO instructor (first_name, last_name, department_ID, salary) VALUES ("Mikhail", "Nesterenko", 3, 182661.18);;
INSERT INTO instructor (first_name, last_name, department_ID, salary) VALUES ("Mikhail", "Phares", 4, 970941.97);;
INSERT INTO instructor (first_name, last_name, department_ID, salary) VALUES ("Giovanni", "Kahn", 5, 934224.93);;
INSERT INTO instructor (first_name, last_name, department_ID, salary) VALUES ("Javed", "Phares", 6, 728414.72);;
INSERT INTO instructor (first_name, last_name, department_ID, salary) VALUES ("Mikhail", "Phares", 7, 808578.80);;
INSERT INTO instructor (first_name, last_name, department_ID, salary) VALUES ("Giovanni", "Nesterenko", 8, 775279.77);;
INSERT INTO instructor (first_name, last_name, department_ID, salary) VALUES ("Javed", "Kahn", 9, 462124.46);;
INSERT INTO instructor (first_name, last_name, department_ID, salary) VALUES ("Giovanni", "Kahn", 10, 818022.81);;
INSERT INTO section (course_ID, semester, year, building_ID, time_slot_ID) VALUES (1, "Spring", 2030, 1, 1);;
INSERT INTO section (course_ID, semester, year, building_ID, time_slot_ID) VALUES (2, "Spring", 1888, 2, 2);;
INSERT INTO section (course_ID, semester, year, building_ID, time_slot_ID) VALUES (3, "Winter", 1967, 3, 3);;
INSERT INTO section (course_ID, semester, year, building_ID, time_slot_ID) VALUES (4, "Winter", 1965, 4, 4);;
INSERT INTO section (course_ID, semester, year, building_ID, time_slot_ID) VALUES (5, "Spring", 1954, 5, 5);;
INSERT INTO section (course_ID, semester, year, building_ID, time_slot_ID) VALUES (6, "Summer", 2095, 6, 6);;
INSERT INTO section (course_ID, semester, year, building_ID, time_slot_ID) VALUES (7, "Winter", 1782, 7, 7);;
INSERT INTO section (course_ID, semester, year, building_ID, time_slot_ID) VALUES (8, "Winter", 1919, 8, 8);;
INSERT INTO section (course_ID, semester, year, building_ID, time_slot_ID) VALUES (9, "Fall", 1899, 9, 9);;
INSERT INTO section (course_ID, semester, year, building_ID, time_slot_ID) VALUES (10, "Fall", 1978, 10, 10);;
INSERT INTO student (first_name, last_name, department_ID, total_cred, advisor_ID) VALUES ("Caleb", "Roddy", 1, 231, 1);;
INSERT INTO student (first_name, last_name, department_ID, total_cred, advisor_ID) VALUES ("Andrew", "Senol", 2, 223, 2);;
INSERT INTO student (first_name, last_name, department_ID, total_cred, advisor_ID) VALUES ("Andrew", "Stanberry", 3, 144, 3);;
INSERT INTO student (first_name, last_name, department_ID, total_cred, advisor_ID) VALUES ("Andrew", "Stanberry", 4, 138, 4);;
INSERT INTO student (first_name, last_name, department_ID, total_cred, advisor_ID) VALUES ("Caleb", "Senol", 5, 232, 5);;
INSERT INTO student (first_name, last_name, department_ID, total_cred, advisor_ID) VALUES ("Logan", "Senol", 6, 181, 6);;
INSERT INTO student (first_name, last_name, department_ID, total_cred, advisor_ID) VALUES ("Andrew", "Senol", 7, 45, 7);;
INSERT INTO student (first_name, last_name, department_ID, total_cred, advisor_ID) VALUES ("Andrew", "Stanberry", 8, 120, 8);;
INSERT INTO student (first_name, last_name, department_ID, total_cred, advisor_ID) VALUES ("Andrew", "Senol", 9, 73, 9);;
INSERT INTO student (first_name, last_name, department_ID, total_cred, advisor_ID) VALUES ("Caleb", "Stanberry", 10, 59, 10);;
=======
INSERT INTO building (building_name) VALUES ("MSB");;
INSERT INTO building (building_name) VALUES ("DI");;
INSERT INTO building (building_name) VALUES ("Smith");;
INSERT INTO building (building_name) VALUES ("White");;
INSERT INTO building (building_name) VALUES ("White");;
INSERT INTO building (building_name) VALUES ("White");;
INSERT INTO building (building_name) VALUES ("DI");;
INSERT INTO building (building_name) VALUES ("White");;
INSERT INTO building (building_name) VALUES ("Smith");;
INSERT INTO building (building_name) VALUES ("Smith");;
INSERT INTO classroom (building_ID, room_number, capacity) VALUES (1, 766, 6179);;
INSERT INTO classroom (building_ID, room_number, capacity) VALUES (2, 565, 3687);;
INSERT INTO classroom (building_ID, room_number, capacity) VALUES (3, 579, 6913);;
INSERT INTO classroom (building_ID, room_number, capacity) VALUES (4, 956, 3070);;
INSERT INTO classroom (building_ID, room_number, capacity) VALUES (5, 418, 4967);;
INSERT INTO classroom (building_ID, room_number, capacity) VALUES (6, 369, 6051);;
INSERT INTO classroom (building_ID, room_number, capacity) VALUES (7, 761, 434);;
INSERT INTO classroom (building_ID, room_number, capacity) VALUES (8, 294, 3482);;
INSERT INTO classroom (building_ID, room_number, capacity) VALUES (9, 1, 4200);;
INSERT INTO classroom (building_ID, room_number, capacity) VALUES (10, 433, 4998);;
INSERT INTO department (department_name, building_ID, budget) VALUES ("CS", 1, 2061758800.20);;
INSERT INTO department (department_name, building_ID, budget) VALUES ("BIO", 2, 9904534213.99);;
INSERT INTO department (department_name, building_ID, budget) VALUES ("MATH", 3, 4465159334.44);;
INSERT INTO department (department_name, building_ID, budget) VALUES ("CHEM", 4, 9947188890.99);;
INSERT INTO department (department_name, building_ID, budget) VALUES ("NURS", 5, 4785160576.47);;
INSERT INTO department (department_name, building_ID, budget) VALUES ("PHYS", 6, 1788343377.17);;
INSERT INTO department (department_name, building_ID, budget) VALUES ("ENGL", 7, 8603662480.86);;
INSERT INTO department (department_name, building_ID, budget) VALUES ("FRNC", 8, 5577392621.55);;
INSERT INTO department (department_name, building_ID, budget) VALUES ("JAPN", 9, 1905672906.19);;
INSERT INTO department (department_name, building_ID, budget) VALUES ("BOTN", 10, 6313816196.63);;
INSERT INTO time_slot (day, start_hr, start_min, end_hr, end_min) VALUES ("H", 8, 8, 15, 16);;
INSERT INTO time_slot (day, start_hr, start_min, end_hr, end_min) VALUES ("H", 16, 45, 15, 53);;
INSERT INTO time_slot (day, start_hr, start_min, end_hr, end_min) VALUES ("M", 16, 16, 5, 34);;
INSERT INTO time_slot (day, start_hr, start_min, end_hr, end_min) VALUES ("F", 6, 6, 16, 23);;
INSERT INTO time_slot (day, start_hr, start_min, end_hr, end_min) VALUES ("H", 11, 34, 19, 53);;
INSERT INTO time_slot (day, start_hr, start_min, end_hr, end_min) VALUES ("F", 11, 52, 21, 55);;
INSERT INTO time_slot (day, start_hr, start_min, end_hr, end_min) VALUES ("H", 21, 13, 17, 20);;
INSERT INTO time_slot (day, start_hr, start_min, end_hr, end_min) VALUES ("W", 17, 5, 10, 22);;
INSERT INTO time_slot (day, start_hr, start_min, end_hr, end_min) VALUES ("T", 10, 5, 19, 18);;
INSERT INTO time_slot (day, start_hr, start_min, end_hr, end_min) VALUES ("F", 17, 41, 16, 30);;
INSERT INTO account (username, password, role) VALUES ("EAiaTriUOxNhmJfJSojK", "WzyOSjNaOXJDkxhjrMaU", "Administrator");;
INSERT INTO account (username, password, role) VALUES ("uOqnFlcBchFnJCKLfQKu", "YXfhiDhQJdhTPRwlhhhg", "Administrator");;
INSERT INTO account (username, password, role) VALUES ("VkLfCGlXMvTvnfUmIpAx", "UbmagDFkJlpRlNOEcvVG", "Instructor");;
INSERT INTO account (username, password, role) VALUES ("OornuFnfiCXwxSIFBTlJ", "XkFCcKGBjXNjJlcpltCl", "Instructor");;
INSERT INTO account (username, password, role) VALUES ("EcqMxbhfzYdrXgJqYCPV", "lWNyfEXQVomVNNFBPRfS", "Student");;
INSERT INTO account (username, password, role) VALUES ("XsuNdhlChgEPadwfADJk", "NrYHAUCMxjBDClUnScWM", "Instructor");;
INSERT INTO account (username, password, role) VALUES ("NpUuecfFKiaXbmWKmODY", "CgVMRZmoVPzMTEpoqREf", "Administrator");;
INSERT INTO account (username, password, role) VALUES ("jbTrWmULCQIPUDOEydca", "kIQfbhVRGhReYSyvaSyk", "Instructor");;
INSERT INTO account (username, password, role) VALUES ("fdhWmHILgcmrXNKcessz", "DBEdwilKJqaBrxeDzaaV", "Administrator");;
INSERT INTO account (username, password, role) VALUES ("CBobeXkjrdmXhvDmUFki", "NhPEByCopLaHPdzbjMgX", "Instructor");;
INSERT INTO advisor (first_name, last_name, department_ID) VALUES ("Tommy", "So", 1);;
INSERT INTO advisor (first_name, last_name, department_ID) VALUES ("Tommy", "So", 2);;
INSERT INTO advisor (first_name, last_name, department_ID) VALUES ("Thomas", "Morneweck", 3);;
INSERT INTO advisor (first_name, last_name, department_ID) VALUES ("Joseph", "Raklovits", 4);;
INSERT INTO advisor (first_name, last_name, department_ID) VALUES ("Craig", "Johnson", 5);;
INSERT INTO advisor (first_name, last_name, department_ID) VALUES ("TJ", "Raklovits", 6);;
INSERT INTO advisor (first_name, last_name, department_ID) VALUES ("TJ", "Redy", 7);;
INSERT INTO advisor (first_name, last_name, department_ID) VALUES ("Tommy", "Raklovits", 8);;
INSERT INTO advisor (first_name, last_name, department_ID) VALUES ("Leah", "Morneweck", 9);;
INSERT INTO advisor (first_name, last_name, department_ID) VALUES ("Joseph", "Johnson", 10);;
INSERT INTO course (title, department_ID, credits) VALUES ("CS2", 1, 65);;
INSERT INTO course (title, department_ID, credits) VALUES ("CS4", 2, 85);;
INSERT INTO course (title, department_ID, credits) VALUES ("Discrete Structures", 3, 17);;
INSERT INTO course (title, department_ID, credits) VALUES ("Elementary Japanese 1", 4, 4);;
INSERT INTO course (title, department_ID, credits) VALUES ("Elementary Japanese 1", 5, 76);;
INSERT INTO course (title, department_ID, credits) VALUES ("CS3", 6, 85);;
INSERT INTO course (title, department_ID, credits) VALUES ("CS4", 7, 65);;
INSERT INTO course (title, department_ID, credits) VALUES ("Intro to Databases", 8, 74);;
INSERT INTO course (title, department_ID, credits) VALUES ("Intro to Databases", 9, 76);;
INSERT INTO course (title, department_ID, credits) VALUES ("CS1", 10, 66);;
INSERT INTO instructor (first_name, last_name, department_ID, salary) VALUES ("Giovanni", "Nesterenko", 1, 445523.44);;
INSERT INTO instructor (first_name, last_name, department_ID, salary) VALUES ("Mikhail", "Kahn", 2, 663139.66);;
INSERT INTO instructor (first_name, last_name, department_ID, salary) VALUES ("Giovanni", "Kahn", 3, 558688.55);;
INSERT INTO instructor (first_name, last_name, department_ID, salary) VALUES ("Giovanni", "Nesterenko", 4, 350966.35);;
INSERT INTO instructor (first_name, last_name, department_ID, salary) VALUES ("Javed", "Nesterenko", 5, 163443.16);;
INSERT INTO instructor (first_name, last_name, department_ID, salary) VALUES ("Javed", "Phares", 6, 792912.79);;
INSERT INTO instructor (first_name, last_name, department_ID, salary) VALUES ("Mikhail", "Kahn", 7, 887996.88);;
INSERT INTO instructor (first_name, last_name, department_ID, salary) VALUES ("Giovanni", "Phares", 8, 249673.24);;
INSERT INTO instructor (first_name, last_name, department_ID, salary) VALUES ("Giovanni", "Phares", 9, 433275.43);;
INSERT INTO instructor (first_name, last_name, department_ID, salary) VALUES ("Giovanni", "Phares", 10, 528739.52);;
INSERT INTO section (course_ID, semester, year, building_ID, time_slot_ID) VALUES (1, "Summer", 1979, 1, 1);;
INSERT INTO section (course_ID, semester, year, building_ID, time_slot_ID) VALUES (2, "Summer", 2096, 2, 2);;
INSERT INTO section (course_ID, semester, year, building_ID, time_slot_ID) VALUES (3, "Winter", 1776, 3, 3);;
INSERT INTO section (course_ID, semester, year, building_ID, time_slot_ID) VALUES (4, "Summer", 1938, 4, 4);;
INSERT INTO section (course_ID, semester, year, building_ID, time_slot_ID) VALUES (5, "Fall", 1900, 5, 5);;
INSERT INTO section (course_ID, semester, year, building_ID, time_slot_ID) VALUES (6, "Fall", 2045, 6, 6);;
INSERT INTO section (course_ID, semester, year, building_ID, time_slot_ID) VALUES (7, "Fall", 1814, 7, 7);;
INSERT INTO section (course_ID, semester, year, building_ID, time_slot_ID) VALUES (8, "Fall", 1957, 8, 8);;
INSERT INTO section (course_ID, semester, year, building_ID, time_slot_ID) VALUES (9, "Winter", 1985, 9, 9);;
INSERT INTO section (course_ID, semester, year, building_ID, time_slot_ID) VALUES (10, "Winter", 2029, 10, 10);;
INSERT INTO student (first_name, last_name, department_ID, total_cred, advisor_ID) VALUES ("Andrew", "Stanberry", 1, 11, 1);;
INSERT INTO student (first_name, last_name, department_ID, total_cred, advisor_ID) VALUES ("Andrew", "Roddy", 2, 228, 2);;
INSERT INTO student (first_name, last_name, department_ID, total_cred, advisor_ID) VALUES ("Logan", "Senol", 3, 134, 3);;
INSERT INTO student (first_name, last_name, department_ID, total_cred, advisor_ID) VALUES ("Caleb", "Senol", 4, 83, 4);;
INSERT INTO student (first_name, last_name, department_ID, total_cred, advisor_ID) VALUES ("Caleb", "Stanberry", 5, 11, 5);;
INSERT INTO student (first_name, last_name, department_ID, total_cred, advisor_ID) VALUES ("Caleb", "Senol", 6, 64, 6);;
INSERT INTO student (first_name, last_name, department_ID, total_cred, advisor_ID) VALUES ("Andrew", "Stanberry", 7, 107, 7);;
INSERT INTO student (first_name, last_name, department_ID, total_cred, advisor_ID) VALUES ("Caleb", "Stanberry", 8, 2, 8);;
INSERT INTO student (first_name, last_name, department_ID, total_cred, advisor_ID) VALUES ("Caleb", "Senol", 9, 13, 9);;
INSERT INTO student (first_name, last_name, department_ID, total_cred, advisor_ID) VALUES ("Logan", "Stanberry", 10, 180, 10);;
>>>>>>> 3c4701f513197fd4658c033c71be0f8805455f7f
INSERT INTO teaches (instructor_ID, section_ID) VALUES (1, 1);;
INSERT INTO teaches (instructor_ID, section_ID) VALUES (2, 2);;
INSERT INTO teaches (instructor_ID, section_ID) VALUES (3, 3);;
INSERT INTO teaches (instructor_ID, section_ID) VALUES (4, 4);;
INSERT INTO teaches (instructor_ID, section_ID) VALUES (5, 5);;
INSERT INTO teaches (instructor_ID, section_ID) VALUES (6, 6);;
INSERT INTO teaches (instructor_ID, section_ID) VALUES (7, 7);;
INSERT INTO teaches (instructor_ID, section_ID) VALUES (8, 8);;
INSERT INTO teaches (instructor_ID, section_ID) VALUES (9, 9);;
INSERT INTO teaches (instructor_ID, section_ID) VALUES (10, 10);;
<<<<<<< HEAD
INSERT INTO takes (student_ID, section_ID, grades) VALUES (1, 1, "B-");;
INSERT INTO takes (student_ID, section_ID, grades) VALUES (2, 2, "A");;
INSERT INTO takes (student_ID, section_ID, grades) VALUES (3, 3, "D+");;
INSERT INTO takes (student_ID, section_ID, grades) VALUES (4, 4, "C-");;
INSERT INTO takes (student_ID, section_ID, grades) VALUES (5, 5, "F");;
INSERT INTO takes (student_ID, section_ID, grades) VALUES (6, 6, "B-");;
INSERT INTO takes (student_ID, section_ID, grades) VALUES (7, 7, "A");;
INSERT INTO takes (student_ID, section_ID, grades) VALUES (8, 8, "A");;
INSERT INTO takes (student_ID, section_ID, grades) VALUES (9, 9, "A-");;
INSERT INTO takes (student_ID, section_ID, grades) VALUES (10, 10, "D");;
=======
INSERT INTO takes (student_ID, section_ID, grades) VALUES (1, 1, "A-");;
INSERT INTO takes (student_ID, section_ID, grades) VALUES (2, 2, "C+");;
INSERT INTO takes (student_ID, section_ID, grades) VALUES (3, 3, "C-");;
INSERT INTO takes (student_ID, section_ID, grades) VALUES (4, 4, "A+");;
INSERT INTO takes (student_ID, section_ID, grades) VALUES (5, 5, "A+");;
INSERT INTO takes (student_ID, section_ID, grades) VALUES (6, 6, "D+");;
INSERT INTO takes (student_ID, section_ID, grades) VALUES (7, 7, "B-");;
INSERT INTO takes (student_ID, section_ID, grades) VALUES (8, 8, "C+");;
INSERT INTO takes (student_ID, section_ID, grades) VALUES (9, 9, "A");;
INSERT INTO takes (student_ID, section_ID, grades) VALUES (10, 10, "A+");;
>>>>>>> 3c4701f513197fd4658c033c71be0f8805455f7f
INSERT INTO advises (student_ID, advisor_ID) VALUES (1, 1);;
INSERT INTO advises (student_ID, advisor_ID) VALUES (2, 2);;
INSERT INTO advises (student_ID, advisor_ID) VALUES (3, 3);;
INSERT INTO advises (student_ID, advisor_ID) VALUES (4, 4);;
INSERT INTO advises (student_ID, advisor_ID) VALUES (5, 5);;
INSERT INTO advises (student_ID, advisor_ID) VALUES (6, 6);;
INSERT INTO advises (student_ID, advisor_ID) VALUES (7, 7);;
INSERT INTO advises (student_ID, advisor_ID) VALUES (8, 8);;
INSERT INTO advises (student_ID, advisor_ID) VALUES (9, 9);;
INSERT INTO advises (student_ID, advisor_ID) VALUES (10, 10);;
INSERT INTO prereq (base_course_ID, requires_course_ID) VALUES (1, 1);;
INSERT INTO prereq (base_course_ID, requires_course_ID) VALUES (2, 2);;
INSERT INTO prereq (base_course_ID, requires_course_ID) VALUES (3, 3);;
INSERT INTO prereq (base_course_ID, requires_course_ID) VALUES (4, 4);;
INSERT INTO prereq (base_course_ID, requires_course_ID) VALUES (5, 5);;
INSERT INTO prereq (base_course_ID, requires_course_ID) VALUES (6, 6);;
INSERT INTO prereq (base_course_ID, requires_course_ID) VALUES (7, 7);;
INSERT INTO prereq (base_course_ID, requires_course_ID) VALUES (8, 8);;
INSERT INTO prereq (base_course_ID, requires_course_ID) VALUES (9, 9);;
INSERT INTO prereq (base_course_ID, requires_course_ID) VALUES (10, 10);;





