INSERT INTO building (building_name) VALUES ("eprHtlXwkylXMZR");;
INSERT INTO building (building_name) VALUES ("neTEWlMypcevzvZ");;
INSERT INTO building (building_name) VALUES ("JHYnpzhbdgcTCDQ");;
INSERT INTO building (building_name) VALUES ("VInXpDGyatHrLyG");;
INSERT INTO building (building_name) VALUES ("yoaQpbjurpuiimW");;
INSERT INTO building (building_name) VALUES ("EvfCOuLVbQZbwZj");;
INSERT INTO building (building_name) VALUES ("sKGRnLOWxFdmOri");;
INSERT INTO building (building_name) VALUES ("ZPAGMQCiSmfkDZv");;
INSERT INTO building (building_name) VALUES ("xTrNRJXnGOimaBI");;
INSERT INTO building (building_name) VALUES ("phtlVumPQQMETeI");;
INSERT INTO classroom (building_ID, room_number, capacity) VALUES (1, 376, 8151);;
INSERT INTO classroom (building_ID, room_number, capacity) VALUES (2, 720, 6095);;
INSERT INTO classroom (building_ID, room_number, capacity) VALUES (3, 592, 7902);;
INSERT INTO classroom (building_ID, room_number, capacity) VALUES (4, 246, 7144);;
INSERT INTO classroom (building_ID, room_number, capacity) VALUES (5, 559, 3517);;
INSERT INTO classroom (building_ID, room_number, capacity) VALUES (6, 374, 3467);;
INSERT INTO classroom (building_ID, room_number, capacity) VALUES (7, 942, 927);;
INSERT INTO classroom (building_ID, room_number, capacity) VALUES (8, 692, 9462);;
INSERT INTO classroom (building_ID, room_number, capacity) VALUES (9, 916, 3128);;
INSERT INTO classroom (building_ID, room_number, capacity) VALUES (10, 670, 8071);;
INSERT INTO department (department_name, building_ID, budget) VALUES ("CS", 1, 2409968191.24);;
INSERT INTO department (department_name, building_ID, budget) VALUES ("BIO", 2, 5789070941.57);;
INSERT INTO department (department_name, building_ID, budget) VALUES ("MATH", 3, 4245324030.42);;
INSERT INTO department (department_name, building_ID, budget) VALUES ("CHEM", 4, 9072827595.90);;
INSERT INTO department (department_name, building_ID, budget) VALUES ("NURS", 5, 4001772066.40);;
INSERT INTO department (department_name, building_ID, budget) VALUES ("PHYS", 6, 3691041712.36);;
INSERT INTO department (department_name, building_ID, budget) VALUES ("ENGL", 7, 6196717168.61);;
INSERT INTO department (department_name, building_ID, budget) VALUES ("FRNC", 8, 6667596609.66);;
INSERT INTO department (department_name, building_ID, budget) VALUES ("JAPN", 9, 6802828053.68);;
INSERT INTO department (department_name, building_ID, budget) VALUES ("BOTN", 10, 7526633156.75);;
INSERT INTO time_slot (day, start_hr, start_min, end_hr, end_min) VALUES ("H", 15, 15, 11, 53);;
INSERT INTO time_slot (day, start_hr, start_min, end_hr, end_min) VALUES ("W", 14, 13, 14, 26);;
INSERT INTO time_slot (day, start_hr, start_min, end_hr, end_min) VALUES ("T", 4, 36, 5, 33);;
INSERT INTO time_slot (day, start_hr, start_min, end_hr, end_min) VALUES ("F", 4, 9, 5, 11);;
INSERT INTO time_slot (day, start_hr, start_min, end_hr, end_min) VALUES ("M", 10, 42, 9, 48);;
INSERT INTO time_slot (day, start_hr, start_min, end_hr, end_min) VALUES ("T", 12, 37, 6, 48);;
INSERT INTO time_slot (day, start_hr, start_min, end_hr, end_min) VALUES ("W", 21, 48, 12, 18);;
INSERT INTO time_slot (day, start_hr, start_min, end_hr, end_min) VALUES ("T", 21, 17, 1, 52);;
INSERT INTO time_slot (day, start_hr, start_min, end_hr, end_min) VALUES ("F", 4, 54, 2, 5);;
INSERT INTO time_slot (day, start_hr, start_min, end_hr, end_min) VALUES ("M", 9, 38, 0, 6);;
INSERT INTO account (username, password, role) VALUES ("ygiOCctaxlfGDdmapUbt", "AnTcntyEVIvFvcLePixj", "Student");;
INSERT INTO account (username, password, role) VALUES ("wYoIWuiOFNRDYnkcRDia", "NkriwnhoVoBMQaKmmLMr", "Administrator");;
INSERT INTO account (username, password, role) VALUES ("aTmWPBBxgitvCkSfvwzr", "tMIuiwPFXqCpUAzGRANA", "Administrator");;
INSERT INTO account (username, password, role) VALUES ("JQleOHPmMoajblzRKqix", "GGCcavxgKGfQcATrqZxn", "Administrator");;
INSERT INTO account (username, password, role) VALUES ("RVCbpVnjNCWrXwcsuAAL", "pEGJmFrQwIiRPqQNjnsC", "Administrator");;
INSERT INTO account (username, password, role) VALUES ("LFWfGpixpGhpyeesAipu", "XCxALNqmyisoiQvnwFzo", "Instructor");;
INSERT INTO account (username, password, role) VALUES ("piBVNECyOiGDcpsYqgnJ", "xhPfAuQBODFhhTBsEglT", "Administrator");;
INSERT INTO account (username, password, role) VALUES ("LSUdOdXLyNorhRBSOqZO", "VrTEXVUiSvMgWsuTURNF", "Administrator");;
INSERT INTO account (username, password, role) VALUES ("FzYOMueNddjGRmxjoEOb", "PdEpqqYrJvTrtwRtmVWZ", "Administrator");;
INSERT INTO account (username, password, role) VALUES ("ukszCpWwhLZitCyviWou", "aQmORGMdzrKPZPGFrICH", "Instructor");;
INSERT INTO advisor (first_name, last_name, department_ID) VALUES ("Joseph", "Redy", 1);;
INSERT INTO advisor (first_name, last_name, department_ID) VALUES ("Joseph", "Raklovits", 2);;
INSERT INTO advisor (first_name, last_name, department_ID) VALUES ("Tommy", "So", 3);;
INSERT INTO advisor (first_name, last_name, department_ID) VALUES ("TJ", "Smith", 4);;
INSERT INTO advisor (first_name, last_name, department_ID) VALUES ("Leah", "So", 5);;
INSERT INTO advisor (first_name, last_name, department_ID) VALUES ("Craig", "Johnson", 6);;
INSERT INTO advisor (first_name, last_name, department_ID) VALUES ("Leah", "Morneweck", 7);;
INSERT INTO advisor (first_name, last_name, department_ID) VALUES ("Tommy", "So", 8);;
INSERT INTO advisor (first_name, last_name, department_ID) VALUES ("Leah", "Morneweck", 9);;
INSERT INTO advisor (first_name, last_name, department_ID) VALUES ("Tommy", "So", 10);;
INSERT INTO course (title, department_ID, credits) VALUES ("Discrete Structures", 1, 42);;
INSERT INTO course (title, department_ID, credits) VALUES ("CS2", 2, 21);;
INSERT INTO course (title, department_ID, credits) VALUES ("CS4", 3, 13);;
INSERT INTO course (title, department_ID, credits) VALUES ("CS4", 4, 18);;
INSERT INTO course (title, department_ID, credits) VALUES ("Discrete Structures", 5, 36);;
INSERT INTO course (title, department_ID, credits) VALUES ("Intro to Databases", 6, 48);;
INSERT INTO course (title, department_ID, credits) VALUES ("CS4", 7, 6);;
INSERT INTO course (title, department_ID, credits) VALUES ("CS3", 8, 71);;
INSERT INTO course (title, department_ID, credits) VALUES ("CS4", 9, 62);;
INSERT INTO course (title, department_ID, credits) VALUES ("Elementary Japanese 1", 10, 97);;
INSERT INTO instructor (first_name, last_name, department_ID, salary) VALUES ("Giovanni", "Kahn", 1, 445674.44);;
INSERT INTO instructor (first_name, last_name, department_ID, salary) VALUES ("Javed", "Kahn", 2, 499216.49);;
INSERT INTO instructor (first_name, last_name, department_ID, salary) VALUES ("Giovanni", "Kahn", 3, 152418.15);;
INSERT INTO instructor (first_name, last_name, department_ID, salary) VALUES ("Javed", "Phares", 4, 323373.32);;
INSERT INTO instructor (first_name, last_name, department_ID, salary) VALUES ("Mikhail", "Nesterenko", 5, 771709.77);;
INSERT INTO instructor (first_name, last_name, department_ID, salary) VALUES ("Javed", "Nesterenko", 6, 194760.19);;
INSERT INTO instructor (first_name, last_name, department_ID, salary) VALUES ("Giovanni", "Nesterenko", 7, 895680.89);;
INSERT INTO instructor (first_name, last_name, department_ID, salary) VALUES ("Giovanni", "Nesterenko", 8, 581686.58);;
INSERT INTO instructor (first_name, last_name, department_ID, salary) VALUES ("Javed", "Kahn", 9, 681504.68);;
INSERT INTO instructor (first_name, last_name, department_ID, salary) VALUES ("Mikhail", "Nesterenko", 10, 207805.20);;
INSERT INTO section (course_ID, semester, year, building_ID, time_slot_ID) VALUES (1, "Summer", 2096, 1, 1);;
INSERT INTO section (course_ID, semester, year, building_ID, time_slot_ID) VALUES (2, "Summer", 1842, 2, 2);;
INSERT INTO section (course_ID, semester, year, building_ID, time_slot_ID) VALUES (3, "Summer", 1843, 3, 3);;
INSERT INTO section (course_ID, semester, year, building_ID, time_slot_ID) VALUES (4, "Winter", 1844, 4, 4);;
INSERT INTO section (course_ID, semester, year, building_ID, time_slot_ID) VALUES (5, "Spring", 2031, 5, 5);;
INSERT INTO section (course_ID, semester, year, building_ID, time_slot_ID) VALUES (6, "Fall", 1876, 6, 6);;
INSERT INTO section (course_ID, semester, year, building_ID, time_slot_ID) VALUES (7, "Winter", 1920, 7, 7);;
INSERT INTO section (course_ID, semester, year, building_ID, time_slot_ID) VALUES (8, "Summer", 2074, 8, 8);;
INSERT INTO section (course_ID, semester, year, building_ID, time_slot_ID) VALUES (9, "Winter", 1738, 9, 9);;
INSERT INTO section (course_ID, semester, year, building_ID, time_slot_ID) VALUES (10, "Fall", 1809, 10, 10);;
INSERT INTO student (first_name, last_name, department_ID, total_cred, advisor_ID) VALUES ("Logan", "Senol", 1, 168, 1);;
INSERT INTO student (first_name, last_name, department_ID, total_cred, advisor_ID) VALUES ("Andrew", "Stanberry", 2, 125, 2);;
INSERT INTO student (first_name, last_name, department_ID, total_cred, advisor_ID) VALUES ("Andrew", "Roddy", 3, 168, 3);;
INSERT INTO student (first_name, last_name, department_ID, total_cred, advisor_ID) VALUES ("Logan", "Stanberry", 4, 2, 4);;
INSERT INTO student (first_name, last_name, department_ID, total_cred, advisor_ID) VALUES ("Andrew", "Senol", 5, 74, 5);;
INSERT INTO student (first_name, last_name, department_ID, total_cred, advisor_ID) VALUES ("Caleb", "Roddy", 6, 130, 6);;
INSERT INTO student (first_name, last_name, department_ID, total_cred, advisor_ID) VALUES ("Caleb", "Stanberry", 7, 226, 7);;
INSERT INTO student (first_name, last_name, department_ID, total_cred, advisor_ID) VALUES ("Logan", "Senol", 8, 143, 8);;
INSERT INTO student (first_name, last_name, department_ID, total_cred, advisor_ID) VALUES ("Andrew", "Roddy", 9, 48, 9);;
INSERT INTO student (first_name, last_name, department_ID, total_cred, advisor_ID) VALUES ("Andrew", "Senol", 10, 198, 10);;
INSERT INTO teaches (instructor_ID, section_ID) VALUES (1, 1);;
INSERT INTO teaches (instructor_ID, section_ID) VALUES (2, 2);;
INSERT INTO teaches (instructor_ID, section_ID) VALUES (3, 3);;
INSERT INTO teaches (instructor_ID, section_ID) VALUES (4, 4);;
INSERT INTO teaches (instructor_ID, section_ID) VALUES (5, 5);;
INSERT INTO teaches (instructor_ID, section_ID) VALUES (6, 6);;
INSERT INTO teaches (instructor_ID, section_ID) VALUES (7, 7);;
INSERT INTO teaches (instructor_ID, section_ID) VALUES (8, 8);;
INSERT INTO teaches (instructor_ID, section_ID) VALUES (9, 9);;
INSERT INTO teaches (instructor_ID, section_ID) VALUES (10, 10);;
INSERT INTO takes (student_ID, section_ID, grades) VALUES (1, 1, "A+");;
INSERT INTO takes (student_ID, section_ID, grades) VALUES (2, 2, "C-");;
INSERT INTO takes (student_ID, section_ID, grades) VALUES (3, 3, "D");;
INSERT INTO takes (student_ID, section_ID, grades) VALUES (4, 4, "A");;
INSERT INTO takes (student_ID, section_ID, grades) VALUES (5, 5, "C+");;
INSERT INTO takes (student_ID, section_ID, grades) VALUES (6, 6, "A+");;
INSERT INTO takes (student_ID, section_ID, grades) VALUES (7, 7, "C+");;
INSERT INTO takes (student_ID, section_ID, grades) VALUES (8, 8, "B");;
INSERT INTO takes (student_ID, section_ID, grades) VALUES (9, 9, "B+");;
INSERT INTO takes (student_ID, section_ID, grades) VALUES (10, 10, "C-");;
INSERT INTO advises (student_ID, advisor_ID) VALUES (1, 1);;
INSERT INTO advises (student_ID, advisor_ID) VALUES (2, 2);;
INSERT INTO advises (student_ID, advisor_ID) VALUES (3, 3);;
INSERT INTO advises (student_ID, advisor_ID) VALUES (4, 4);;
INSERT INTO advises (student_ID, advisor_ID) VALUES (5, 5);;
INSERT INTO advises (student_ID, advisor_ID) VALUES (6, 6);;
INSERT INTO advises (student_ID, advisor_ID) VALUES (7, 7);;
INSERT INTO advises (student_ID, advisor_ID) VALUES (8, 8);;
INSERT INTO advises (student_ID, advisor_ID) VALUES (9, 9);;
INSERT INTO advises (student_ID, advisor_ID) VALUES (10, 10);;
INSERT INTO prereq (base_course_ID, requires_course_ID) VALUES (1, 1);;
INSERT INTO prereq (base_course_ID, requires_course_ID) VALUES (2, 2);;
INSERT INTO prereq (base_course_ID, requires_course_ID) VALUES (3, 3);;
INSERT INTO prereq (base_course_ID, requires_course_ID) VALUES (4, 4);;
INSERT INTO prereq (base_course_ID, requires_course_ID) VALUES (5, 5);;
INSERT INTO prereq (base_course_ID, requires_course_ID) VALUES (6, 6);;
INSERT INTO prereq (base_course_ID, requires_course_ID) VALUES (7, 7);;
INSERT INTO prereq (base_course_ID, requires_course_ID) VALUES (8, 8);;
INSERT INTO prereq (base_course_ID, requires_course_ID) VALUES (9, 9);;
INSERT INTO prereq (base_course_ID, requires_course_ID) VALUES (10, 10);;
