INSERT INTO building (building_name) VALUES ("Smith");;
INSERT INTO building (building_name) VALUES ("Smith");;
INSERT INTO building (building_name) VALUES ("Smith");;
INSERT INTO building (building_name) VALUES ("MSB");;
INSERT INTO building (building_name) VALUES ("MSB");;
INSERT INTO building (building_name) VALUES ("White");;
INSERT INTO building (building_name) VALUES ("Smith");;
INSERT INTO building (building_name) VALUES ("Smith");;
INSERT INTO building (building_name) VALUES ("White");;
INSERT INTO building (building_name) VALUES ("DI");;
INSERT INTO classroom (building_ID, room_number, capacity) VALUES (1, 590, 7590);;
INSERT INTO classroom (building_ID, room_number, capacity) VALUES (2, 936, 6296);;
INSERT INTO classroom (building_ID, room_number, capacity) VALUES (3, 918, 3566);;
INSERT INTO classroom (building_ID, room_number, capacity) VALUES (4, 408, 395);;
INSERT INTO classroom (building_ID, room_number, capacity) VALUES (5, 744, 5955);;
INSERT INTO classroom (building_ID, room_number, capacity) VALUES (6, 204, 1151);;
INSERT INTO classroom (building_ID, room_number, capacity) VALUES (7, 769, 7725);;
INSERT INTO classroom (building_ID, room_number, capacity) VALUES (8, 64, 3920);;
INSERT INTO classroom (building_ID, room_number, capacity) VALUES (9, 885, 6971);;
INSERT INTO classroom (building_ID, room_number, capacity) VALUES (10, 14, 8596);;
INSERT INTO department (department_name, building_ID, budget) VALUES ("CS", 1, 1454171114.14);;
INSERT INTO department (department_name, building_ID, budget) VALUES ("BIO", 2, 3950401411.39);;
INSERT INTO department (department_name, building_ID, budget) VALUES ("MATH", 3, 3474633638.34);;
INSERT INTO department (department_name, building_ID, budget) VALUES ("CHEM", 4, 1920685152.19);;
INSERT INTO department (department_name, building_ID, budget) VALUES ("NURS", 5, 6183426270.61);;
INSERT INTO department (department_name, building_ID, budget) VALUES ("PHYS", 6, 8148548013.81);;
INSERT INTO department (department_name, building_ID, budget) VALUES ("ENGL", 7, 9037775813.90);;
INSERT INTO department (department_name, building_ID, budget) VALUES ("FRNC", 8, 9438122493.94);;
INSERT INTO department (department_name, building_ID, budget) VALUES ("JAPN", 9, 7597225381.75);;
INSERT INTO department (department_name, building_ID, budget) VALUES ("BOTN", 10, 6263527527.62);;
INSERT INTO time_slot (day, start_hr, start_min, end_hr, end_min) VALUES ("F", 9, 36, 15, 15);;
INSERT INTO time_slot (day, start_hr, start_min, end_hr, end_min) VALUES ("T", 18, 44, 16, 31);;
INSERT INTO time_slot (day, start_hr, start_min, end_hr, end_min) VALUES ("M", 19, 5, 18, 20);;
INSERT INTO time_slot (day, start_hr, start_min, end_hr, end_min) VALUES ("F", 23, 20, 21, 3);;
INSERT INTO time_slot (day, start_hr, start_min, end_hr, end_min) VALUES ("H", 23, 58, 5, 22);;
INSERT INTO time_slot (day, start_hr, start_min, end_hr, end_min) VALUES ("M", 0, 21, 5, 53);;
INSERT INTO time_slot (day, start_hr, start_min, end_hr, end_min) VALUES ("W", 21, 2, 4, 59);;
INSERT INTO time_slot (day, start_hr, start_min, end_hr, end_min) VALUES ("F", 14, 53, 14, 47);;
INSERT INTO time_slot (day, start_hr, start_min, end_hr, end_min) VALUES ("W", 22, 17, 0, 4);;
INSERT INTO time_slot (day, start_hr, start_min, end_hr, end_min) VALUES ("F", 21, 6, 14, 23);;
INSERT INTO account (username, password, role) VALUES ("SuperCool", "DrewPass99", "Student");;
INSERT INTO account (username, password, role) VALUES ("OrangeMan", "FavoriteColor", "Student");;
INSERT INTO account (username, password, role) VALUES ("aroddy", "123892138", "Student");;
INSERT INTO account (username, password, role) VALUES ("DrMario", "Linkus", "Administrator");;
INSERT INTO account (username, password, role) VALUES ("Ganondworf", "Coolest!", "Instructor");;
INSERT INTO account (username, password, role) VALUES ("OrangeMan", "123892138", "Administrator");;
INSERT INTO account (username, password, role) VALUES ("Ganondworf", "FavoriteColor", "Instructor");;
INSERT INTO account (username, password, role) VALUES ("SuperCool", "FavoriteColor", "Administrator");;
INSERT INTO account (username, password, role) VALUES ("coolGuy77", "GannonGannon88", "Instructor");;
INSERT INTO account (username, password, role) VALUES ("Caleb999", "Coolest!", "Administrator");;
INSERT INTO advisor (first_name, last_name, department_ID) VALUES ("TJ", "Morneweck", 1);;
INSERT INTO advisor (first_name, last_name, department_ID) VALUES ("Thomas", "Raklovits", 2);;
INSERT INTO advisor (first_name, last_name, department_ID) VALUES ("Leah", "Redy", 3);;
INSERT INTO advisor (first_name, last_name, department_ID) VALUES ("TJ", "Redy", 4);;
INSERT INTO advisor (first_name, last_name, department_ID) VALUES ("TJ", "Redy", 5);;
INSERT INTO advisor (first_name, last_name, department_ID) VALUES ("Joseph", "Johnson", 6);;
INSERT INTO advisor (first_name, last_name, department_ID) VALUES ("TJ", "Redy", 7);;
INSERT INTO advisor (first_name, last_name, department_ID) VALUES ("TJ", "Morneweck", 8);;
INSERT INTO advisor (first_name, last_name, department_ID) VALUES ("Joseph", "Raklovits", 9);;
INSERT INTO advisor (first_name, last_name, department_ID) VALUES ("TJ", "Smith", 10);;
INSERT INTO course (title, department_ID, credits) VALUES ("Discrete Structures", 1, 44);;
INSERT INTO course (title, department_ID, credits) VALUES ("CS1", 2, 53);;
INSERT INTO course (title, department_ID, credits) VALUES ("CS4", 3, 93);;
INSERT INTO course (title, department_ID, credits) VALUES ("CS4", 4, 26);;
INSERT INTO course (title, department_ID, credits) VALUES ("CS2", 5, 7);;
INSERT INTO course (title, department_ID, credits) VALUES ("CS4", 6, 88);;
INSERT INTO course (title, department_ID, credits) VALUES ("Elementary Japanese 1", 7, 66);;
INSERT INTO course (title, department_ID, credits) VALUES ("Discrete Structures", 8, 49);;
INSERT INTO course (title, department_ID, credits) VALUES ("CS3", 9, 86);;
INSERT INTO course (title, department_ID, credits) VALUES ("Intro to Databases", 10, 63);;
INSERT INTO instructor (first_name, last_name, department_ID, salary) VALUES ("Giovanni", "Phares", 1, 226195.22);;
INSERT INTO instructor (first_name, last_name, department_ID, salary) VALUES ("Javed", "Phares", 2, 380107.38);;
INSERT INTO instructor (first_name, last_name, department_ID, salary) VALUES ("Mikhail", "Nesterenko", 3, 648984.64);;
INSERT INTO instructor (first_name, last_name, department_ID, salary) VALUES ("Giovanni", "Nesterenko", 4, 524313.52);;
INSERT INTO instructor (first_name, last_name, department_ID, salary) VALUES ("Giovanni", "Kahn", 5, 656106.65);;
INSERT INTO instructor (first_name, last_name, department_ID, salary) VALUES ("Javed", "Kahn", 6, 937078.93);;
INSERT INTO instructor (first_name, last_name, department_ID, salary) VALUES ("Javed", "Phares", 7, 716984.71);;
INSERT INTO instructor (first_name, last_name, department_ID, salary) VALUES ("Javed", "Nesterenko", 8, 577544.57);;
INSERT INTO instructor (first_name, last_name, department_ID, salary) VALUES ("Mikhail", "Nesterenko", 9, 686018.68);;
INSERT INTO instructor (first_name, last_name, department_ID, salary) VALUES ("Javed", "Nesterenko", 10, 606909.60);;
INSERT INTO section (course_ID, semester, year, building_ID, time_slot_ID) VALUES (1, "Winter", 2012, 1, 1);;
INSERT INTO section (course_ID, semester, year, building_ID, time_slot_ID) VALUES (2, "Spring", 1862, 2, 2);;
INSERT INTO section (course_ID, semester, year, building_ID, time_slot_ID) VALUES (3, "Spring", 1892, 3, 3);;
INSERT INTO section (course_ID, semester, year, building_ID, time_slot_ID) VALUES (4, "Winter", 1732, 4, 4);;
INSERT INTO section (course_ID, semester, year, building_ID, time_slot_ID) VALUES (5, "Spring", 1878, 5, 5);;
INSERT INTO section (course_ID, semester, year, building_ID, time_slot_ID) VALUES (6, "Winter", 1804, 6, 6);;
INSERT INTO section (course_ID, semester, year, building_ID, time_slot_ID) VALUES (7, "Summer", 1963, 7, 7);;
INSERT INTO section (course_ID, semester, year, building_ID, time_slot_ID) VALUES (8, "Winter", 1725, 8, 8);;
INSERT INTO section (course_ID, semester, year, building_ID, time_slot_ID) VALUES (9, "Spring", 1843, 9, 9);;
INSERT INTO section (course_ID, semester, year, building_ID, time_slot_ID) VALUES (10, "Spring", 1711, 10, 10);;
INSERT INTO student (first_name, last_name, department_ID, total_cred, advisor_ID) VALUES ("Andrew", "Senol", 1, 61, 1);;
INSERT INTO student (first_name, last_name, department_ID, total_cred, advisor_ID) VALUES ("Caleb", "Stanberry", 2, 43, 2);;
INSERT INTO student (first_name, last_name, department_ID, total_cred, advisor_ID) VALUES ("Caleb", "Roddy", 3, 158, 3);;
INSERT INTO student (first_name, last_name, department_ID, total_cred, advisor_ID) VALUES ("Logan", "Senol", 4, 54, 4);;
INSERT INTO student (first_name, last_name, department_ID, total_cred, advisor_ID) VALUES ("Andrew", "Roddy", 5, 102, 5);;
INSERT INTO student (first_name, last_name, department_ID, total_cred, advisor_ID) VALUES ("Caleb", "Senol", 6, 148, 6);;
INSERT INTO student (first_name, last_name, department_ID, total_cred, advisor_ID) VALUES ("Caleb", "Senol", 7, 72, 7);;
INSERT INTO student (first_name, last_name, department_ID, total_cred, advisor_ID) VALUES ("Andrew", "Roddy", 8, 105, 8);;
INSERT INTO student (first_name, last_name, department_ID, total_cred, advisor_ID) VALUES ("Andrew", "Stanberry", 9, 9, 9);;
INSERT INTO student (first_name, last_name, department_ID, total_cred, advisor_ID) VALUES ("Caleb", "Senol", 10, 172, 10);;
INSERT INTO teaches (instructor_ID, section_ID) VALUES (1, 1);;
INSERT INTO teaches (instructor_ID, section_ID) VALUES (2, 2);;
INSERT INTO teaches (instructor_ID, section_ID) VALUES (3, 3);;
INSERT INTO teaches (instructor_ID, section_ID) VALUES (4, 4);;
INSERT INTO teaches (instructor_ID, section_ID) VALUES (5, 5);;
INSERT INTO teaches (instructor_ID, section_ID) VALUES (6, 6);;
INSERT INTO teaches (instructor_ID, section_ID) VALUES (7, 7);;
INSERT INTO teaches (instructor_ID, section_ID) VALUES (8, 8);;
INSERT INTO teaches (instructor_ID, section_ID) VALUES (9, 9);;
INSERT INTO teaches (instructor_ID, section_ID) VALUES (10, 10);;
INSERT INTO takes (student_ID, section_ID, grades) VALUES (1, 1, "D-");;
INSERT INTO takes (student_ID, section_ID, grades) VALUES (2, 2, "D-");;
INSERT INTO takes (student_ID, section_ID, grades) VALUES (3, 3, "A-");;
INSERT INTO takes (student_ID, section_ID, grades) VALUES (4, 4, "B-");;
INSERT INTO takes (student_ID, section_ID, grades) VALUES (5, 5, "B+");;
INSERT INTO takes (student_ID, section_ID, grades) VALUES (6, 6, "A+");;
INSERT INTO takes (student_ID, section_ID, grades) VALUES (7, 7, "D");;
INSERT INTO takes (student_ID, section_ID, grades) VALUES (8, 8, "A-");;
INSERT INTO takes (student_ID, section_ID, grades) VALUES (9, 9, "A+");;
INSERT INTO takes (student_ID, section_ID, grades) VALUES (10, 10, "C+");;
INSERT INTO advises (student_ID, advisor_ID) VALUES (1, 1);;
INSERT INTO advises (student_ID, advisor_ID) VALUES (2, 2);;
INSERT INTO advises (student_ID, advisor_ID) VALUES (3, 3);;
INSERT INTO advises (student_ID, advisor_ID) VALUES (4, 4);;
INSERT INTO advises (student_ID, advisor_ID) VALUES (5, 5);;
INSERT INTO advises (student_ID, advisor_ID) VALUES (6, 6);;
INSERT INTO advises (student_ID, advisor_ID) VALUES (7, 7);;
INSERT INTO advises (student_ID, advisor_ID) VALUES (8, 8);;
INSERT INTO advises (student_ID, advisor_ID) VALUES (9, 9);;
INSERT INTO advises (student_ID, advisor_ID) VALUES (10, 10);;
INSERT INTO prereq (base_course_ID, requires_course_ID) VALUES (1, 1);;
INSERT INTO prereq (base_course_ID, requires_course_ID) VALUES (2, 2);;
INSERT INTO prereq (base_course_ID, requires_course_ID) VALUES (3, 3);;
INSERT INTO prereq (base_course_ID, requires_course_ID) VALUES (4, 4);;
INSERT INTO prereq (base_course_ID, requires_course_ID) VALUES (5, 5);;
INSERT INTO prereq (base_course_ID, requires_course_ID) VALUES (6, 6);;
INSERT INTO prereq (base_course_ID, requires_course_ID) VALUES (7, 7);;
INSERT INTO prereq (base_course_ID, requires_course_ID) VALUES (8, 8);;
INSERT INTO prereq (base_course_ID, requires_course_ID) VALUES (9, 9);;
INSERT INTO prereq (base_course_ID, requires_course_ID) VALUES (10, 10);;
