INSERT INTO building (building_name) VALUES ("DI");;
INSERT INTO building (building_name) VALUES ("White");;
INSERT INTO building (building_name) VALUES ("Smith");;
INSERT INTO building (building_name) VALUES ("White");;
INSERT INTO building (building_name) VALUES ("White");;
INSERT INTO building (building_name) VALUES ("White");;
INSERT INTO building (building_name) VALUES ("Smith");;
INSERT INTO building (building_name) VALUES ("DI");;
INSERT INTO building (building_name) VALUES ("Smith");;
INSERT INTO building (building_name) VALUES ("DI");;
INSERT INTO classroom (building_ID, room_number, capacity) VALUES (1, 789, 1177);;
INSERT INTO classroom (building_ID, room_number, capacity) VALUES (2, 406, 5201);;
INSERT INTO classroom (building_ID, room_number, capacity) VALUES (3, 663, 4314);;
INSERT INTO classroom (building_ID, room_number, capacity) VALUES (4, 891, 4360);;
INSERT INTO classroom (building_ID, room_number, capacity) VALUES (5, 670, 4847);;
INSERT INTO classroom (building_ID, room_number, capacity) VALUES (6, 183, 3741);;
INSERT INTO classroom (building_ID, room_number, capacity) VALUES (7, 971, 4198);;
INSERT INTO classroom (building_ID, room_number, capacity) VALUES (8, 974, 2241);;
INSERT INTO classroom (building_ID, room_number, capacity) VALUES (9, 515, 8236);;
INSERT INTO classroom (building_ID, room_number, capacity) VALUES (10, 848, 6492);;
INSERT INTO department (department_name, building_ID, budget) VALUES ("CS", 1, 8665490262.86);;
INSERT INTO department (department_name, building_ID, budget) VALUES ("BIO", 2, 2110127710.21);;
INSERT INTO department (department_name, building_ID, budget) VALUES ("MATH", 3, 7431172954.74);;
INSERT INTO department (department_name, building_ID, budget) VALUES ("CHEM", 4, 1892028287.18);;
INSERT INTO department (department_name, building_ID, budget) VALUES ("NURS", 5, 5891815302.58);;
INSERT INTO department (department_name, building_ID, budget) VALUES ("PHYS", 6, 1401769293.14);;
INSERT INTO department (department_name, building_ID, budget) VALUES ("ENGL", 7, 1970960996.19);;
INSERT INTO department (department_name, building_ID, budget) VALUES ("FRNC", 8, 2697045215.26);;
INSERT INTO department (department_name, building_ID, budget) VALUES ("JAPN", 9, 7985437280.79);;
INSERT INTO department (department_name, building_ID, budget) VALUES ("BOTN", 10, 9239321355.92);;
INSERT INTO time_slot (day, start_hr, start_min, end_hr, end_min) VALUES ("W", 0, 57, 3, 57);;
INSERT INTO time_slot (day, start_hr, start_min, end_hr, end_min) VALUES ("H", 11, 24, 9, 21);;
INSERT INTO time_slot (day, start_hr, start_min, end_hr, end_min) VALUES ("W", 7, 38, 7, 31);;
INSERT INTO time_slot (day, start_hr, start_min, end_hr, end_min) VALUES ("M", 17, 9, 11, 42);;
INSERT INTO time_slot (day, start_hr, start_min, end_hr, end_min) VALUES ("W", 13, 56, 11, 21);;
INSERT INTO time_slot (day, start_hr, start_min, end_hr, end_min) VALUES ("W", 8, 19, 3, 21);;
INSERT INTO time_slot (day, start_hr, start_min, end_hr, end_min) VALUES ("W", 1, 3, 20, 52);;
INSERT INTO time_slot (day, start_hr, start_min, end_hr, end_min) VALUES ("F", 10, 43, 9, 27);;
INSERT INTO time_slot (day, start_hr, start_min, end_hr, end_min) VALUES ("F", 20, 24, 22, 52);;
INSERT INTO time_slot (day, start_hr, start_min, end_hr, end_min) VALUES ("M", 12, 44, 16, 8);;
INSERT INTO account (username, password, role) VALUES ("aroddy", "RealDoctor3626", "Administrator");;
INSERT INTO account (username, password, role) VALUES ("Drew2000", "DrewPass99", "Student");;
INSERT INTO account (username, password, role) VALUES ("Ganondworf", "Drop73Drop12!", "Instructor");;
INSERT INTO account (username, password, role) VALUES ("DrMario", "123892138", "Instructor");;
INSERT INTO account (username, password, role) VALUES ("Link", "GannonGannon88", "Student");;
INSERT INTO account (username, password, role) VALUES ("Caleb999", "Coolest!", "Instructor");;
INSERT INTO account (username, password, role) VALUES ("coolGuy77", "Linkus", "Administrator");;
INSERT INTO account (username, password, role) VALUES ("dropKick2000", "TrulyCool2003", "Administrator");;
INSERT INTO account (username, password, role) VALUES ("OrangeMan", "FavoriteColor", "Instructor");;
INSERT INTO account (username, password, role) VALUES ("SuperCool", "CalebCalebCaleb", "Student");;
INSERT INTO advisor (first_name, last_name, department_ID) VALUES ("Craig", "Smith", 1);;
INSERT INTO advisor (first_name, last_name, department_ID) VALUES ("Craig", "Morneweck", 2);;
INSERT INTO advisor (first_name, last_name, department_ID) VALUES ("Joseph", "Redy", 3);;
INSERT INTO advisor (first_name, last_name, department_ID) VALUES ("Tommy", "Morneweck", 4);;
INSERT INTO advisor (first_name, last_name, department_ID) VALUES ("Joseph", "Morneweck", 5);;
INSERT INTO advisor (first_name, last_name, department_ID) VALUES ("Tommy", "So", 6);;
INSERT INTO advisor (first_name, last_name, department_ID) VALUES ("Craig", "Raklovits", 7);;
INSERT INTO advisor (first_name, last_name, department_ID) VALUES ("Thomas", "Raklovits", 8);;
INSERT INTO advisor (first_name, last_name, department_ID) VALUES ("Leah", "Raklovits", 9);;
INSERT INTO advisor (first_name, last_name, department_ID) VALUES ("Joseph", "Raklovits", 10);;
INSERT INTO course (title, department_ID, credits) VALUES ("CS1", 1, 22);;
INSERT INTO course (title, department_ID, credits) VALUES ("Elementary Japanese 1", 2, 68);;
INSERT INTO course (title, department_ID, credits) VALUES ("CS1", 3, 87);;
INSERT INTO course (title, department_ID, credits) VALUES ("Elementary Japanese 1", 4, 98);;
INSERT INTO course (title, department_ID, credits) VALUES ("CS2", 5, 82);;
INSERT INTO course (title, department_ID, credits) VALUES ("CS1", 6, 28);;
INSERT INTO course (title, department_ID, credits) VALUES ("Intro to Databases", 7, 12);;
INSERT INTO course (title, department_ID, credits) VALUES ("Intro to Databases", 8, 28);;
INSERT INTO course (title, department_ID, credits) VALUES ("Discrete Structures", 9, 57);;
INSERT INTO course (title, department_ID, credits) VALUES ("CS4", 10, 25);;
INSERT INTO instructor (first_name, last_name, department_ID, salary) VALUES ("Giovanni", "Phares", 1, 896269.89);;
INSERT INTO instructor (first_name, last_name, department_ID, salary) VALUES ("Mikhail", "Kahn", 2, 683171.68);;
INSERT INTO instructor (first_name, last_name, department_ID, salary) VALUES ("Mikhail", "Phares", 3, 810486.81);;
INSERT INTO instructor (first_name, last_name, department_ID, salary) VALUES ("Giovanni", "Nesterenko", 4, 923645.92);;
INSERT INTO instructor (first_name, last_name, department_ID, salary) VALUES ("Mikhail", "Nesterenko", 5, 647529.64);;
INSERT INTO instructor (first_name, last_name, department_ID, salary) VALUES ("Giovanni", "Phares", 6, 103841.10);;
INSERT INTO instructor (first_name, last_name, department_ID, salary) VALUES ("Giovanni", "Kahn", 7, 645439.64);;
INSERT INTO instructor (first_name, last_name, department_ID, salary) VALUES ("Javed", "Kahn", 8, 836822.83);;
INSERT INTO instructor (first_name, last_name, department_ID, salary) VALUES ("Giovanni", "Nesterenko", 9, 499469.49);;
INSERT INTO instructor (first_name, last_name, department_ID, salary) VALUES ("Mikhail", "Kahn", 10, 523956.52);;
INSERT INTO section (course_ID, semester, year, building_ID, time_slot_ID) VALUES (1, "Summer", 1980, 1, 1);;
INSERT INTO section (course_ID, semester, year, building_ID, time_slot_ID) VALUES (2, "Spring", 1978, 2, 2);;
INSERT INTO section (course_ID, semester, year, building_ID, time_slot_ID) VALUES (3, "Spring", 1830, 3, 3);;
INSERT INTO section (course_ID, semester, year, building_ID, time_slot_ID) VALUES (4, "Spring", 2006, 4, 4);;
INSERT INTO section (course_ID, semester, year, building_ID, time_slot_ID) VALUES (5, "Winter", 1918, 5, 5);;
INSERT INTO section (course_ID, semester, year, building_ID, time_slot_ID) VALUES (6, "Summer", 2019, 6, 6);;
INSERT INTO section (course_ID, semester, year, building_ID, time_slot_ID) VALUES (7, "Fall", 1944, 7, 7);;
INSERT INTO section (course_ID, semester, year, building_ID, time_slot_ID) VALUES (8, "Summer", 1719, 8, 8);;
INSERT INTO section (course_ID, semester, year, building_ID, time_slot_ID) VALUES (9, "Summer", 1977, 9, 9);;
INSERT INTO section (course_ID, semester, year, building_ID, time_slot_ID) VALUES (10, "Fall", 1994, 10, 10);;
INSERT INTO student (first_name, last_name, department_ID, total_cred, advisor_ID) VALUES ("Andrew", "Stanberry", 1, 73, 1);;
INSERT INTO student (first_name, last_name, department_ID, total_cred, advisor_ID) VALUES ("Logan", "Senol", 2, 150, 2);;
INSERT INTO student (first_name, last_name, department_ID, total_cred, advisor_ID) VALUES ("Andrew", "Stanberry", 3, 1, 3);;
INSERT INTO student (first_name, last_name, department_ID, total_cred, advisor_ID) VALUES ("Andrew", "Roddy", 4, 94, 4);;
INSERT INTO student (first_name, last_name, department_ID, total_cred, advisor_ID) VALUES ("Logan", "Stanberry", 5, 71, 5);;
INSERT INTO student (first_name, last_name, department_ID, total_cred, advisor_ID) VALUES ("Caleb", "Roddy", 6, 133, 6);;
INSERT INTO student (first_name, last_name, department_ID, total_cred, advisor_ID) VALUES ("Caleb", "Senol", 7, 43, 7);;
INSERT INTO student (first_name, last_name, department_ID, total_cred, advisor_ID) VALUES ("Andrew", "Stanberry", 8, 1, 8);;
INSERT INTO student (first_name, last_name, department_ID, total_cred, advisor_ID) VALUES ("Logan", "Senol", 9, 143, 9);;
INSERT INTO student (first_name, last_name, department_ID, total_cred, advisor_ID) VALUES ("Andrew", "Roddy", 10, 197, 10);;
INSERT INTO teaches (instructor_ID, section_ID) VALUES (1, 1);;
INSERT INTO teaches (instructor_ID, section_ID) VALUES (2, 2);;
INSERT INTO teaches (instructor_ID, section_ID) VALUES (3, 3);;
INSERT INTO teaches (instructor_ID, section_ID) VALUES (4, 4);;
INSERT INTO teaches (instructor_ID, section_ID) VALUES (5, 5);;
INSERT INTO teaches (instructor_ID, section_ID) VALUES (6, 6);;
INSERT INTO teaches (instructor_ID, section_ID) VALUES (7, 7);;
INSERT INTO teaches (instructor_ID, section_ID) VALUES (8, 8);;
INSERT INTO teaches (instructor_ID, section_ID) VALUES (9, 9);;
INSERT INTO teaches (instructor_ID, section_ID) VALUES (10, 10);;
INSERT INTO takes (student_ID, section_ID, grades) VALUES (1, 1, "C-");;
INSERT INTO takes (student_ID, section_ID, grades) VALUES (2, 2, "D");;
INSERT INTO takes (student_ID, section_ID, grades) VALUES (3, 3, "A+");;
INSERT INTO takes (student_ID, section_ID, grades) VALUES (4, 4, "C");;
INSERT INTO takes (student_ID, section_ID, grades) VALUES (5, 5, "D+");;
INSERT INTO takes (student_ID, section_ID, grades) VALUES (6, 6, "D");;
INSERT INTO takes (student_ID, section_ID, grades) VALUES (7, 7, "B+");;
INSERT INTO takes (student_ID, section_ID, grades) VALUES (8, 8, "D+");;
INSERT INTO takes (student_ID, section_ID, grades) VALUES (9, 9, "D+");;
INSERT INTO takes (student_ID, section_ID, grades) VALUES (10, 10, "C-");;
INSERT INTO advises (student_ID, advisor_ID) VALUES (1, 1);;
INSERT INTO advises (student_ID, advisor_ID) VALUES (2, 2);;
INSERT INTO advises (student_ID, advisor_ID) VALUES (3, 3);;
INSERT INTO advises (student_ID, advisor_ID) VALUES (4, 4);;
INSERT INTO advises (student_ID, advisor_ID) VALUES (5, 5);;
INSERT INTO advises (student_ID, advisor_ID) VALUES (6, 6);;
INSERT INTO advises (student_ID, advisor_ID) VALUES (7, 7);;
INSERT INTO advises (student_ID, advisor_ID) VALUES (8, 8);;
INSERT INTO advises (student_ID, advisor_ID) VALUES (9, 9);;
INSERT INTO advises (student_ID, advisor_ID) VALUES (10, 10);;
INSERT INTO prereq (base_course_ID, requires_course_ID) VALUES (1, 1);;
INSERT INTO prereq (base_course_ID, requires_course_ID) VALUES (2, 2);;
INSERT INTO prereq (base_course_ID, requires_course_ID) VALUES (3, 3);;
INSERT INTO prereq (base_course_ID, requires_course_ID) VALUES (4, 4);;
INSERT INTO prereq (base_course_ID, requires_course_ID) VALUES (5, 5);;
INSERT INTO prereq (base_course_ID, requires_course_ID) VALUES (6, 6);;
INSERT INTO prereq (base_course_ID, requires_course_ID) VALUES (7, 7);;
INSERT INTO prereq (base_course_ID, requires_course_ID) VALUES (8, 8);;
INSERT INTO prereq (base_course_ID, requires_course_ID) VALUES (9, 9);;
INSERT INTO prereq (base_course_ID, requires_course_ID) VALUES (10, 10);;
