INSERT INTO building (building_name) VALUES ("White");;
INSERT INTO building (building_name) VALUES ("Smith");;
INSERT INTO building (building_name) VALUES ("White");;
INSERT INTO building (building_name) VALUES ("White");;
INSERT INTO building (building_name) VALUES ("White");;
INSERT INTO building (building_name) VALUES ("Smith");;
INSERT INTO building (building_name) VALUES ("MSB");;
INSERT INTO building (building_name) VALUES ("DI");;
INSERT INTO building (building_name) VALUES ("Smith");;
INSERT INTO building (building_name) VALUES ("White");;
INSERT INTO classroom (building_ID, room_number, capacity) VALUES (1, 944, 8435);;
INSERT INTO classroom (building_ID, room_number, capacity) VALUES (2, 765, 2688);;
INSERT INTO classroom (building_ID, room_number, capacity) VALUES (3, 340, 9305);;
INSERT INTO classroom (building_ID, room_number, capacity) VALUES (4, 897, 921);;
INSERT INTO classroom (building_ID, room_number, capacity) VALUES (5, 514, 2566);;
INSERT INTO classroom (building_ID, room_number, capacity) VALUES (6, 142, 5252);;
INSERT INTO classroom (building_ID, room_number, capacity) VALUES (7, 456, 3251);;
INSERT INTO classroom (building_ID, room_number, capacity) VALUES (8, 900, 7341);;
INSERT INTO classroom (building_ID, room_number, capacity) VALUES (9, 226, 6775);;
INSERT INTO classroom (building_ID, room_number, capacity) VALUES (10, 373, 665);;
INSERT INTO department (department_name, building_ID, budget) VALUES ("CS", 1, 7683198919.76);;
INSERT INTO department (department_name, building_ID, budget) VALUES ("BIO", 2, 3620822434.36);;
INSERT INTO department (department_name, building_ID, budget) VALUES ("MATH", 3, 7695280218.76);;
INSERT INTO department (department_name, building_ID, budget) VALUES ("CHEM", 4, 4134600536.41);;
INSERT INTO department (department_name, building_ID, budget) VALUES ("NURS", 5, 1300530484.13);;
INSERT INTO department (department_name, building_ID, budget) VALUES ("PHYS", 6, 2828770052.28);;
INSERT INTO department (department_name, building_ID, budget) VALUES ("ENGL", 7, 4967506235.49);;
INSERT INTO department (department_name, building_ID, budget) VALUES ("FRNC", 8, 1552832113.15);;
INSERT INTO department (department_name, building_ID, budget) VALUES ("JAPN", 9, 3924782381.39);;
INSERT INTO department (department_name, building_ID, budget) VALUES ("BOTN", 10, 2939362207.29);;
INSERT INTO time_slot (day, start_hr, start_min, end_hr, end_min) VALUES ("H", 15, 50, 5, 44);;
INSERT INTO time_slot (day, start_hr, start_min, end_hr, end_min) VALUES ("T", 21, 45, 8, 52);;
INSERT INTO time_slot (day, start_hr, start_min, end_hr, end_min) VALUES ("F", 12, 0, 2, 9);;
INSERT INTO time_slot (day, start_hr, start_min, end_hr, end_min) VALUES ("T", 3, 34, 9, 12);;
INSERT INTO time_slot (day, start_hr, start_min, end_hr, end_min) VALUES ("T", 15, 17, 1, 45);;
INSERT INTO time_slot (day, start_hr, start_min, end_hr, end_min) VALUES ("H", 21, 3, 17, 9);;
INSERT INTO time_slot (day, start_hr, start_min, end_hr, end_min) VALUES ("T", 8, 39, 22, 52);;
INSERT INTO time_slot (day, start_hr, start_min, end_hr, end_min) VALUES ("H", 23, 0, 14, 4);;
INSERT INTO time_slot (day, start_hr, start_min, end_hr, end_min) VALUES ("F", 17, 11, 0, 57);;
INSERT INTO time_slot (day, start_hr, start_min, end_hr, end_min) VALUES ("M", 7, 11, 10, 34);;
INSERT INTO account (username, password, role) VALUES ("dropKick2000", "GannonGannon88", "Instructor");;
INSERT INTO account (username, password, role) VALUES ("Drew2000", "RealDoctor3626", "Instructor");;
INSERT INTO account (username, password, role) VALUES ("DrMario", "Coolest!", "Instructor");;
INSERT INTO account (username, password, role) VALUES ("Caleb999", "DrewPass99", "Instructor");;
INSERT INTO account (username, password, role) VALUES ("aroddy", "TrulyCool2003", "Administrator");;
INSERT INTO account (username, password, role) VALUES ("OrangeMan", "Drop73Drop12!", "Student");;
INSERT INTO account (username, password, role) VALUES ("Link", "FavoriteColor", "Instructor");;
INSERT INTO account (username, password, role) VALUES ("SuperCool", "123892138", "Student");;
INSERT INTO account (username, password, role) VALUES ("Ganondworf", "Linkus", "Student");;
INSERT INTO account (username, password, role) VALUES ("coolGuy77", "CalebCalebCaleb", "Instructor");;
INSERT INTO advisor (first_name, last_name, department_ID) VALUES ("TJ", "Morneweck", 1);;
INSERT INTO advisor (first_name, last_name, department_ID) VALUES ("Craig", "Morneweck", 2);;
INSERT INTO advisor (first_name, last_name, department_ID) VALUES ("Craig", "So", 3);;
INSERT INTO advisor (first_name, last_name, department_ID) VALUES ("Tommy", "Redy", 4);;
INSERT INTO advisor (first_name, last_name, department_ID) VALUES ("Leah", "So", 5);;
INSERT INTO advisor (first_name, last_name, department_ID) VALUES ("TJ", "Redy", 6);;
INSERT INTO advisor (first_name, last_name, department_ID) VALUES ("Tommy", "So", 7);;
INSERT INTO advisor (first_name, last_name, department_ID) VALUES ("Leah", "Smith", 8);;
INSERT INTO advisor (first_name, last_name, department_ID) VALUES ("Leah", "Smith", 9);;
INSERT INTO advisor (first_name, last_name, department_ID) VALUES ("Craig", "Johnson", 10);;
INSERT INTO course (title, department_ID, credits) VALUES ("CS3", 1, 85);;
INSERT INTO course (title, department_ID, credits) VALUES ("Elementary Japanese 1", 2, 45);;
INSERT INTO course (title, department_ID, credits) VALUES ("Elementary Japanese 1", 3, 6);;
INSERT INTO course (title, department_ID, credits) VALUES ("Elementary Japanese 1", 4, 55);;
INSERT INTO course (title, department_ID, credits) VALUES ("Discrete Structures", 5, 14);;
INSERT INTO course (title, department_ID, credits) VALUES ("Intro to Databases", 6, 27);;
INSERT INTO course (title, department_ID, credits) VALUES ("Discrete Structures", 7, 18);;
INSERT INTO course (title, department_ID, credits) VALUES ("Intro to Databases", 8, 97);;
INSERT INTO course (title, department_ID, credits) VALUES ("Discrete Structures", 9, 46);;
INSERT INTO course (title, department_ID, credits) VALUES ("CS3", 10, 50);;
INSERT INTO instructor (first_name, last_name, department_ID, salary) VALUES ("Javed", "Phares", 1, 627871.62);;
INSERT INTO instructor (first_name, last_name, department_ID, salary) VALUES ("Mikhail", "Nesterenko", 2, 576509.57);;
INSERT INTO instructor (first_name, last_name, department_ID, salary) VALUES ("Javed", "Kahn", 3, 424279.42);;
INSERT INTO instructor (first_name, last_name, department_ID, salary) VALUES ("Mikhail", "Kahn", 4, 196047.19);;
INSERT INTO instructor (first_name, last_name, department_ID, salary) VALUES ("Mikhail", "Kahn", 5, 656760.65);;
INSERT INTO instructor (first_name, last_name, department_ID, salary) VALUES ("Giovanni", "Phares", 6, 278276.27);;
INSERT INTO instructor (first_name, last_name, department_ID, salary) VALUES ("Mikhail", "Kahn", 7, 337456.33);;
INSERT INTO instructor (first_name, last_name, department_ID, salary) VALUES ("Mikhail", "Nesterenko", 8, 915603.91);;
INSERT INTO instructor (first_name, last_name, department_ID, salary) VALUES ("Javed", "Kahn", 9, 786415.78);;
INSERT INTO instructor (first_name, last_name, department_ID, salary) VALUES ("Mikhail", "Nesterenko", 10, 623792.62);;
INSERT INTO section (course_ID, semester, year, building_ID, time_slot_ID) VALUES (1, "Spring", 1727, 1, 1);;
INSERT INTO section (course_ID, semester, year, building_ID, time_slot_ID) VALUES (2, "Fall", 2091, 2, 2);;
INSERT INTO section (course_ID, semester, year, building_ID, time_slot_ID) VALUES (3, "Summer", 1972, 3, 3);;
INSERT INTO section (course_ID, semester, year, building_ID, time_slot_ID) VALUES (4, "Fall", 1942, 4, 4);;
INSERT INTO section (course_ID, semester, year, building_ID, time_slot_ID) VALUES (5, "Spring", 1782, 5, 5);;
INSERT INTO section (course_ID, semester, year, building_ID, time_slot_ID) VALUES (6, "Fall", 1755, 6, 6);;
INSERT INTO section (course_ID, semester, year, building_ID, time_slot_ID) VALUES (7, "Summer", 2045, 7, 7);;
INSERT INTO section (course_ID, semester, year, building_ID, time_slot_ID) VALUES (8, "Summer", 2079, 8, 8);;
INSERT INTO section (course_ID, semester, year, building_ID, time_slot_ID) VALUES (9, "Spring", 1755, 9, 9);;
INSERT INTO section (course_ID, semester, year, building_ID, time_slot_ID) VALUES (10, "Summer", 1706, 10, 10);;
INSERT INTO student (first_name, last_name, department_ID, total_cred, advisor_ID) VALUES ("Logan", "Senol", 1, 26, 1);;
INSERT INTO student (first_name, last_name, department_ID, total_cred, advisor_ID) VALUES ("Andrew", "Roddy", 2, 67, 2);;
INSERT INTO student (first_name, last_name, department_ID, total_cred, advisor_ID) VALUES ("Logan", "Senol", 3, 233, 3);;
INSERT INTO student (first_name, last_name, department_ID, total_cred, advisor_ID) VALUES ("Logan", "Stanberry", 4, 195, 4);;
INSERT INTO student (first_name, last_name, department_ID, total_cred, advisor_ID) VALUES ("Caleb", "Senol", 5, 229, 5);;
INSERT INTO student (first_name, last_name, department_ID, total_cred, advisor_ID) VALUES ("Andrew", "Roddy", 6, 109, 6);;
INSERT INTO student (first_name, last_name, department_ID, total_cred, advisor_ID) VALUES ("Logan", "Senol", 7, 92, 7);;
INSERT INTO student (first_name, last_name, department_ID, total_cred, advisor_ID) VALUES ("Andrew", "Senol", 8, 205, 8);;
INSERT INTO student (first_name, last_name, department_ID, total_cred, advisor_ID) VALUES ("Andrew", "Roddy", 9, 191, 9);;
INSERT INTO student (first_name, last_name, department_ID, total_cred, advisor_ID) VALUES ("Andrew", "Roddy", 10, 228, 10);;
INSERT INTO teaches (instructor_ID, section_ID) VALUES (1, 1);;
INSERT INTO teaches (instructor_ID, section_ID) VALUES (2, 2);;
INSERT INTO teaches (instructor_ID, section_ID) VALUES (3, 3);;
INSERT INTO teaches (instructor_ID, section_ID) VALUES (4, 4);;
INSERT INTO teaches (instructor_ID, section_ID) VALUES (5, 5);;
INSERT INTO teaches (instructor_ID, section_ID) VALUES (6, 6);;
INSERT INTO teaches (instructor_ID, section_ID) VALUES (7, 7);;
INSERT INTO teaches (instructor_ID, section_ID) VALUES (8, 8);;
INSERT INTO teaches (instructor_ID, section_ID) VALUES (9, 9);;
INSERT INTO teaches (instructor_ID, section_ID) VALUES (10, 10);;
INSERT INTO takes (student_ID, section_ID, grades) VALUES (1, 1, "D");;
INSERT INTO takes (student_ID, section_ID, grades) VALUES (2, 2, "B");;
INSERT INTO takes (student_ID, section_ID, grades) VALUES (3, 3, "B-");;
INSERT INTO takes (student_ID, section_ID, grades) VALUES (4, 4, "C+");;
INSERT INTO takes (student_ID, section_ID, grades) VALUES (5, 5, "D-");;
INSERT INTO takes (student_ID, section_ID, grades) VALUES (6, 6, "B+");;
INSERT INTO takes (student_ID, section_ID, grades) VALUES (7, 7, "F");;
INSERT INTO takes (student_ID, section_ID, grades) VALUES (8, 8, "C+");;
INSERT INTO takes (student_ID, section_ID, grades) VALUES (9, 9, "D");;
INSERT INTO takes (student_ID, section_ID, grades) VALUES (10, 10, "C-");;
INSERT INTO advises (student_ID, advisor_ID) VALUES (1, 1);;
INSERT INTO advises (student_ID, advisor_ID) VALUES (2, 2);;
INSERT INTO advises (student_ID, advisor_ID) VALUES (3, 3);;
INSERT INTO advises (student_ID, advisor_ID) VALUES (4, 4);;
INSERT INTO advises (student_ID, advisor_ID) VALUES (5, 5);;
INSERT INTO advises (student_ID, advisor_ID) VALUES (6, 6);;
INSERT INTO advises (student_ID, advisor_ID) VALUES (7, 7);;
INSERT INTO advises (student_ID, advisor_ID) VALUES (8, 8);;
INSERT INTO advises (student_ID, advisor_ID) VALUES (9, 9);;
INSERT INTO advises (student_ID, advisor_ID) VALUES (10, 10);;
INSERT INTO prereq (base_course_ID, requires_course_ID) VALUES (1, 1);;
INSERT INTO prereq (base_course_ID, requires_course_ID) VALUES (2, 2);;
INSERT INTO prereq (base_course_ID, requires_course_ID) VALUES (3, 3);;
INSERT INTO prereq (base_course_ID, requires_course_ID) VALUES (4, 4);;
INSERT INTO prereq (base_course_ID, requires_course_ID) VALUES (5, 5);;
INSERT INTO prereq (base_course_ID, requires_course_ID) VALUES (6, 6);;
INSERT INTO prereq (base_course_ID, requires_course_ID) VALUES (7, 7);;
INSERT INTO prereq (base_course_ID, requires_course_ID) VALUES (8, 8);;
INSERT INTO prereq (base_course_ID, requires_course_ID) VALUES (9, 9);;
INSERT INTO prereq (base_course_ID, requires_course_ID) VALUES (10, 10);;
