INSERT INTO building (building_name) VALUES ("MSB");;
INSERT INTO building (building_name) VALUES ("MSB");;
INSERT INTO building (building_name) VALUES ("MSB");;
INSERT INTO building (building_name) VALUES ("Smith");;
INSERT INTO building (building_name) VALUES ("MSB");;
INSERT INTO building (building_name) VALUES ("MSB");;
INSERT INTO building (building_name) VALUES ("DI");;
INSERT INTO building (building_name) VALUES ("White");;
INSERT INTO building (building_name) VALUES ("White");;
INSERT INTO building (building_name) VALUES ("MSB");;
INSERT INTO classroom (building_ID, room_number, capacity) VALUES (1, 81, 4766);;
INSERT INTO classroom (building_ID, room_number, capacity) VALUES (2, 85, 1308);;
INSERT INTO classroom (building_ID, room_number, capacity) VALUES (3, 729, 6624);;
INSERT INTO classroom (building_ID, room_number, capacity) VALUES (4, 703, 7422);;
INSERT INTO classroom (building_ID, room_number, capacity) VALUES (5, 769, 1658);;
INSERT INTO classroom (building_ID, room_number, capacity) VALUES (6, 517, 6891);;
INSERT INTO classroom (building_ID, room_number, capacity) VALUES (7, 237, 2084);;
INSERT INTO classroom (building_ID, room_number, capacity) VALUES (8, 418, 1500);;
INSERT INTO classroom (building_ID, room_number, capacity) VALUES (9, 643, 5774);;
INSERT INTO classroom (building_ID, room_number, capacity) VALUES (10, 901, 9433);;
INSERT INTO department (department_name, building_ID, budget) VALUES ("CS", 1, 5478825175.54);;
INSERT INTO department (department_name, building_ID, budget) VALUES ("BIO", 2, 8219243319.82);;
INSERT INTO department (department_name, building_ID, budget) VALUES ("MATH", 3, 5063876992.50);;
INSERT INTO department (department_name, building_ID, budget) VALUES ("CHEM", 4, 2361445618.23);;
INSERT INTO department (department_name, building_ID, budget) VALUES ("NURS", 5, 4148050965.41);;
INSERT INTO department (department_name, building_ID, budget) VALUES ("PHYS", 6, 8689224815.86);;
INSERT INTO department (department_name, building_ID, budget) VALUES ("ENGL", 7, 4569466871.45);;
INSERT INTO department (department_name, building_ID, budget) VALUES ("FRNC", 8, 4896855207.48);;
INSERT INTO department (department_name, building_ID, budget) VALUES ("JAPN", 9, 3701309862.37);;
INSERT INTO department (department_name, building_ID, budget) VALUES ("BOTN", 10, 7620893183.76);;
INSERT INTO time_slot (day, start_hr, start_min, end_hr, end_min) VALUES ("M", 20, 4, 18, 30);;
INSERT INTO time_slot (day, start_hr, start_min, end_hr, end_min) VALUES ("F", 22, 40, 11, 19);;
INSERT INTO time_slot (day, start_hr, start_min, end_hr, end_min) VALUES ("M", 12, 17, 17, 37);;
INSERT INTO time_slot (day, start_hr, start_min, end_hr, end_min) VALUES ("T", 4, 47, 21, 43);;
INSERT INTO time_slot (day, start_hr, start_min, end_hr, end_min) VALUES ("H", 19, 11, 12, 32);;
INSERT INTO time_slot (day, start_hr, start_min, end_hr, end_min) VALUES ("F", 5, 48, 18, 26);;
INSERT INTO time_slot (day, start_hr, start_min, end_hr, end_min) VALUES ("T", 0, 55, 1, 32);;
INSERT INTO time_slot (day, start_hr, start_min, end_hr, end_min) VALUES ("M", 19, 27, 5, 23);;
INSERT INTO time_slot (day, start_hr, start_min, end_hr, end_min) VALUES ("T", 21, 30, 11, 49);;
INSERT INTO time_slot (day, start_hr, start_min, end_hr, end_min) VALUES ("W", 8, 33, 10, 25);;
INSERT INTO account (username, password, role) VALUES ("coolGuy77", "GannonGannon88", "Administrator");;
INSERT INTO account (username, password, role) VALUES ("SuperCool", "Linkus", "Student");;
INSERT INTO account (username, password, role) VALUES ("Caleb999", "123892138", "Administrator");;
INSERT INTO account (username, password, role) VALUES ("aroddy", "TrulyCool2003", "Instructor");;
INSERT INTO account (username, password, role) VALUES ("Ganondworf", "CalebCalebCaleb", "Student");;
INSERT INTO account (username, password, role) VALUES ("Link", "Drop73Drop12!", "Administrator");;
INSERT INTO account (username, password, role) VALUES ("DrMario", "Coolest!", "Administrator");;
INSERT INTO account (username, password, role) VALUES ("OrangeMan", "FavoriteColor", "Instructor");;
INSERT INTO account (username, password, role) VALUES ("dropKick2000", "RealDoctor3626", "Administrator");;
INSERT INTO account (username, password, role) VALUES ("Drew2000", "DrewPass99", "Administrator");;
INSERT INTO advisor (first_name, last_name, department_ID) VALUES ("Thomas", "Redy", 1);;
INSERT INTO advisor (first_name, last_name, department_ID) VALUES ("Leah", "Johnson", 2);;
INSERT INTO advisor (first_name, last_name, department_ID) VALUES ("Joseph", "Redy", 3);;
INSERT INTO advisor (first_name, last_name, department_ID) VALUES ("Craig", "Raklovits", 4);;
INSERT INTO advisor (first_name, last_name, department_ID) VALUES ("Thomas", "Johnson", 5);;
INSERT INTO advisor (first_name, last_name, department_ID) VALUES ("Thomas", "Smith", 6);;
INSERT INTO advisor (first_name, last_name, department_ID) VALUES ("Thomas", "Smith", 7);;
INSERT INTO advisor (first_name, last_name, department_ID) VALUES ("Tommy", "Redy", 8);;
INSERT INTO advisor (first_name, last_name, department_ID) VALUES ("TJ", "Johnson", 9);;
INSERT INTO advisor (first_name, last_name, department_ID) VALUES ("Craig", "So", 10);;
INSERT INTO course (title, department_ID, credits) VALUES ("Discrete Structures", 1, 16);;
INSERT INTO course (title, department_ID, credits) VALUES ("Discrete Structures", 2, 64);;
INSERT INTO course (title, department_ID, credits) VALUES ("CS1", 3, 2);;
INSERT INTO course (title, department_ID, credits) VALUES ("Elementary Japanese 1", 4, 5);;
INSERT INTO course (title, department_ID, credits) VALUES ("CS4", 5, 39);;
INSERT INTO course (title, department_ID, credits) VALUES ("Intro to Databases", 6, 96);;
INSERT INTO course (title, department_ID, credits) VALUES ("CS2", 7, 1);;
INSERT INTO course (title, department_ID, credits) VALUES ("CS1", 8, 27);;
INSERT INTO course (title, department_ID, credits) VALUES ("CS1", 9, 18);;
INSERT INTO course (title, department_ID, credits) VALUES ("CS4", 10, 83);;
INSERT INTO instructor (first_name, last_name, department_ID, salary) VALUES ("Giovanni", "Kahn", 1, 668563.66);;
INSERT INTO instructor (first_name, last_name, department_ID, salary) VALUES ("Mikhail", "Kahn", 2, 144997.14);;
INSERT INTO instructor (first_name, last_name, department_ID, salary) VALUES ("Giovanni", "Phares", 3, 440183.44);;
INSERT INTO instructor (first_name, last_name, department_ID, salary) VALUES ("Giovanni", "Kahn", 4, 885670.88);;
INSERT INTO instructor (first_name, last_name, department_ID, salary) VALUES ("Mikhail", "Kahn", 5, 436121.43);;
INSERT INTO instructor (first_name, last_name, department_ID, salary) VALUES ("Mikhail", "Kahn", 6, 403048.40);;
INSERT INTO instructor (first_name, last_name, department_ID, salary) VALUES ("Mikhail", "Nesterenko", 7, 219651.21);;
INSERT INTO instructor (first_name, last_name, department_ID, salary) VALUES ("Javed", "Kahn", 8, 642312.64);;
INSERT INTO instructor (first_name, last_name, department_ID, salary) VALUES ("Mikhail", "Nesterenko", 9, 751553.75);;
INSERT INTO instructor (first_name, last_name, department_ID, salary) VALUES ("Giovanni", "Nesterenko", 10, 705228.70);;
INSERT INTO section (course_ID, semester, year, building_ID, time_slot_ID) VALUES (1, "Fall", 2052, 1, 1);;
INSERT INTO section (course_ID, semester, year, building_ID, time_slot_ID) VALUES (2, "Winter", 1943, 2, 2);;
INSERT INTO section (course_ID, semester, year, building_ID, time_slot_ID) VALUES (3, "Winter", 1776, 3, 3);;
INSERT INTO section (course_ID, semester, year, building_ID, time_slot_ID) VALUES (4, "Summer", 1840, 4, 4);;
INSERT INTO section (course_ID, semester, year, building_ID, time_slot_ID) VALUES (5, "Winter", 1951, 5, 5);;
INSERT INTO section (course_ID, semester, year, building_ID, time_slot_ID) VALUES (6, "Summer", 2088, 6, 6);;
INSERT INTO section (course_ID, semester, year, building_ID, time_slot_ID) VALUES (7, "Summer", 1928, 7, 7);;
INSERT INTO section (course_ID, semester, year, building_ID, time_slot_ID) VALUES (8, "Winter", 1920, 8, 8);;
INSERT INTO section (course_ID, semester, year, building_ID, time_slot_ID) VALUES (9, "Spring", 2036, 9, 9);;
INSERT INTO section (course_ID, semester, year, building_ID, time_slot_ID) VALUES (10, "Spring", 1871, 10, 10);;
INSERT INTO student (first_name, last_name, department_ID, total_cred, advisor_ID) VALUES ("Logan", "Senol", 1, 28, 1);;
INSERT INTO student (first_name, last_name, department_ID, total_cred, advisor_ID) VALUES ("Caleb", "Stanberry", 2, 91, 2);;
INSERT INTO student (first_name, last_name, department_ID, total_cred, advisor_ID) VALUES ("Caleb", "Stanberry", 3, 103, 3);;
INSERT INTO student (first_name, last_name, department_ID, total_cred, advisor_ID) VALUES ("Logan", "Senol", 4, 180, 4);;
INSERT INTO student (first_name, last_name, department_ID, total_cred, advisor_ID) VALUES ("Caleb", "Stanberry", 5, 17, 5);;
INSERT INTO student (first_name, last_name, department_ID, total_cred, advisor_ID) VALUES ("Andrew", "Roddy", 6, 189, 6);;
INSERT INTO student (first_name, last_name, department_ID, total_cred, advisor_ID) VALUES ("Caleb", "Roddy", 7, 77, 7);;
INSERT INTO student (first_name, last_name, department_ID, total_cred, advisor_ID) VALUES ("Logan", "Stanberry", 8, 129, 8);;
INSERT INTO student (first_name, last_name, department_ID, total_cred, advisor_ID) VALUES ("Caleb", "Senol", 9, 228, 9);;
INSERT INTO student (first_name, last_name, department_ID, total_cred, advisor_ID) VALUES ("Logan", "Stanberry", 10, 90, 10);;
INSERT INTO teaches (instructor_ID, section_ID) VALUES (1, 1);;
INSERT INTO teaches (instructor_ID, section_ID) VALUES (2, 2);;
INSERT INTO teaches (instructor_ID, section_ID) VALUES (3, 3);;
INSERT INTO teaches (instructor_ID, section_ID) VALUES (4, 4);;
INSERT INTO teaches (instructor_ID, section_ID) VALUES (5, 5);;
INSERT INTO teaches (instructor_ID, section_ID) VALUES (6, 6);;
INSERT INTO teaches (instructor_ID, section_ID) VALUES (7, 7);;
INSERT INTO teaches (instructor_ID, section_ID) VALUES (8, 8);;
INSERT INTO teaches (instructor_ID, section_ID) VALUES (9, 9);;
INSERT INTO teaches (instructor_ID, section_ID) VALUES (10, 10);;
INSERT INTO takes (student_ID, section_ID, grades) VALUES (1, 1, "C-");;
INSERT INTO takes (student_ID, section_ID, grades) VALUES (2, 2, "F");;
INSERT INTO takes (student_ID, section_ID, grades) VALUES (3, 3, "D");;
INSERT INTO takes (student_ID, section_ID, grades) VALUES (4, 4, "D-");;
INSERT INTO takes (student_ID, section_ID, grades) VALUES (5, 5, "F");;
INSERT INTO takes (student_ID, section_ID, grades) VALUES (6, 6, "A+");;
INSERT INTO takes (student_ID, section_ID, grades) VALUES (7, 7, "D-");;
INSERT INTO takes (student_ID, section_ID, grades) VALUES (8, 8, "D");;
INSERT INTO takes (student_ID, section_ID, grades) VALUES (9, 9, "F");;
INSERT INTO takes (student_ID, section_ID, grades) VALUES (10, 10, "D");;
INSERT INTO advises (student_ID, advisor_ID) VALUES (1, 1);;
INSERT INTO advises (student_ID, advisor_ID) VALUES (2, 2);;
INSERT INTO advises (student_ID, advisor_ID) VALUES (3, 3);;
INSERT INTO advises (student_ID, advisor_ID) VALUES (4, 4);;
INSERT INTO advises (student_ID, advisor_ID) VALUES (5, 5);;
INSERT INTO advises (student_ID, advisor_ID) VALUES (6, 6);;
INSERT INTO advises (student_ID, advisor_ID) VALUES (7, 7);;
INSERT INTO advises (student_ID, advisor_ID) VALUES (8, 8);;
INSERT INTO advises (student_ID, advisor_ID) VALUES (9, 9);;
INSERT INTO advises (student_ID, advisor_ID) VALUES (10, 10);;
INSERT INTO prereq (base_course_ID, requires_course_ID) VALUES (1, 1);;
INSERT INTO prereq (base_course_ID, requires_course_ID) VALUES (2, 2);;
INSERT INTO prereq (base_course_ID, requires_course_ID) VALUES (3, 3);;
INSERT INTO prereq (base_course_ID, requires_course_ID) VALUES (4, 4);;
INSERT INTO prereq (base_course_ID, requires_course_ID) VALUES (5, 5);;
INSERT INTO prereq (base_course_ID, requires_course_ID) VALUES (6, 6);;
INSERT INTO prereq (base_course_ID, requires_course_ID) VALUES (7, 7);;
INSERT INTO prereq (base_course_ID, requires_course_ID) VALUES (8, 8);;
INSERT INTO prereq (base_course_ID, requires_course_ID) VALUES (9, 9);;
INSERT INTO prereq (base_course_ID, requires_course_ID) VALUES (10, 10);;
