INSERT INTO building (building_name) VALUES ("Stanford");;
INSERT INTO building (building_name) VALUES ("Lincoln");;
INSERT INTO building (building_name) VALUES ("Summit");;
INSERT INTO building (building_name) VALUES ("Shannon");;
INSERT INTO building (building_name) VALUES ("Adams");;
INSERT INTO building (building_name) VALUES ("MSB");;
INSERT INTO building (building_name) VALUES ("Eastgate");;
INSERT INTO building (building_name) VALUES ("MSB");;
INSERT INTO building (building_name) VALUES ("Arthur");;
INSERT INTO building (building_name) VALUES ("Wozniak");;
INSERT INTO building (building_name) VALUES ("Willow");;
INSERT INTO building (building_name) VALUES ("Grant");;
INSERT INTO building (building_name) VALUES ("Cleveland");;
INSERT INTO building (building_name) VALUES ("West");;
INSERT INTO building (building_name) VALUES ("Newton");;
INSERT INTO building (building_name) VALUES ("Ridgeway");;
INSERT INTO building (building_name) VALUES ("Kepler");;
INSERT INTO building (building_name) VALUES ("Morrison");;
INSERT INTO building (building_name) VALUES ("East");;
INSERT INTO building (building_name) VALUES ("Madison");;
INSERT INTO building (building_name) VALUES ("Ridgeway");;
INSERT INTO building (building_name) VALUES ("McKinley");;
INSERT INTO building (building_name) VALUES ("Adams");;
INSERT INTO building (building_name) VALUES ("Hayden");;
INSERT INTO building (building_name) VALUES ("Brookside");;
INSERT INTO building (building_name) VALUES ("Brookside");;
INSERT INTO building (building_name) VALUES ("Sunnydale");;
INSERT INTO building (building_name) VALUES ("Babbage");;
INSERT INTO building (building_name) VALUES ("Pascal");;
INSERT INTO building (building_name) VALUES ("Summit");;
INSERT INTO building (building_name) VALUES ("Willow");;
INSERT INTO building (building_name) VALUES ("Franklin");;
INSERT INTO building (building_name) VALUES ("Galileo");;
INSERT INTO building (building_name) VALUES ("Wilson");;
INSERT INTO building (building_name) VALUES ("East");;
INSERT INTO building (building_name) VALUES ("Adams");;
INSERT INTO building (building_name) VALUES ("Columbia");;
INSERT INTO building (building_name) VALUES ("Curie");;
INSERT INTO building (building_name) VALUES ("Harding");;
INSERT INTO building (building_name) VALUES ("Hayden");;
INSERT INTO building (building_name) VALUES ("Taft");;
INSERT INTO building (building_name) VALUES ("Sunnydale");;
INSERT INTO building (building_name) VALUES ("Smith");;
INSERT INTO building (building_name) VALUES ("Sunnydale");;
INSERT INTO building (building_name) VALUES ("Edison");;
INSERT INTO building (building_name) VALUES ("Adams");;
INSERT INTO building (building_name) VALUES ("Northstar");;
INSERT INTO building (building_name) VALUES ("Newton");;
INSERT INTO building (building_name) VALUES ("Cornell");;
INSERT INTO building (building_name) VALUES ("Willow");;
INSERT INTO building (building_name) VALUES ("Fairview");;
INSERT INTO building (building_name) VALUES ("Brookside");;
INSERT INTO building (building_name) VALUES ("Babbage");;
INSERT INTO building (building_name) VALUES ("Fairview");;
INSERT INTO building (building_name) VALUES ("North");;
INSERT INTO building (building_name) VALUES ("Adams");;
INSERT INTO building (building_name) VALUES ("Southpoint");;
INSERT INTO building (building_name) VALUES ("Coolidge");;
INSERT INTO building (building_name) VALUES ("Tyler");;
INSERT INTO building (building_name) VALUES ("Kepler");;
INSERT INTO building (building_name) VALUES ("Harding");;
INSERT INTO building (building_name) VALUES ("Highland");;
INSERT INTO building (building_name) VALUES ("Hayden");;
INSERT INTO building (building_name) VALUES ("Wozniak");;
INSERT INTO building (building_name) VALUES ("Fillmore");;
INSERT INTO building (building_name) VALUES ("Coolidge");;
INSERT INTO building (building_name) VALUES ("Bailey");;
INSERT INTO building (building_name) VALUES ("South");;
INSERT INTO building (building_name) VALUES ("Brookside");;
INSERT INTO building (building_name) VALUES ("Dijkstra");;
INSERT INTO building (building_name) VALUES ("Ashford");;
INSERT INTO building (building_name) VALUES ("Harvard");;
INSERT INTO building (building_name) VALUES ("Grant");;
INSERT INTO building (building_name) VALUES ("Newton");;
INSERT INTO building (building_name) VALUES ("Morrison");;
INSERT INTO building (building_name) VALUES ("Maplewood");;
INSERT INTO building (building_name) VALUES ("Dijkstra");;
INSERT INTO building (building_name) VALUES ("Meadow");;
INSERT INTO building (building_name) VALUES ("West");;
INSERT INTO building (building_name) VALUES ("Buchanan");;
INSERT INTO building (building_name) VALUES ("Babbage");;
INSERT INTO building (building_name) VALUES ("Southpoint");;
INSERT INTO building (building_name) VALUES ("Maplewood");;
INSERT INTO building (building_name) VALUES ("MSB");;
INSERT INTO building (building_name) VALUES ("Brown");;
INSERT INTO building (building_name) VALUES ("Eisenhower");;
INSERT INTO building (building_name) VALUES ("Valley");;
INSERT INTO building (building_name) VALUES ("Eisenhower");;
INSERT INTO building (building_name) VALUES ("Crescent");;
INSERT INTO building (building_name) VALUES ("Birch");;
INSERT INTO building (building_name) VALUES ("Main");;
INSERT INTO building (building_name) VALUES ("Morrison");;
INSERT INTO building (building_name) VALUES ("Riverside");;
INSERT INTO building (building_name) VALUES ("Northstar");;
INSERT INTO building (building_name) VALUES ("Kennedy");;
INSERT INTO building (building_name) VALUES ("Cedar");;
INSERT INTO building (building_name) VALUES ("Polk");;
INSERT INTO building (building_name) VALUES ("Lincoln");;
INSERT INTO building (building_name) VALUES ("Kepler");;
INSERT INTO building (building_name) VALUES ("Franklin");;
INSERT INTO classroom (building_ID, room_number, capacity) VALUES (1, 20, 442);;
INSERT INTO classroom (building_ID, room_number, capacity) VALUES (2, 457, 574);;
INSERT INTO classroom (building_ID, room_number, capacity) VALUES (3, 562, 966);;
INSERT INTO classroom (building_ID, room_number, capacity) VALUES (4, 987, 978);;
INSERT INTO classroom (building_ID, room_number, capacity) VALUES (5, 593, 522);;
INSERT INTO classroom (building_ID, room_number, capacity) VALUES (6, 824, 543);;
INSERT INTO classroom (building_ID, room_number, capacity) VALUES (7, 487, 114);;
INSERT INTO classroom (building_ID, room_number, capacity) VALUES (8, 773, 52);;
INSERT INTO classroom (building_ID, room_number, capacity) VALUES (9, 844, 706);;
INSERT INTO classroom (building_ID, room_number, capacity) VALUES (10, 818, 238);;
INSERT INTO classroom (building_ID, room_number, capacity) VALUES (11, 384, 720);;
INSERT INTO classroom (building_ID, room_number, capacity) VALUES (12, 453, 712);;
INSERT INTO classroom (building_ID, room_number, capacity) VALUES (13, 276, 293);;
INSERT INTO classroom (building_ID, room_number, capacity) VALUES (14, 205, 448);;
INSERT INTO classroom (building_ID, room_number, capacity) VALUES (15, 596, 133);;
INSERT INTO classroom (building_ID, room_number, capacity) VALUES (16, 392, 960);;
INSERT INTO classroom (building_ID, room_number, capacity) VALUES (17, 331, 846);;
INSERT INTO classroom (building_ID, room_number, capacity) VALUES (18, 647, 254);;
INSERT INTO classroom (building_ID, room_number, capacity) VALUES (19, 331, 169);;
INSERT INTO classroom (building_ID, room_number, capacity) VALUES (20, 594, 533);;
INSERT INTO classroom (building_ID, room_number, capacity) VALUES (21, 168, 358);;
INSERT INTO classroom (building_ID, room_number, capacity) VALUES (22, 3, 692);;
INSERT INTO classroom (building_ID, room_number, capacity) VALUES (23, 65, 308);;
INSERT INTO classroom (building_ID, room_number, capacity) VALUES (24, 327, 692);;
INSERT INTO classroom (building_ID, room_number, capacity) VALUES (25, 162, 752);;
INSERT INTO classroom (building_ID, room_number, capacity) VALUES (26, 662, 297);;
INSERT INTO classroom (building_ID, room_number, capacity) VALUES (27, 719, 807);;
INSERT INTO classroom (building_ID, room_number, capacity) VALUES (28, 54, 449);;
INSERT INTO classroom (building_ID, room_number, capacity) VALUES (29, 63, 557);;
INSERT INTO classroom (building_ID, room_number, capacity) VALUES (30, 744, 671);;
INSERT INTO classroom (building_ID, room_number, capacity) VALUES (31, 281, 402);;
INSERT INTO classroom (building_ID, room_number, capacity) VALUES (32, 459, 125);;
INSERT INTO classroom (building_ID, room_number, capacity) VALUES (33, 595, 600);;
INSERT INTO classroom (building_ID, room_number, capacity) VALUES (34, 960, 748);;
INSERT INTO classroom (building_ID, room_number, capacity) VALUES (35, 316, 532);;
INSERT INTO classroom (building_ID, room_number, capacity) VALUES (36, 389, 79);;
INSERT INTO classroom (building_ID, room_number, capacity) VALUES (37, 855, 459);;
INSERT INTO classroom (building_ID, room_number, capacity) VALUES (38, 857, 53);;
INSERT INTO classroom (building_ID, room_number, capacity) VALUES (39, 570, 707);;
INSERT INTO classroom (building_ID, room_number, capacity) VALUES (40, 247, 152);;
INSERT INTO classroom (building_ID, room_number, capacity) VALUES (41, 264, 25);;
INSERT INTO classroom (building_ID, room_number, capacity) VALUES (42, 384, 970);;
INSERT INTO classroom (building_ID, room_number, capacity) VALUES (43, 26, 139);;
INSERT INTO classroom (building_ID, room_number, capacity) VALUES (44, 177, 674);;
INSERT INTO classroom (building_ID, room_number, capacity) VALUES (45, 953, 691);;
INSERT INTO classroom (building_ID, room_number, capacity) VALUES (46, 885, 378);;
INSERT INTO classroom (building_ID, room_number, capacity) VALUES (47, 36, 898);;
INSERT INTO classroom (building_ID, room_number, capacity) VALUES (48, 74, 97);;
INSERT INTO classroom (building_ID, room_number, capacity) VALUES (49, 368, 124);;
INSERT INTO classroom (building_ID, room_number, capacity) VALUES (50, 80, 90);;
INSERT INTO classroom (building_ID, room_number, capacity) VALUES (51, 750, 507);;
INSERT INTO classroom (building_ID, room_number, capacity) VALUES (52, 17, 538);;
INSERT INTO classroom (building_ID, room_number, capacity) VALUES (53, 102, 796);;
INSERT INTO classroom (building_ID, room_number, capacity) VALUES (54, 373, 722);;
INSERT INTO classroom (building_ID, room_number, capacity) VALUES (55, 217, 293);;
INSERT INTO classroom (building_ID, room_number, capacity) VALUES (56, 228, 190);;
INSERT INTO classroom (building_ID, room_number, capacity) VALUES (57, 810, 265);;
INSERT INTO classroom (building_ID, room_number, capacity) VALUES (58, 532, 183);;
INSERT INTO classroom (building_ID, room_number, capacity) VALUES (59, 52, 856);;
INSERT INTO classroom (building_ID, room_number, capacity) VALUES (60, 275, 77);;
INSERT INTO classroom (building_ID, room_number, capacity) VALUES (61, 465, 533);;
INSERT INTO classroom (building_ID, room_number, capacity) VALUES (62, 99, 139);;
INSERT INTO classroom (building_ID, room_number, capacity) VALUES (63, 44, 923);;
INSERT INTO classroom (building_ID, room_number, capacity) VALUES (64, 833, 893);;
INSERT INTO classroom (building_ID, room_number, capacity) VALUES (65, 346, 226);;
INSERT INTO classroom (building_ID, room_number, capacity) VALUES (66, 909, 679);;
INSERT INTO classroom (building_ID, room_number, capacity) VALUES (67, 944, 298);;
INSERT INTO classroom (building_ID, room_number, capacity) VALUES (68, 104, 625);;
INSERT INTO classroom (building_ID, room_number, capacity) VALUES (69, 704, 714);;
INSERT INTO classroom (building_ID, room_number, capacity) VALUES (70, 672, 833);;
INSERT INTO classroom (building_ID, room_number, capacity) VALUES (71, 300, 581);;
INSERT INTO classroom (building_ID, room_number, capacity) VALUES (72, 937, 978);;
INSERT INTO classroom (building_ID, room_number, capacity) VALUES (73, 151, 919);;
INSERT INTO classroom (building_ID, room_number, capacity) VALUES (74, 336, 935);;
INSERT INTO classroom (building_ID, room_number, capacity) VALUES (75, 891, 926);;
INSERT INTO classroom (building_ID, room_number, capacity) VALUES (76, 193, 517);;
INSERT INTO classroom (building_ID, room_number, capacity) VALUES (77, 824, 641);;
INSERT INTO classroom (building_ID, room_number, capacity) VALUES (78, 783, 951);;
INSERT INTO classroom (building_ID, room_number, capacity) VALUES (79, 147, 656);;
INSERT INTO classroom (building_ID, room_number, capacity) VALUES (80, 268, 297);;
INSERT INTO classroom (building_ID, room_number, capacity) VALUES (81, 443, 373);;
INSERT INTO classroom (building_ID, room_number, capacity) VALUES (82, 115, 258);;
INSERT INTO classroom (building_ID, room_number, capacity) VALUES (83, 561, 224);;
INSERT INTO classroom (building_ID, room_number, capacity) VALUES (84, 250, 571);;
INSERT INTO classroom (building_ID, room_number, capacity) VALUES (85, 885, 698);;
INSERT INTO classroom (building_ID, room_number, capacity) VALUES (86, 72, 375);;
INSERT INTO classroom (building_ID, room_number, capacity) VALUES (87, 700, 387);;
INSERT INTO classroom (building_ID, room_number, capacity) VALUES (88, 258, 324);;
INSERT INTO classroom (building_ID, room_number, capacity) VALUES (89, 77, 259);;
INSERT INTO classroom (building_ID, room_number, capacity) VALUES (90, 320, 48);;
INSERT INTO classroom (building_ID, room_number, capacity) VALUES (91, 852, 36);;
INSERT INTO classroom (building_ID, room_number, capacity) VALUES (92, 573, 584);;
INSERT INTO classroom (building_ID, room_number, capacity) VALUES (93, 130, 39);;
INSERT INTO classroom (building_ID, room_number, capacity) VALUES (94, 513, 313);;
INSERT INTO classroom (building_ID, room_number, capacity) VALUES (95, 67, 898);;
INSERT INTO classroom (building_ID, room_number, capacity) VALUES (96, 53, 823);;
INSERT INTO classroom (building_ID, room_number, capacity) VALUES (97, 539, 918);;
INSERT INTO classroom (building_ID, room_number, capacity) VALUES (98, 330, 751);;
INSERT INTO classroom (building_ID, room_number, capacity) VALUES (99, 987, 803);;
INSERT INTO classroom (building_ID, room_number, capacity) VALUES (100, 640, 678);;
INSERT INTO department (department_name, building_ID, budget) VALUES ("CS", 1, 8479341414.84);;
INSERT INTO department (department_name, building_ID, budget) VALUES ("BIO", 2, 8329340521.83);;
INSERT INTO department (department_name, building_ID, budget) VALUES ("MATH", 3, 1581923799.15);;
INSERT INTO department (department_name, building_ID, budget) VALUES ("CHEM", 4, 7748971182.77);;
INSERT INTO department (department_name, building_ID, budget) VALUES ("NURS", 5, 6109772466.61);;
INSERT INTO department (department_name, building_ID, budget) VALUES ("PHYS", 6, 5151278111.51);;
INSERT INTO department (department_name, building_ID, budget) VALUES ("ENGL", 7, 6631196978.66);;
INSERT INTO department (department_name, building_ID, budget) VALUES ("FRNC", 8, 3638771265.36);;
INSERT INTO department (department_name, building_ID, budget) VALUES ("JAPN", 9, 7530656170.75);;
INSERT INTO department (department_name, building_ID, budget) VALUES ("BOTN", 10, 6273019303.62);;
INSERT INTO department (department_name, building_ID, budget) VALUES ("HIST", 11, 6219346298.62);;
INSERT INTO department (department_name, building_ID, budget) VALUES ("PSYC", 12, 4785348509.47);;
INSERT INTO department (department_name, building_ID, budget) VALUES ("SOCI", 13, 2006789237.20);;
INSERT INTO department (department_name, building_ID, budget) VALUES ("ANTH", 14, 5908084169.59);;
INSERT INTO department (department_name, building_ID, budget) VALUES ("ECON", 15, 2471977040.24);;
INSERT INTO department (department_name, building_ID, budget) VALUES ("POLS", 16, 5737732583.57);;
INSERT INTO department (department_name, building_ID, budget) VALUES ("PHIL", 17, 9624267039.96);;
INSERT INTO department (department_name, building_ID, budget) VALUES ("RELG", 18, 2438802548.24);;
INSERT INTO department (department_name, building_ID, budget) VALUES ("ARTS", 19, 3721657087.37);;
INSERT INTO department (department_name, building_ID, budget) VALUES ("MUSC", 20, 5430269076.54);;
INSERT INTO department (department_name, building_ID, budget) VALUES ("THTR", 21, 5044153889.50);;
INSERT INTO department (department_name, building_ID, budget) VALUES ("DANC", 22, 7257273161.72);;
INSERT INTO department (department_name, building_ID, budget) VALUES ("FILM", 23, 7286665939.72);;
INSERT INTO department (department_name, building_ID, budget) VALUES ("ARCH", 24, 1232981167.12);;
INSERT INTO department (department_name, building_ID, budget) VALUES ("BUSN", 25, 7632547305.76);;
INSERT INTO department (department_name, building_ID, budget) VALUES ("ACCT", 26, 6997289950.69);;
INSERT INTO department (department_name, building_ID, budget) VALUES ("MKTG", 27, 9938822403.99);;
INSERT INTO department (department_name, building_ID, budget) VALUES ("FINE", 28, 2609550208.26);;
INSERT INTO department (department_name, building_ID, budget) VALUES ("MGMT", 29, 5535936406.55);;
INSERT INTO department (department_name, building_ID, budget) VALUES ("HRMT", 30, 1718645176.17);;
INSERT INTO department (department_name, building_ID, budget) VALUES ("EDUC", 31, 6695639338.66);;
INSERT INTO department (department_name, building_ID, budget) VALUES ("LAWS", 32, 9688380425.96);;
INSERT INTO department (department_name, building_ID, budget) VALUES ("MEDI", 33, 3496900142.34);;
INSERT INTO department (department_name, building_ID, budget) VALUES ("DENT", 34, 4347691017.43);;
INSERT INTO department (department_name, building_ID, budget) VALUES ("PHAR", 35, 8797208552.87);;
INSERT INTO department (department_name, building_ID, budget) VALUES ("VETS", 36, 9568374226.95);;
INSERT INTO department (department_name, building_ID, budget) VALUES ("ENGR", 37, 5661708952.56);;
INSERT INTO department (department_name, building_ID, budget) VALUES ("MECH", 38, 7972285144.79);;
INSERT INTO department (department_name, building_ID, budget) VALUES ("ELEC", 39, 6762527361.67);;
INSERT INTO department (department_name, building_ID, budget) VALUES ("CIVL", 40, 1038256459.10);;
INSERT INTO department (department_name, building_ID, budget) VALUES ("INDS", 41, 2154766015.21);;
INSERT INTO department (department_name, building_ID, budget) VALUES ("AERO", 42, 6182967927.61);;
INSERT INTO department (department_name, building_ID, budget) VALUES ("CHEN", 43, 3936600950.39);;
INSERT INTO department (department_name, building_ID, budget) VALUES ("BMED", 44, 2540810016.25);;
INSERT INTO department (department_name, building_ID, budget) VALUES ("ENVS", 45, 9908343839.99);;
INSERT INTO department (department_name, building_ID, budget) VALUES ("GEOL", 46, 9235257305.92);;
INSERT INTO department (department_name, building_ID, budget) VALUES ("ASTR", 47, 1602512638.16);;
INSERT INTO department (department_name, building_ID, budget) VALUES ("OCEA", 48, 7704525600.77);;
INSERT INTO department (department_name, building_ID, budget) VALUES ("METR", 49, 7917218392.79);;
INSERT INTO department (department_name, building_ID, budget) VALUES ("NEUR", 50, 7645844993.76);;
INSERT INTO department (department_name, building_ID, budget) VALUES ("GENE", 51, 5953583027.59);;
INSERT INTO department (department_name, building_ID, budget) VALUES ("BIOC", 52, 1646026110.16);;
INSERT INTO department (department_name, building_ID, budget) VALUES ("MICR", 53, 1413543153.14);;
INSERT INTO department (department_name, building_ID, budget) VALUES ("PATH", 54, 3990985167.39);;
INSERT INTO department (department_name, building_ID, budget) VALUES ("ANAT", 55, 4644518156.46);;
INSERT INTO department (department_name, building_ID, budget) VALUES ("PHYL", 56, 7637342306.76);;
INSERT INTO department (department_name, building_ID, budget) VALUES ("KINS", 57, 4723283085.47);;
INSERT INTO department (department_name, building_ID, budget) VALUES ("NUTR", 58, 7656132791.76);;
INSERT INTO department (department_name, building_ID, budget) VALUES ("SPCH", 59, 1052508499.10);;
INSERT INTO department (department_name, building_ID, budget) VALUES ("COMM", 60, 9818843288.98);;
INSERT INTO department (department_name, building_ID, budget) VALUES ("JRNL", 61, 7646995534.76);;
INSERT INTO department (department_name, building_ID, budget) VALUES ("ITAL", 62, 9298242483.92);;
INSERT INTO department (department_name, building_ID, budget) VALUES ("SPAN", 63, 5856917640.58);;
INSERT INTO department (department_name, building_ID, budget) VALUES ("GERM", 64, 9151869334.91);;
INSERT INTO department (department_name, building_ID, budget) VALUES ("RUSS", 65, 8070819350.80);;
INSERT INTO department (department_name, building_ID, budget) VALUES ("ARAB", 66, 6275363344.62);;
INSERT INTO department (department_name, building_ID, budget) VALUES ("CHNS", 67, 7200706024.72);;
INSERT INTO department (department_name, building_ID, budget) VALUES ("KORN", 68, 9061199732.90);;
INSERT INTO department (department_name, building_ID, budget) VALUES ("HEBR", 69, 5447460491.54);;
INSERT INTO department (department_name, building_ID, budget) VALUES ("LATN", 70, 5775862920.57);;
INSERT INTO department (department_name, building_ID, budget) VALUES ("GREK", 71, 1175300565.11);;
INSERT INTO department (department_name, building_ID, budget) VALUES ("PORT", 72, 6663275784.66);;
INSERT INTO department (department_name, building_ID, budget) VALUES ("STAT", 73, 8980590720.89);;
INSERT INTO department (department_name, building_ID, budget) VALUES ("ACTS", 74, 7180168982.71);;
INSERT INTO department (department_name, building_ID, budget) VALUES ("OPER", 75, 6155742775.61);;
INSERT INTO department (department_name, building_ID, budget) VALUES ("MATS", 76, 7158935846.71);;
INSERT INTO department (department_name, building_ID, budget) VALUES ("NUCL", 77, 6854484629.68);;
INSERT INTO department (department_name, building_ID, budget) VALUES ("PETR", 78, 1136948525.11);;
INSERT INTO department (department_name, building_ID, budget) VALUES ("MARN", 79, 2908259871.29);;
INSERT INTO department (department_name, building_ID, budget) VALUES ("MING", 80, 1514609680.15);;
INSERT INTO department (department_name, building_ID, budget) VALUES ("ROBT", 81, 2852209147.28);;
INSERT INTO department (department_name, building_ID, budget) VALUES ("DATA", 82, 4842504231.48);;
INSERT INTO department (department_name, building_ID, budget) VALUES ("CYBR", 83, 8733676070.87);;
INSERT INTO department (department_name, building_ID, budget) VALUES ("NETW", 84, 2217629686.22);;
INSERT INTO department (department_name, building_ID, budget) VALUES ("GAME", 85, 2135350370.21);;
INSERT INTO department (department_name, building_ID, budget) VALUES ("DSGN", 86, 7827036146.78);;
INSERT INTO department (department_name, building_ID, budget) VALUES ("PHOT", 87, 7214467137.72);;
INSERT INTO department (department_name, building_ID, budget) VALUES ("LITR", 88, 8610893380.86);;
INSERT INTO department (department_name, building_ID, budget) VALUES ("WRIT", 89, 5489423759.54);;
INSERT INTO department (department_name, building_ID, budget) VALUES ("LING", 90, 8679366132.86);;
INSERT INTO department (department_name, building_ID, budget) VALUES ("GEND", 91, 6154693693.61);;
INSERT INTO department (department_name, building_ID, budget) VALUES ("URBN", 92, 4971860137.49);;
INSERT INTO department (department_name, building_ID, budget) VALUES ("PUBL", 93, 4206109695.42);;
INSERT INTO department (department_name, building_ID, budget) VALUES ("SOCW", 94, 6454713163.64);;
INSERT INTO department (department_name, building_ID, budget) VALUES ("CRIM", 95, 1282572825.12);;
INSERT INTO department (department_name, building_ID, budget) VALUES ("INTL", 96, 5790882023.57);;
INSERT INTO department (department_name, building_ID, budget) VALUES ("ASIA", 97, 5584607782.55);;
INSERT INTO department (department_name, building_ID, budget) VALUES ("LATS", 98, 5286863612.52);;
INSERT INTO department (department_name, building_ID, budget) VALUES ("AFRI", 99, 8339402741.83);;
INSERT INTO department (department_name, building_ID, budget) VALUES ("EURS", 100, 8475521769.84);;
INSERT INTO time_slot (day, start_hr, start_min, end_hr, end_min) VALUES ("MTWHF", 7, 22, 23, 28);;
INSERT INTO time_slot (day, start_hr, start_min, end_hr, end_min) VALUES ("MTWH", 13, 24, 2, 26);;
INSERT INTO time_slot (day, start_hr, start_min, end_hr, end_min) VALUES ("MTWH", 9, 4, 16, 38);;
INSERT INTO time_slot (day, start_hr, start_min, end_hr, end_min) VALUES ("M W F", 0, 21, 2, 44);;
INSERT INTO time_slot (day, start_hr, start_min, end_hr, end_min) VALUES ("T H", 13, 34, 19, 59);;
INSERT INTO time_slot (day, start_hr, start_min, end_hr, end_min) VALUES ("M W F", 10, 47, 20, 23);;
INSERT INTO time_slot (day, start_hr, start_min, end_hr, end_min) VALUES ("M W F", 0, 3, 18, 16);;
INSERT INTO time_slot (day, start_hr, start_min, end_hr, end_min) VALUES ("T H", 1, 7, 14, 32);;
INSERT INTO time_slot (day, start_hr, start_min, end_hr, end_min) VALUES ("MTWHF", 15, 9, 1, 44);;
INSERT INTO time_slot (day, start_hr, start_min, end_hr, end_min) VALUES ("MTWHF", 8, 57, 14, 7);;
INSERT INTO time_slot (day, start_hr, start_min, end_hr, end_min) VALUES ("M W F", 4, 33, 16, 15);;
INSERT INTO time_slot (day, start_hr, start_min, end_hr, end_min) VALUES ("M W F", 6, 39, 18, 20);;
INSERT INTO time_slot (day, start_hr, start_min, end_hr, end_min) VALUES ("MTWH", 3, 15, 23, 22);;
INSERT INTO time_slot (day, start_hr, start_min, end_hr, end_min) VALUES ("T H", 11, 18, 13, 32);;
INSERT INTO time_slot (day, start_hr, start_min, end_hr, end_min) VALUES ("M W F", 23, 22, 6, 21);;
INSERT INTO time_slot (day, start_hr, start_min, end_hr, end_min) VALUES ("MTWH", 9, 1, 7, 20);;
INSERT INTO time_slot (day, start_hr, start_min, end_hr, end_min) VALUES ("T H", 17, 38, 21, 21);;
INSERT INTO time_slot (day, start_hr, start_min, end_hr, end_min) VALUES ("MTWHF", 9, 55, 20, 46);;
INSERT INTO time_slot (day, start_hr, start_min, end_hr, end_min) VALUES ("MTWHF", 12, 51, 3, 12);;
INSERT INTO time_slot (day, start_hr, start_min, end_hr, end_min) VALUES ("T H", 16, 18, 2, 21);;
INSERT INTO time_slot (day, start_hr, start_min, end_hr, end_min) VALUES ("M W F", 9, 54, 8, 4);;
INSERT INTO time_slot (day, start_hr, start_min, end_hr, end_min) VALUES ("MTWHF", 19, 47, 13, 53);;
INSERT INTO time_slot (day, start_hr, start_min, end_hr, end_min) VALUES ("T H", 12, 8, 15, 35);;
INSERT INTO time_slot (day, start_hr, start_min, end_hr, end_min) VALUES ("MTWHF", 20, 29, 3, 36);;
INSERT INTO time_slot (day, start_hr, start_min, end_hr, end_min) VALUES ("M W F", 14, 5, 6, 14);;
INSERT INTO time_slot (day, start_hr, start_min, end_hr, end_min) VALUES ("MTWH", 7, 11, 12, 56);;
INSERT INTO time_slot (day, start_hr, start_min, end_hr, end_min) VALUES ("M W F", 23, 56, 10, 36);;
INSERT INTO time_slot (day, start_hr, start_min, end_hr, end_min) VALUES ("M W F", 9, 10, 2, 38);;
INSERT INTO time_slot (day, start_hr, start_min, end_hr, end_min) VALUES ("MTWHF", 7, 0, 21, 22);;
INSERT INTO time_slot (day, start_hr, start_min, end_hr, end_min) VALUES ("M W F", 11, 14, 9, 36);;
INSERT INTO time_slot (day, start_hr, start_min, end_hr, end_min) VALUES ("T H", 19, 29, 10, 19);;
INSERT INTO time_slot (day, start_hr, start_min, end_hr, end_min) VALUES ("M W F", 5, 46, 6, 36);;
INSERT INTO time_slot (day, start_hr, start_min, end_hr, end_min) VALUES ("T H", 5, 59, 1, 42);;
INSERT INTO time_slot (day, start_hr, start_min, end_hr, end_min) VALUES ("T H", 13, 39, 15, 59);;
INSERT INTO time_slot (day, start_hr, start_min, end_hr, end_min) VALUES ("T H", 20, 22, 14, 53);;
INSERT INTO time_slot (day, start_hr, start_min, end_hr, end_min) VALUES ("MTWH", 21, 13, 23, 29);;
INSERT INTO time_slot (day, start_hr, start_min, end_hr, end_min) VALUES ("MTWHF", 22, 8, 8, 32);;
INSERT INTO time_slot (day, start_hr, start_min, end_hr, end_min) VALUES ("T H", 17, 44, 0, 4);;
INSERT INTO time_slot (day, start_hr, start_min, end_hr, end_min) VALUES ("M W F", 1, 11, 13, 19);;
INSERT INTO time_slot (day, start_hr, start_min, end_hr, end_min) VALUES ("M W F", 13, 37, 17, 56);;
INSERT INTO time_slot (day, start_hr, start_min, end_hr, end_min) VALUES ("MTWH", 10, 27, 20, 53);;
INSERT INTO time_slot (day, start_hr, start_min, end_hr, end_min) VALUES ("M W F", 20, 23, 4, 9);;
INSERT INTO time_slot (day, start_hr, start_min, end_hr, end_min) VALUES ("MTWH", 2, 14, 11, 12);;
INSERT INTO time_slot (day, start_hr, start_min, end_hr, end_min) VALUES ("MTWHF", 6, 38, 11, 13);;
INSERT INTO time_slot (day, start_hr, start_min, end_hr, end_min) VALUES ("T H", 8, 13, 8, 58);;
INSERT INTO time_slot (day, start_hr, start_min, end_hr, end_min) VALUES ("MTWH", 7, 46, 18, 40);;
INSERT INTO time_slot (day, start_hr, start_min, end_hr, end_min) VALUES ("MTWH", 13, 56, 17, 47);;
INSERT INTO time_slot (day, start_hr, start_min, end_hr, end_min) VALUES ("T H", 14, 52, 15, 12);;
INSERT INTO time_slot (day, start_hr, start_min, end_hr, end_min) VALUES ("T H", 12, 23, 19, 13);;
INSERT INTO time_slot (day, start_hr, start_min, end_hr, end_min) VALUES ("M W F", 2, 27, 20, 15);;
INSERT INTO time_slot (day, start_hr, start_min, end_hr, end_min) VALUES ("MTWHF", 22, 21, 4, 42);;
INSERT INTO time_slot (day, start_hr, start_min, end_hr, end_min) VALUES ("T H", 12, 40, 6, 43);;
INSERT INTO time_slot (day, start_hr, start_min, end_hr, end_min) VALUES ("MTWHF", 18, 3, 0, 11);;
INSERT INTO time_slot (day, start_hr, start_min, end_hr, end_min) VALUES ("M W F", 6, 51, 19, 13);;
INSERT INTO time_slot (day, start_hr, start_min, end_hr, end_min) VALUES ("M W F", 0, 27, 0, 4);;
INSERT INTO time_slot (day, start_hr, start_min, end_hr, end_min) VALUES ("M W F", 11, 52, 16, 33);;
INSERT INTO time_slot (day, start_hr, start_min, end_hr, end_min) VALUES ("T H", 14, 5, 5, 26);;
INSERT INTO time_slot (day, start_hr, start_min, end_hr, end_min) VALUES ("MTWH", 10, 25, 15, 52);;
INSERT INTO time_slot (day, start_hr, start_min, end_hr, end_min) VALUES ("MTWH", 15, 19, 8, 49);;
INSERT INTO time_slot (day, start_hr, start_min, end_hr, end_min) VALUES ("M W F", 10, 12, 21, 47);;
INSERT INTO time_slot (day, start_hr, start_min, end_hr, end_min) VALUES ("MTWHF", 22, 52, 11, 47);;
INSERT INTO time_slot (day, start_hr, start_min, end_hr, end_min) VALUES ("M W F", 12, 33, 5, 52);;
INSERT INTO time_slot (day, start_hr, start_min, end_hr, end_min) VALUES ("MTWHF", 9, 37, 14, 8);;
INSERT INTO time_slot (day, start_hr, start_min, end_hr, end_min) VALUES ("MTWH", 4, 46, 11, 34);;
INSERT INTO time_slot (day, start_hr, start_min, end_hr, end_min) VALUES ("T H", 6, 40, 10, 36);;
INSERT INTO time_slot (day, start_hr, start_min, end_hr, end_min) VALUES ("MTWH", 16, 2, 23, 52);;
INSERT INTO time_slot (day, start_hr, start_min, end_hr, end_min) VALUES ("MTWH", 2, 31, 20, 39);;
INSERT INTO time_slot (day, start_hr, start_min, end_hr, end_min) VALUES ("MTWH", 20, 4, 2, 18);;
INSERT INTO time_slot (day, start_hr, start_min, end_hr, end_min) VALUES ("MTWHF", 20, 23, 8, 51);;
INSERT INTO time_slot (day, start_hr, start_min, end_hr, end_min) VALUES ("MTWH", 1, 17, 6, 53);;
INSERT INTO time_slot (day, start_hr, start_min, end_hr, end_min) VALUES ("MTWH", 6, 8, 17, 20);;
INSERT INTO time_slot (day, start_hr, start_min, end_hr, end_min) VALUES ("T H", 20, 48, 4, 20);;
INSERT INTO time_slot (day, start_hr, start_min, end_hr, end_min) VALUES ("MTWHF", 23, 18, 11, 17);;
INSERT INTO time_slot (day, start_hr, start_min, end_hr, end_min) VALUES ("MTWH", 10, 22, 16, 16);;
INSERT INTO time_slot (day, start_hr, start_min, end_hr, end_min) VALUES ("M W F", 8, 53, 10, 54);;
INSERT INTO time_slot (day, start_hr, start_min, end_hr, end_min) VALUES ("M W F", 22, 27, 12, 21);;
INSERT INTO time_slot (day, start_hr, start_min, end_hr, end_min) VALUES ("T H", 16, 13, 7, 33);;
INSERT INTO time_slot (day, start_hr, start_min, end_hr, end_min) VALUES ("MTWHF", 6, 56, 11, 51);;
INSERT INTO time_slot (day, start_hr, start_min, end_hr, end_min) VALUES ("MTWHF", 21, 11, 17, 1);;
INSERT INTO time_slot (day, start_hr, start_min, end_hr, end_min) VALUES ("M W F", 16, 40, 10, 40);;
INSERT INTO time_slot (day, start_hr, start_min, end_hr, end_min) VALUES ("MTWHF", 13, 21, 20, 37);;
INSERT INTO time_slot (day, start_hr, start_min, end_hr, end_min) VALUES ("M W F", 23, 51, 7, 58);;
INSERT INTO time_slot (day, start_hr, start_min, end_hr, end_min) VALUES ("M W F", 9, 36, 8, 35);;
INSERT INTO time_slot (day, start_hr, start_min, end_hr, end_min) VALUES ("MTWH", 2, 40, 22, 44);;
INSERT INTO time_slot (day, start_hr, start_min, end_hr, end_min) VALUES ("T H", 18, 50, 6, 27);;
INSERT INTO time_slot (day, start_hr, start_min, end_hr, end_min) VALUES ("MTWH", 18, 36, 8, 35);;
INSERT INTO time_slot (day, start_hr, start_min, end_hr, end_min) VALUES ("M W F", 22, 46, 8, 28);;
INSERT INTO time_slot (day, start_hr, start_min, end_hr, end_min) VALUES ("T H", 20, 24, 1, 39);;
INSERT INTO time_slot (day, start_hr, start_min, end_hr, end_min) VALUES ("MTWHF", 22, 46, 2, 47);;
INSERT INTO time_slot (day, start_hr, start_min, end_hr, end_min) VALUES ("MTWH", 1, 28, 1, 42);;
INSERT INTO time_slot (day, start_hr, start_min, end_hr, end_min) VALUES ("T H", 10, 52, 16, 1);;
INSERT INTO time_slot (day, start_hr, start_min, end_hr, end_min) VALUES ("MTWHF", 18, 58, 12, 29);;
INSERT INTO time_slot (day, start_hr, start_min, end_hr, end_min) VALUES ("MTWHF", 4, 2, 22, 30);;
INSERT INTO time_slot (day, start_hr, start_min, end_hr, end_min) VALUES ("T H", 1, 16, 10, 20);;
INSERT INTO time_slot (day, start_hr, start_min, end_hr, end_min) VALUES ("M W F", 3, 58, 20, 59);;
INSERT INTO time_slot (day, start_hr, start_min, end_hr, end_min) VALUES ("MTWH", 0, 58, 9, 25);;
INSERT INTO time_slot (day, start_hr, start_min, end_hr, end_min) VALUES ("T H", 1, 32, 23, 29);;
INSERT INTO time_slot (day, start_hr, start_min, end_hr, end_min) VALUES ("M W F", 2, 21, 16, 57);;
INSERT INTO time_slot (day, start_hr, start_min, end_hr, end_min) VALUES ("M W F", 20, 12, 16, 25);;
INSERT INTO time_slot (day, start_hr, start_min, end_hr, end_min) VALUES ("MTWHF", 19, 10, 4, 38);;
INSERT INTO account (username, password, role) VALUES ("admin", "$2b$12$z5HxpPfNVTc7mFeCX/Tr..DUjqFR7L0OoMAmBAgb4I.yy.NlWRYbu", "Administrator");;
INSERT INTO account (username, password, role) VALUES ("instructor", "$2b$12$5yy8mutPO7rpiOQfIexMD.DYTpg8f4W7A081vSfAOH1l2EQ45xBSy", "Instructor");;
INSERT INTO account (username, password, role) VALUES ("student", "$2b$12$57EmOmTL.xhewFq.ZFFU8u59.ZSMwiHuy3Ijb8LZNWf8su4/xHaky", "Student");;
INSERT INTO account (username, password, role) VALUES ("iNelson", "$2b$12$WVcaE7f3beTreu94uJZAU.naY6xsvBMMsTmVQK6aMgFQpQfByxVHK", "Student");;
INSERT INTO account (username, password, role) VALUES ("sMorales", "$2b$12$9i5VzgMMePrZC4yV3ejVk.QZsYtd5W.9ALsrrfGiCpVf7Zuoyvxw6", "Student");;
INSERT INTO account (username, password, role) VALUES ("cMiller", "$2b$12$q/ZHoQx1bR5OwFdg4mmp6O.7axgJrG0Iln1YD4ECH/D.sXUUzdqQS", "Student");;
INSERT INTO account (username, password, role) VALUES ("bHoward", "$2b$12$oo1aFhxw/R26rrahrZjzZuZx6alC4BHCGnZO9OnQgBxWgv1KaN0sK", "Student");;
INSERT INTO account (username, password, role) VALUES ("mWard", "$2b$12$3zmtToaj0U0YW9Qwb65ZQeHfAs43BNXXLoCMBLHugf77cQbokUSbm", "Student");;
INSERT INTO account (username, password, role) VALUES ("jParker", "$2b$12$WcvX8X/DXkiMjtH3UynC4uqRrfvnIUIvhKpYWkaAklTtV39aSnSKG", "Student");;
INSERT INTO account (username, password, role) VALUES ("aWilliams", "$2b$12$VOr9s0.zmdbf8KNCCEzQ..IMozAfl7DWf71/Vg7uSvU6SN9sBSMY2", "Student");;
INSERT INTO account (username, password, role) VALUES ("mRamirez", "$2b$12$JaQ1Mb18fOpefacuye9Q8OB/RqPoD2GJAvifV9xw9NcMOI1cHkE4m", "Student");;
INSERT INTO account (username, password, role) VALUES ("sSenol", "$2b$12$8uTuCYJbjLxcnaU33KcGb.ZNzbv1ax5flaE2CfBOR7C64tl6mr4bS", "Student");;
INSERT INTO account (username, password, role) VALUES ("zMendoze", "$2b$12$CkhzoNkf.0gLid7GH4fXKOHkfGgaAXAj5q25Tu9W5XRxRWXq3tYxK", "Student");;
INSERT INTO account (username, password, role) VALUES ("eJones", "$2b$12$MnOhBnjKcDv8C0WAjYEhHe5ziRQyf45WuCqMm08ESKQ56OW/PkIQ2", "Student");;
INSERT INTO account (username, password, role) VALUES ("lWood", "$2b$12$lg9D63Zpq/0WEycW7bE1QeQvGeIzlMlknwc/cF5zxigGzDAzIK7Cm", "Student");;
INSERT INTO account (username, password, role) VALUES ("eJames", "$2b$12$kmi4nqtsIdCNHCZyNkCY.urWxruyF3I0zHD0N0tvay503x21wsIVW", "Student");;
INSERT INTO account (username, password, role) VALUES ("eBrooks", "$2b$12$zn2Ydn8.JF/RYU7dHgFLtetdluNMz/SEowyJQSLBkExaMuAG2mfx6", "Student");;
INSERT INTO account (username, password, role) VALUES ("lPark", "$2b$12$9.l4vnDF9GZpFMLlHSPV1e6VTWKhowYgoUX6LTtto9nwPlwKm6w/G", "Instructor");;
INSERT INTO account (username, password, role) VALUES ("qTremblay", "$2b$12$vxP/QEbT3DxyWV8Vd7p4Qe3s//5uwbbVA2E/5hmzS7HE/UdIyROvi", "Instructor");;
INSERT INTO account (username, password, role) VALUES ("jZimmer", "$2b$12$dIUlYRwwoPSZ1AZJEsCgdueW5bntpNiPUkXe8YkDHGVjUqJt4grjS", "Instructor");;
INSERT INTO account (username, password, role) VALUES ("xBauer", "$2b$12$ydeb4JxCI2WAPv.5EOrj..t5jbOVkEG8CWuHVIsxp.mYO/1demDwG", "Instructor");;
INSERT INTO account (username, password, role) VALUES ("gMehta", "$2b$12$pr59ku4Z5AcJrI9Fen/MlONrihMIXvcdGyS5VLI6mL6qjqBQ7vn96", "Instructor");;
INSERT INTO account (username, password, role) VALUES ("tEllis", "$2b$12$udH/oQ8sHrhFhE.6p4/o/.v8SJYOoDSck2z6PqXBZxpmeKgPOQ1hK", "Instructor");;
INSERT INTO account (username, password, role) VALUES ("gYildiz", "$2b$12$6.Dhch2Hxys4EcmNW/u6ROnvpzLOoWyF4V2YgA4MAFrEsBd6xfN4i", "Instructor");;
INSERT INTO account (username, password, role) VALUES ("aCortez", "$2b$12$3KG/DPhTdOuK1QxTAsCcV.E24LxhwkHny2CPFTQnNeewVmm9CP/EG", "Instructor");;
INSERT INTO account (username, password, role) VALUES ("oDaher", "$2b$12$w3J5N9K8A3dsagqyLvfsMugLIw0PvMHL4wLQujPQglRGRcrymSLk6", "Instructor");;
INSERT INTO account (username, password, role) VALUES ("nAndersson", "$2b$12$KpLWiORoyoLp4nmek19mGOZ.k19Q22K7x1fUNujDCtd6AfOZ8sgze", "Instructor");;
INSERT INTO account (username, password, role) VALUES ("lMoore16", "$2b$12$7c8srBMHANo0nBrWTFjpiOt9wSalS3H6mjNxoAi.YE4.Uqq4CHrkm", "Student");;
INSERT INTO account (username, password, role) VALUES ("aJackson17", "$2b$12$haQEfHpYAq2bnOPnZRSqkOupOTBNFQiy0IhtSEm8VPAIeZKA2.hkG", "Student");;
INSERT INTO account (username, password, role) VALUES ("cMartin18", "$2b$12$jkKkp2QVpCOGqVjFgzJ0iu8pNCC.QNEgyqAk3hTg//X7Neg2fgBOq", "Student");;
INSERT INTO account (username, password, role) VALUES ("eLee19", "$2b$12$y3clifNtFXxfTJwUqPtCMOuupoDsDdkma3sAGTd72AymXtAFsxMc.", "Student");;
INSERT INTO account (username, password, role) VALUES ("lPerez20", "$2b$12$RtL7qhvs2vB0aqNy5Pxu2uQn/gaJ1cu1FbEHN1xf7fTF/rHsCBYsO", "Student");;
INSERT INTO account (username, password, role) VALUES ("oThompson21", "$2b$12$PWj1H5OTv6PcfKhXSIiLi.PNboHhkAbjmyjPaOdgUqKIaoCZbbt5C", "Student");;
INSERT INTO account (username, password, role) VALUES ("nWhite22", "$2b$12$uDQOYnff037FYUefkJw4b.NKLoQOEkvhFn6okVaNPqRNqCkAhd6S.", "Student");;
INSERT INTO account (username, password, role) VALUES ("aHarris23", "$2b$12$RyVbP5sgZ77ECe7sudBk/OMeFObPab1zo/afdHGqH/Uh7/YT2dMaK", "Student");;
INSERT INTO account (username, password, role) VALUES ("eSanchez24", "$2b$12$Z2J.Gf8haG/hmrejyo8e7uFWUXnGmKs/NVzP1lZGaQRXalRMn83hi", "Student");;
INSERT INTO account (username, password, role) VALUES ("sClark25", "$2b$12$mRWegQpiAQ7u5LHaeIdDnea9XpCXKmJQuGx433HMtRuPcht/Bn2my", "Student");;
INSERT INTO account (username, password, role) VALUES ("mRamirez26", "$2b$12$UjlfamMaXSCi9Lzy07ywduU88ZaIl/tGl8jB4N6RpXUfcK/Fl0aTy", "Student");;
INSERT INTO account (username, password, role) VALUES ("iLewis27", "$2b$12$bJ9nwGb.k8orxtnBSAfw1Ou7l5a.cy/QbopVVOt1EzhcKymrESKWO", "Student");;
INSERT INTO account (username, password, role) VALUES ("lRobinson28", "$2b$12$j1vfTGhiD2a4bcbnjKAcuOjS3zl7Fj6NxoBZqQVw1eViUCa3QVFKC", "Student");;
INSERT INTO account (username, password, role) VALUES ("mWalker29", "$2b$12$iDcMzjJu/4dtRqpEfg0lZOQzZEh.wJQUWFoJK1s7bnsLjLCmjKdyG", "Student");;
INSERT INTO account (username, password, role) VALUES ("oYoung30", "$2b$12$2LiuycxNWEfM8DG9HWU/feBKkbmFMVeTqI8nS.mmvPxO7htZV0WP2", "Student");;
INSERT INTO account (username, password, role) VALUES ("cAllen31", "$2b$12$hxafeNnlpYqBGnd8d161LOQCpww8CXbzGZgPiWEaD87R2ad.jWEP.", "Student");;
INSERT INTO account (username, password, role) VALUES ("eKing32", "$2b$12$w3d1ZRXPlJ.jKWy/wdEi3.u3y3KHscpA13zr7hDwfXBVsx5azLfvm", "Student");;
INSERT INTO account (username, password, role) VALUES ("aWright33", "$2b$12$55KerYDCsXlASj5d5bUPb.4s0w07r..do2oOD27ppsItmNN7cCZ8O", "Student");;
INSERT INTO account (username, password, role) VALUES ("jScott34", "$2b$12$kjYwPrKSKL3CarlkoP8LoebZkyhliET5YFE/bMM5.9s5TcMCaxN7e", "Student");;
INSERT INTO account (username, password, role) VALUES ("hTorres35", "$2b$12$N5aMmFEEJddc1ChqTXtsruRVBMRArW3kRn2txtkQTl1yAITKVHNTW", "Student");;
INSERT INTO account (username, password, role) VALUES ("bNguyen36", "$2b$12$e5K01Y/zGsYsvtu9UsKHpe9QKoprN9mZXa9Rpn9VeadtGcj4vTVkm", "Student");;
INSERT INTO account (username, password, role) VALUES ("eHill37", "$2b$12$htSmJaCTNTGyNg1fzmcgT.dQZCHXBKEfdsTHCkDcDloHniWY1RSom", "Student");;
INSERT INTO account (username, password, role) VALUES ("jFlores38", "$2b$12$RxPNC7JgKptUDbzm1Cc7yOGSwJcOeVi5EjYa9ZieAbOjY6.tnmKT.", "Student");;
INSERT INTO account (username, password, role) VALUES ("aGreen39", "$2b$12$Vzo6t9lYU6RMMuLGLK8Zx.Dx7bvecCObopT2yrvX1xIg9ej0gtScG", "Student");;
INSERT INTO account (username, password, role) VALUES ("mAdams40", "$2b$12$xBHxWifFyvEnbL3vb7RoPeUGdZxrXFIm1XLyzusDHElbw57Zqn.RS", "Student");;
INSERT INTO account (username, password, role) VALUES ("eNelson41", "$2b$12$.Zh0uh5XjeOoWWUh43RWA.v5ALklRV9OxQvur85vzidbrWoU7Zt4C", "Student");;
INSERT INTO account (username, password, role) VALUES ("wBaker42", "$2b$12$Rx22qf6.mpJQPomQkVhF6uhaDfx53.Fvzkp/wlAI/.DoHYQPB1DBC", "Student");;
INSERT INTO account (username, password, role) VALUES ("eHall43", "$2b$12$rtuPNZbA.qMHZ0zgwBbMCeuZRHpFpJLDRJhJaINlY98YXCyyU2Hv2", "Student");;
INSERT INTO account (username, password, role) VALUES ("aRivera44", "$2b$12$5fMwq3EClIUf1GTY4Js2Ue.mle/eR6xdd7oCq.1sNAhOZ32i/SbgW", "Student");;
INSERT INTO account (username, password, role) VALUES ("mCampbell45", "$2b$12$Wkz7OYFkXRXGEPvH6Y6U6ObrZIBKD/llHW84aftqjmOt9FgtBh/rS", "Student");;
INSERT INTO account (username, password, role) VALUES ("dMitchell46", "$2b$12$SuZhguqv4sy/9rPI6EHXeORSvSP8/xNXtVn4Y18CNdiXocjSK1EVi", "Student");;
INSERT INTO account (username, password, role) VALUES ("eCarter47", "$2b$12$UZN3Q.PPF17MLXWuKYuu3.9ydTMkuh4BdSCWqQnEOfWz3METHfA72", "Student");;
INSERT INTO account (username, password, role) VALUES ("mRoberts48", "$2b$12$UueCwUpY8jNtDfkItDFo3eN7/2rX7O7rIwNI5ZXNF3Gh98HIRhboa", "Student");;
INSERT INTO account (username, password, role) VALUES ("aGomez49", "$2b$12$UlBmqMkZE9UBFA4sZeeGBefk5F1SI99uAoP4parkn8aMt5Amsd.7K", "Student");;
INSERT INTO account (username, password, role) VALUES ("hPhillips50", "$2b$12$cP/Ypz1Hgyxq1tHJMi9cs.3hgEXwcKu1nFJr86GR4JXmABMyIwF4i", "Student");;
INSERT INTO account (username, password, role) VALUES ("sEvans51", "$2b$12$eI5KlVhjkxPVB2ZY68TUFutZiTPsE/nMw753bJj1oiN8Ie/6DQW4W", "Student");;
INSERT INTO account (username, password, role) VALUES ("jTurner52", "$2b$12$jHsYxcTcfNgqxWdUSNU6xeNBSwhvpJYlKE23gknjWeQoR7yo.iRKa", "Student");;
INSERT INTO account (username, password, role) VALUES ("cDiaz53", "$2b$12$pkHN0ZV3dk6XbvL7cIk4R.vOFCtHmjEHOL5PcR4sDSPrUbUyCDqka", "Student");;
INSERT INTO account (username, password, role) VALUES ("sParker54", "$2b$12$5ih5CLqeBH6WjMxrWgRajOGpDN0BM6CmzppJoMGT6WifgHHRkSuMu", "Student");;
INSERT INTO account (username, password, role) VALUES ("aCruz55", "$2b$12$Wn2y12MhxJSj0vhOqNHMxuCc1uz2Tdgz5YFkoUGcE9PopV7zJRQ2u", "Student");;
INSERT INTO account (username, password, role) VALUES ("dEdwards56", "$2b$12$eIjmJ3b2HIzmMo6s/HiJK.JUSOqfD3tpGDSAIaI4mDJsvrTA4Jszq", "Student");;
INSERT INTO account (username, password, role) VALUES ("sCollins57", "$2b$12$zmBmPUI6jdysKec/HHewN.avBGapXFE3R5ig42B8ItTwfGsTK/7bO", "Student");;
INSERT INTO account (username, password, role) VALUES ("jReyes58", "$2b$12$CBdGNjkLXfZZhzMBEhffVOegDbDZqErKqekvZAzLVs4IJm4xxvTQC", "Student");;
INSERT INTO account (username, password, role) VALUES ("vStewart59", "$2b$12$szJ6F6/t1KjIRZuVyyStiOMbCR3.V8omr6G9yh9J0pnIrsJ1EXdEW", "Student");;
INSERT INTO account (username, password, role) VALUES ("sMorris60", "$2b$12$TDwThjntZjuwukWuIN4j.eM2aKiblWmMs3IhjX94ys1YLShsiWIi2", "Student");;
INSERT INTO account (username, password, role) VALUES ("mMorales61", "$2b$12$qcouR6R5w2ndblANPIWVmubiHFiAsWV3UOB0jzUkaKVBEwd6PJXTe", "Student");;
INSERT INTO account (username, password, role) VALUES ("cMurphy62", "$2b$12$3u/JfiU1MnYCxZirVF9VDOISfiPNilL18pv2d0Bi7bQ7F6m7O1e8W", "Student");;
INSERT INTO account (username, password, role) VALUES ("lCook63", "$2b$12$y6SianhiVEhoaydwLh.r.eYyS8jHHpQ1T.Khg6Ja862Ete3qPcsiW", "Student");;
INSERT INTO account (username, password, role) VALUES ("oRogers64", "$2b$12$PnY9sfEjzQNfXqyxKZQDwe4mNrDS8MabWn6vBBag4mjoSvqmOa7Au", "Student");;
INSERT INTO account (username, password, role) VALUES ("gGutierrez65", "$2b$12$8DIk1F7ybq6rw9BIkNFTnesIpt8KPFqXb77MIKpx53Ala9K2Vqi4y", "Student");;
INSERT INTO account (username, password, role) VALUES ("wOrtiz66", "$2b$12$wDvlcY9leYtSxBylyms2puOU/7SP1wAdT8UhFLQX3sxzqFIVCbU2G", "Student");;
INSERT INTO account (username, password, role) VALUES ("cMorgan67", "$2b$12$knS/.SN1vPfiVhO5KWRL/.JIt.0ReiUcRPZrHK1NNtCVASd1j7wbO", "Student");;
INSERT INTO account (username, password, role) VALUES ("jCooper68", "$2b$12$n57NmgBpTgTMWtCZ79Z73OTn4iMqpP.xqs3.5LP1n.k5Kr5a34vtq", "Student");;
INSERT INTO account (username, password, role) VALUES ("pPeterson69", "$2b$12$10YKYvhE4AXn7jru2xvlo.KcuR5hkHsqNWSuSLEzADL3eSU/WzB5K", "Student");;
INSERT INTO account (username, password, role) VALUES ("jBailey70", "$2b$12$cYnk8tY2RW5O64ceUuwK6uFHrHs6vN3f./3Cq3QEAgyNPnjpR9ByK", "Student");;
INSERT INTO account (username, password, role) VALUES ("lReed71", "$2b$12$5ApEfRzhI9tgRJrqmXM5eOaGkE2t4eKSwCYfHSMmI9scB1Ze94EJO", "Student");;
INSERT INTO account (username, password, role) VALUES ("lKelly72", "$2b$12$AaFEtbBiS1wg2XQy6pldVOV1WmyGznDZjfpS5bqZJprmYJ2VkREBS", "Student");;
INSERT INTO account (username, password, role) VALUES ("rHoward73", "$2b$12$nnsaPhyuwNX1WXmBbuGkOuimxWeEVX45HnPB436hnO46YKrceW8Qe", "Student");;
INSERT INTO account (username, password, role) VALUES ("jRamos74", "$2b$12$1OzUb8ivkIZnCB0anE5CcOVXHGShQ3hiLybH0r4KwDjI/lCIAVOlG", "Student");;
INSERT INTO account (username, password, role) VALUES ("zKim75", "$2b$12$59hjCjgeYqVJ9PNvsGBkPe3wVVCSc/55Ysb9IIM6kBl5qz3v12WBC", "Student");;
INSERT INTO account (username, password, role) VALUES ("dCox76", "$2b$12$WmnGHc5G6GdTuzTFKJ59q.pmbfOIJ4.5k2CCVrXL0HW5v0C95Twue", "Student");;
INSERT INTO account (username, password, role) VALUES ("nWard77", "$2b$12$JE2fpT8oMMCI44OXqSEsf.zX6kVWiwNIzjKFpEYdXRwB35P7WHPa6", "Student");;
INSERT INTO account (username, password, role) VALUES ("gRichardson78", "$2b$12$RL3ENndC34lyaN50IRVDh.rfF7E5tAb.3hzgVUL0yHfgZeUWe.lXi", "Student");;
INSERT INTO account (username, password, role) VALUES ("lWatson79", "$2b$12$gMDri0csYHJAdf/S6EpcB.Fp3piIr0RCQG8pLh7K/IJnArYOrYTXq", "Student");;
INSERT INTO account (username, password, role) VALUES ("lBrooks80", "$2b$12$kmzAkTDgbq/kfXhfW.75eeqJ9P1ZB5OVe3m422h6.Ndh3zJXt18uC", "Student");;
INSERT INTO account (username, password, role) VALUES ("eChavez81", "$2b$12$QglM.fBvdKGs5Ld/HXB2pOkGOIsxkmN0MQQNB0gRgcVzPFHxUtgoe", "Student");;
INSERT INTO account (username, password, role) VALUES ("iWood82", "$2b$12$PJz0L2Kq403O1CfvI/ZuoO3KsQ2qKQQwxV.W4au8HGO5EkKiVG2ou", "Student");;
INSERT INTO account (username, password, role) VALUES ("hJames83", "$2b$12$N5w0Dpxm4yp81e/wv8KrX.8Vr1uYpIqhgV/mMBiMfRRVxXD9T9B1K", "Student");;
INSERT INTO account (username, password, role) VALUES ("gBennett84", "$2b$12$.d75DE1AqRR5aVuSK5BgYOBC4e7ZcIzAxRenzVZYT/r5SEwO87JEy", "Student");;
INSERT INTO account (username, password, role) VALUES ("lGray85", "$2b$12$HoJVKWkbO5c1q5YJmG4kyOuYF9WAmC71r2qIp9Cmnpr8bjGAeLyE.", "Student");;
INSERT INTO account (username, password, role) VALUES ("jMendoza86", "$2b$12$8GdyTzPw30vQshMBEgmZEuI81PK9R4pGiccJF5fqUS04XnR1hBL/W", "Student");;
INSERT INTO account (username, password, role) VALUES ("aRuiz87", "$2b$12$jF/0fPvvoFWqnj.XRnggAeSip3eebMDRgt/Ui7Q1ira4N5dtQG6di", "Student");;
INSERT INTO account (username, password, role) VALUES ("mHughes88", "$2b$12$2dwsYxld8vtGGo2j9JWz3OihvqS5uro7zWuDfUVyjYHeL2FutKfQ6", "Student");;
INSERT INTO account (username, password, role) VALUES ("aPrice89", "$2b$12$lSMZ3VdhJhaaAaae2.rh5eD1Q1zM3hChbeX4cFC705KQt/uFBx6qG", "Student");;
INSERT INTO account (username, password, role) VALUES ("aAlvarez90", "$2b$12$UlEdDauRPRZa6CMdHYLjTuapRlstPZ0vRj8L15z5FFL9iThkUhBMm", "Student");;
INSERT INTO account (username, password, role) VALUES ("eCastillo91", "$2b$12$ijp.HbbD/zQLh9mPoGOGR.o6NeUGL0HUWDcU5d08l5H8iRf7S.t3S", "Student");;
INSERT INTO account (username, password, role) VALUES ("jSanders92", "$2b$12$1UeYvjYmqqlsela.zsePpuBDZptCTIr4e02BBPodS2nEgVq.AK2re", "Student");;
INSERT INTO account (username, password, role) VALUES ("sPatel93", "$2b$12$fXX15.CAgpo2k3dpHyppXOzLGjDklfWMJEziR8/sP.jSF6BCBecw2", "Student");;
INSERT INTO account (username, password, role) VALUES ("lMyers94", "$2b$12$QyMjZehnwD23t3IfjoxnqO7VOWBhE6eV6aRoo/G133gPCTY3t2D1m", "Student");;
INSERT INTO account (username, password, role) VALUES ("nLong95", "$2b$12$j1QiIEqJpYfPAUsHDweQDuJSlR06.hscxjrxxVGHyhOoMMSySmyb.", "Student");;
INSERT INTO account (username, password, role) VALUES ("jSenol96", "$2b$12$JFlvpAoGF.SqCRqNN/Y/I.CxQaW.if7rmju7RS95..aYrSWdCwETG", "Student");;
INSERT INTO account (username, password, role) VALUES ("zRoddy97", "$2b$12$SpEwx3O0y/PxwTmLcViouOcOD5G1KGLQV.wS8HeKD.wFxjq70TGsy", "Student");;
INSERT INTO account (username, password, role) VALUES ("cStanberry98", "$2b$12$/Zl9Wt2p7A.4kFGtulJRT.7bGvT9OUOKkcyQgSsRiqfUOvg23q5Uy", "Student");;
INSERT INTO account (username, password, role) VALUES ("lSmith99", "$2b$12$uf6gC/.uRJNEqsNmABPzienaod88bV6YW9Xqfo.s1ddTccph5JIBe", "Student");;
INSERT INTO account (username, password, role) VALUES ("tJohnson100", "$2b$12$RBpeL5lVUvDT9tKLBsNTye4TvDtwjmeJPBtCFQbKEbMC3u04QXSgy", "Student");;
INSERT INTO account (username, password, role) VALUES ("hWilliams101", "$2b$12$FkRrlPEpeOSKiwf5amSN2e5CNuccorm.I6HhjDxUue6L4j94Sitfu", "Student");;
INSERT INTO account (username, password, role) VALUES ("eBrown102", "$2b$12$Mxtw0N1g0IIf475A.v7L3eWeupPg5923q3PtPNZpQNhg8fn9E0OIW", "Student");;
INSERT INTO account (username, password, role) VALUES ("vJones103", "$2b$12$ls74KZheysW13cYGlmF5j.xso9xy2jbyJSfXiXDRyIOjRJncujBe.", "Student");;
INSERT INTO account (username, password, role) VALUES ("tGarcia104", "$2b$12$5ksa4V8pTf32w20gcgNeTu9iisGEIgKLdwC5sYURhKF06EzfOo.K.", "Student");;
INSERT INTO account (username, password, role) VALUES ("aMiller105", "$2b$12$.5WJ.ltePROgb1XLOFOWBO8dNqoOgSNXGG0MVlGwuRh96Z2UBfxrO", "Student");;
INSERT INTO account (username, password, role) VALUES ("cDavis106", "$2b$12$Q8Sy3YE3u28/lAGARc5mtepY.M0C1CO7bg.z8yNinDz.v9GEKXXIa", "Student");;
INSERT INTO account (username, password, role) VALUES ("sRodriguez107", "$2b$12$rXOp6e/Z4FwyPktm2rlnFOXV4h9nv1OMZL/LspedHcaq6yIaTwDk2", "Student");;
INSERT INTO account (username, password, role) VALUES ("cMartinez108", "$2b$12$sfn8UbUQDeihv4VQknlQSeNcIJe7Y/CfQIlV1bZx67E30zowsryLy", "Student");;
INSERT INTO account (username, password, role) VALUES ("aHernandez109", "$2b$12$NZVtGv7WIlMBg8z5WzbkKe5Bwl9kK6U.x8y8xSjq0neK/bb32.hIW", "Student");;
INSERT INTO account (username, password, role) VALUES ("aLopez110", "$2b$12$Q3NsHpwegwMGFVQzL0kAYui8PAAtEolmhnBbjxBGd6r3BDmHdlpi.", "Student");;
INSERT INTO account (username, password, role) VALUES ("bGonzalez111", "$2b$12$0AWgSEAOelHT0HLhFoxRder35Lru4gF8hDvQHUVrw/sTTIiU.22F2", "Student");;
INSERT INTO account (username, password, role) VALUES ("eWilson112", "$2b$12$AkWF2jVcTJHstob8fnrlxeYfWYyVC4.9oPbJHJtAkdzyvS/oGNAtC", "Student");;
INSERT INTO account (username, password, role) VALUES ("bAnderson113", "$2b$12$caF.kyEOxDFiCLJSiL6FjOsNMV0MzPIeMbH5XsvQDpi0I9yDGfPYG", "Student");;
INSERT INTO account (username, password, role) VALUES ("cThomas114", "$2b$12$sxD9loqBMsyxFDyVGpShyu0BvHmO.KjuWdCUVNyTbo5yrJakm0vXS", "Student");;
INSERT INTO account (username, password, role) VALUES ("cTaylor115", "$2b$12$KKK5rAAUYJkZZjC7cRepueeU5g8TQen2eeYzYLiyPT7jwUMP53.Me", "Student");;
INSERT INTO account (username, password, role) VALUES ("lMoore116", "$2b$12$a4b6S4qz0lCrHEFPlnPNtOmNYO72BqF6zJhIVwGzNT./5DhN.VJRe", "Student");;
INSERT INTO account (username, password, role) VALUES ("aJackson117", "$2b$12$H/guTgtjg7gwITQPeUhjwODJ/Moqnho6ub.RsktTTZEz2Tl5/2DxK", "Student");;
INSERT INTO account (username, password, role) VALUES ("cMartin118", "$2b$12$riZlGbpHzAZbzt3m1yhVk.7zor7iQ6BdqI2HYYGZ/Cs8ky.9LiUJa", "Student");;
INSERT INTO account (username, password, role) VALUES ("eLee119", "$2b$12$G/bwNqItRA/NKILBS71hb.MPhEWISJpg3BFIDMMvFT.02eTOzl7DC", "Student");;
INSERT INTO account (username, password, role) VALUES ("lPerez120", "$2b$12$ONvT4hKGT61tZaIzl4fcV.foX7yJMWbSZNEqE9H/lIUcoRX3x0MKe", "Student");;
INSERT INTO account (username, password, role) VALUES ("oThompson121", "$2b$12$MRWiKBfCWokkHO04Tz9MS./Hl0qb6yn.uAaVgBlBrnEhS0FJcwaCS", "Student");;
INSERT INTO account (username, password, role) VALUES ("nWhite122", "$2b$12$.VG7.QninY4gG5MWKX14SO/pJN70a.8ICc7vY126U3ot4QLBJGn7W", "Student");;
INSERT INTO account (username, password, role) VALUES ("aHarris123", "$2b$12$0hUYc9QrkHHT/yzDoYjf9ePSiN3.g9D3WQj64dc11v.iHakkx3MKm", "Student");;
INSERT INTO account (username, password, role) VALUES ("eSanchez124", "$2b$12$vHLhylDYKzOdJ8WBe6qG8.J6dsjAXD6tKZisEYgPytqasMFu7hWoy", "Student");;
INSERT INTO account (username, password, role) VALUES ("sClark125", "$2b$12$tPFNv17inN8n3Grny5m5XOe85gxsPp3aNjBV2S0iErAIqP5f3TCMG", "Student");;
INSERT INTO account (username, password, role) VALUES ("mRamirez126", "$2b$12$LCcET4KfXD2LwFsRXEFaU.aShxaKdW.AEJuVQwj0hLPZrw4G.B3ta", "Student");;
INSERT INTO account (username, password, role) VALUES ("iLewis127", "$2b$12$OR6eJ102JV65dtM/nTQzpupSPg9.oKRvn0XxAfebe18RaNHSCFu1e", "Student");;
INSERT INTO account (username, password, role) VALUES ("lRobinson128", "$2b$12$ciAKukvJrFtgHg7/KuflPu3EgAAR2nNtM3X/PVGTtDyIYVyP8eZn6", "Student");;
INSERT INTO account (username, password, role) VALUES ("mWalker129", "$2b$12$ondeDwKFPnojrCqdYUa95ukrmPOXTMH9h.WMxUBV/rqXKdJ5iVS1G", "Student");;
INSERT INTO account (username, password, role) VALUES ("oYoung130", "$2b$12$GiGx9Be8pMMqJOyuAQmE7O0MBM6LUw6lSNITs3/9LSvLcJ982nyRC", "Student");;
INSERT INTO account (username, password, role) VALUES ("cAllen131", "$2b$12$IxTBBzsnSDmfY41K1q1e6u2T2sIJsVNA.S.0Ip7nJweIudhf00g6e", "Student");;
INSERT INTO account (username, password, role) VALUES ("eKing132", "$2b$12$SPOmkybQH.ObpdpewDP20.KvpwQ.6vH95SdrGvUIHBQwaMm8pDUEC", "Student");;
INSERT INTO account (username, password, role) VALUES ("aWright133", "$2b$12$n.Pk8Z0puQ9XWZ/tPbohd.JOgPCBPPYyAci13gjUagxlMyLbTIS8.", "Student");;
INSERT INTO account (username, password, role) VALUES ("jScott134", "$2b$12$3PADfbE78VhEu4msN/EVN.KyQSTcc10GdeBnJY9OOtYo9OtMkoky6", "Student");;
INSERT INTO account (username, password, role) VALUES ("hTorres135", "$2b$12$WedKKQcR99h6Y4TjHTu.yOyGm6wgFEHb9Iuju/jHFE6dfBkS6N/OG", "Student");;
INSERT INTO account (username, password, role) VALUES ("bNguyen136", "$2b$12$ok8R85wmGq5ZgrX8RxeQMeLqkVUwb.GNVbrxNri6YRBNRjg49vIqC", "Student");;
INSERT INTO account (username, password, role) VALUES ("eHill137", "$2b$12$9fjD5JC3M3Qnrl4ZuT7SE.CTsZIDpLv.y3NePdXgsGONx93wTlxnK", "Student");;
INSERT INTO account (username, password, role) VALUES ("jFlores138", "$2b$12$u7FPqZnH/pC2qgZoz/Qf8Os52xvB8ckVwJEYJLJU3muUeDGIQaSkq", "Student");;
INSERT INTO account (username, password, role) VALUES ("aGreen139", "$2b$12$Pnhq.O3fhY.03NS4zykWYuTYdK6pMITnsD/mMxOsmu5YTNkc/ibo2", "Student");;
INSERT INTO account (username, password, role) VALUES ("mAdams140", "$2b$12$1ZDIY5fRhTpeLac7Yg19qOyiF9a74wjFAuuT00FmD/5GVOLxsniq6", "Student");;
INSERT INTO account (username, password, role) VALUES ("eNelson141", "$2b$12$w/vtCrO6JV/16XkwFCQG3ewtlvePBAnO8mb2TSDqa1O.LV8CFm9Mq", "Student");;
INSERT INTO account (username, password, role) VALUES ("wBaker142", "$2b$12$jIssvoGbJrOt3y1bWBrsMerd93Q8I.LTYhSJNJ1XIo0MrPh4zuwLS", "Student");;
INSERT INTO account (username, password, role) VALUES ("eHall143", "$2b$12$VpVan4g5O36xd6PqB1fNsumuUxr1ERZG37ckHOQTmICvChCuMePnm", "Student");;
INSERT INTO account (username, password, role) VALUES ("aRivera144", "$2b$12$YqEHImisz154fi0XW7PIx.yMmKtEXHDODzvF0P21sD6aWBjkBP68K", "Student");;
INSERT INTO account (username, password, role) VALUES ("mCampbell145", "$2b$12$GoBXqkHeMNwrs51MCrnvteL0lnltvb4kFudR2qiq4lRvmxBY4M7EG", "Student");;
INSERT INTO account (username, password, role) VALUES ("dMitchell146", "$2b$12$KcepLNptRUB9Wi3Fsyg0Suy0hNg.ho5uyqEJmDRwB10OH7GrBBYw2", "Student");;
INSERT INTO account (username, password, role) VALUES ("eCarter147", "$2b$12$ZJI7FZvh8ISkBCA1jcpim.q7aNUlDrYgkzOTpdT1wFAxrmTzv49Ei", "Student");;
INSERT INTO account (username, password, role) VALUES ("mRoberts148", "$2b$12$hIET3wBLMxLqF/SEjFhSa.dScz3j9e0UIdfjIox7easErrIAXUNl6", "Student");;
INSERT INTO account (username, password, role) VALUES ("aGomez149", "$2b$12$8gSnPTHwL.N3x3JfwxLrpuH39RcwSynDovHDaBuT1vgkNxyxe7uOa", "Student");;
INSERT INTO account (username, password, role) VALUES ("hPhillips150", "$2b$12$PAQUznUvYEcHCkpDaLNdpejE1Tfb0k3f7Rib3Fkgp5.oLgb1J6gUW", "Student");;
INSERT INTO course (title, department_ID, credits) VALUES ("Elementary French 1", 1, 23);;
INSERT INTO course (title, department_ID, credits) VALUES ("CS3", 2, 85);;
INSERT INTO course (title, department_ID, credits) VALUES ("General Chemistry", 3, 35);;
INSERT INTO course (title, department_ID, credits) VALUES ("Computer Networks", 4, 34);;
INSERT INTO course (title, department_ID, credits) VALUES ("Calculus I", 5, 19);;
INSERT INTO course (title, department_ID, credits) VALUES ("Calculus III", 6, 70);;
INSERT INTO course (title, department_ID, credits) VALUES ("Shakespeare", 7, 23);;
INSERT INTO course (title, department_ID, credits) VALUES ("Evolution", 8, 83);;
INSERT INTO course (title, department_ID, credits) VALUES ("Elementary French 2", 9, 90);;
INSERT INTO course (title, department_ID, credits) VALUES ("Elementary German", 10, 29);;
INSERT INTO course (title, department_ID, credits) VALUES ("Evolution", 11, 9);;
INSERT INTO course (title, department_ID, credits) VALUES ("Intermediate Spanish", 12, 11);;
INSERT INTO course (title, department_ID, credits) VALUES ("Microeconomics", 13, 70);;
INSERT INTO course (title, department_ID, credits) VALUES ("General Biology", 14, 72);;
INSERT INTO course (title, department_ID, credits) VALUES ("Organic Chemistry", 15, 6);;
INSERT INTO course (title, department_ID, credits) VALUES ("Discrete Structures", 16, 89);;
INSERT INTO course (title, department_ID, credits) VALUES ("Biochemistry", 17, 86);;
INSERT INTO course (title, department_ID, credits) VALUES ("Elementary German", 18, 31);;
INSERT INTO course (title, department_ID, credits) VALUES ("Evolution", 19, 65);;
INSERT INTO course (title, department_ID, credits) VALUES ("Medieval History", 20, 11);;
INSERT INTO course (title, department_ID, credits) VALUES ("Genetics", 21, 27);;
INSERT INTO course (title, department_ID, credits) VALUES ("Elementary German", 22, 95);;
INSERT INTO course (title, department_ID, credits) VALUES ("Macroeconomics", 23, 19);;
INSERT INTO course (title, department_ID, credits) VALUES ("Algorithms", 24, 31);;
INSERT INTO course (title, department_ID, credits) VALUES ("Developmental Psychology", 25, 16);;
INSERT INTO course (title, department_ID, credits) VALUES ("CS4", 26, 21);;
INSERT INTO course (title, department_ID, credits) VALUES ("Social Psychology", 27, 81);;
INSERT INTO course (title, department_ID, credits) VALUES ("Microeconomics", 28, 54);;
INSERT INTO course (title, department_ID, credits) VALUES ("Macroeconomics", 29, 87);;
INSERT INTO course (title, department_ID, credits) VALUES ("Analytical Chemistry", 30, 56);;
INSERT INTO course (title, department_ID, credits) VALUES ("Molecular Biology", 31, 6);;
INSERT INTO course (title, department_ID, credits) VALUES ("Intermediate Spanish", 32, 90);;
INSERT INTO course (title, department_ID, credits) VALUES ("Complex Analysis", 33, 15);;
INSERT INTO course (title, department_ID, credits) VALUES ("Elementary Spanish 1", 34, 70);;
INSERT INTO course (title, department_ID, credits) VALUES ("Organic Chemistry", 35, 85);;
INSERT INTO course (title, department_ID, credits) VALUES ("Quantum Mechanics", 36, 37);;
INSERT INTO course (title, department_ID, credits) VALUES ("CS1", 37, 65);;
INSERT INTO course (title, department_ID, credits) VALUES ("Abstract Algebra", 38, 82);;
INSERT INTO course (title, department_ID, credits) VALUES ("General Chemistry", 39, 61);;
INSERT INTO course (title, department_ID, credits) VALUES ("Poetry Workshop", 40, 60);;
INSERT INTO course (title, department_ID, credits) VALUES ("Intermediate French", 41, 32);;
INSERT INTO course (title, department_ID, credits) VALUES ("Macroeconomics", 42, 31);;
INSERT INTO course (title, department_ID, credits) VALUES ("Composition I", 43, 49);;
INSERT INTO course (title, department_ID, credits) VALUES ("US History", 44, 90);;
INSERT INTO course (title, department_ID, credits) VALUES ("Microeconomics", 45, 80);;
INSERT INTO course (title, department_ID, credits) VALUES ("European History", 46, 66);;
INSERT INTO course (title, department_ID, credits) VALUES ("Elementary Spanish 2", 47, 19);;
INSERT INTO course (title, department_ID, credits) VALUES ("General Biology", 48, 27);;
INSERT INTO course (title, department_ID, credits) VALUES ("Composition I", 49, 34);;
INSERT INTO course (title, department_ID, credits) VALUES ("Computer Architecture", 50, 16);;
INSERT INTO course (title, department_ID, credits) VALUES ("American Literature", 51, 3);;
INSERT INTO course (title, department_ID, credits) VALUES ("Pharmacology", 52, 18);;
INSERT INTO course (title, department_ID, credits) VALUES ("Technical Writing", 53, 51);;
INSERT INTO course (title, department_ID, credits) VALUES ("Cognitive Psychology", 54, 34);;
INSERT INTO course (title, department_ID, credits) VALUES ("Thermodynamics", 55, 10);;
INSERT INTO course (title, department_ID, credits) VALUES ("Film Studies", 56, 37);;
INSERT INTO course (title, department_ID, credits) VALUES ("Evolution", 57, 45);;
INSERT INTO course (title, department_ID, credits) VALUES ("Web Development", 58, 28);;
INSERT INTO course (title, department_ID, credits) VALUES ("Cognitive Psychology", 59, 16);;
INSERT INTO course (title, department_ID, credits) VALUES ("Statistics I", 60, 60);;
INSERT INTO course (title, department_ID, credits) VALUES ("Econometrics", 61, 22);;
INSERT INTO course (title, department_ID, credits) VALUES ("Intro to Sociology", 62, 31);;
INSERT INTO course (title, department_ID, credits) VALUES ("Number Theory", 63, 67);;
INSERT INTO course (title, department_ID, credits) VALUES ("CS1", 64, 46);;
INSERT INTO course (title, department_ID, credits) VALUES ("CS4", 65, 3);;
INSERT INTO course (title, department_ID, credits) VALUES ("Technical Writing", 66, 92);;
INSERT INTO course (title, department_ID, credits) VALUES ("CS4", 67, 24);;
INSERT INTO course (title, department_ID, credits) VALUES ("Comparative Politics", 68, 38);;
INSERT INTO course (title, department_ID, credits) VALUES ("Elementary German", 69, 7);;
INSERT INTO course (title, department_ID, credits) VALUES ("Machine Learning", 70, 19);;
INSERT INTO course (title, department_ID, credits) VALUES ("British Literature", 71, 63);;
INSERT INTO course (title, department_ID, credits) VALUES ("British Literature", 72, 64);;
INSERT INTO course (title, department_ID, credits) VALUES ("Machine Learning", 73, 46);;
INSERT INTO course (title, department_ID, credits) VALUES ("Linear Algebra", 74, 54);;
INSERT INTO course (title, department_ID, credits) VALUES ("Genetics", 75, 50);;
INSERT INTO course (title, department_ID, credits) VALUES ("Cultural Anthropology", 76, 2);;
INSERT INTO course (title, department_ID, credits) VALUES ("Elementary Spanish 1", 77, 18);;
INSERT INTO course (title, department_ID, credits) VALUES ("Logic", 78, 87);;
INSERT INTO course (title, department_ID, credits) VALUES ("Elementary German", 79, 89);;
INSERT INTO course (title, department_ID, credits) VALUES ("Classical Mechanics", 80, 86);;
INSERT INTO course (title, department_ID, credits) VALUES ("Compilers", 81, 14);;
INSERT INTO course (title, department_ID, credits) VALUES ("Statistics I", 82, 19);;
INSERT INTO course (title, department_ID, credits) VALUES ("Elementary Japanese 2", 83, 63);;
INSERT INTO course (title, department_ID, credits) VALUES ("Machine Learning", 84, 42);;
INSERT INTO course (title, department_ID, credits) VALUES ("Ethics", 85, 77);;
INSERT INTO course (title, department_ID, credits) VALUES ("Calculus III", 86, 58);;
INSERT INTO course (title, department_ID, credits) VALUES ("Real Analysis", 87, 71);;
INSERT INTO course (title, department_ID, credits) VALUES ("Intro to Databases", 88, 39);;
INSERT INTO course (title, department_ID, credits) VALUES ("Pharmacology", 89, 88);;
INSERT INTO course (title, department_ID, credits) VALUES ("Logic", 90, 76);;
INSERT INTO course (title, department_ID, credits) VALUES ("Differential Equations", 91, 7);;
INSERT INTO course (title, department_ID, credits) VALUES ("Optics", 92, 43);;
INSERT INTO course (title, department_ID, credits) VALUES ("Cognitive Psychology", 93, 39);;
INSERT INTO course (title, department_ID, credits) VALUES ("Intro to Music Theory", 94, 8);;
INSERT INTO course (title, department_ID, credits) VALUES ("Data Structures", 95, 3);;
INSERT INTO course (title, department_ID, credits) VALUES ("Intro to Databases", 96, 23);;
INSERT INTO course (title, department_ID, credits) VALUES ("Real Analysis", 97, 63);;
INSERT INTO course (title, department_ID, credits) VALUES ("Cloud Computing", 98, 66);;
INSERT INTO course (title, department_ID, credits) VALUES ("Computer Networks", 99, 84);;
INSERT INTO course (title, department_ID, credits) VALUES ("Pharmacology", 100, 61);;
INSERT INTO instructor (first_name, last_name, department_ID, salary, account_ID) VALUES ("Lena", "Park", 1, 294534.29, 18);;
INSERT INTO instructor (first_name, last_name, department_ID, salary, account_ID) VALUES ("Quincy", "Tremblay", 2, 663261.66, 19);;
INSERT INTO instructor (first_name, last_name, department_ID, salary, account_ID) VALUES ("Javed", "Zimmer", 3, 802874.8, 20);;
INSERT INTO instructor (first_name, last_name, department_ID, salary, account_ID) VALUES ("Xavier", "Bauer", 4, 469090.46, 21);;
INSERT INTO instructor (first_name, last_name, department_ID, salary, account_ID) VALUES ("Gustavo", "Mehta", 5, 434262.43, 22);;
INSERT INTO instructor (first_name, last_name, department_ID, salary, account_ID) VALUES ("Tariq", "Ellis", 6, 465903.46, 23);;
INSERT INTO instructor (first_name, last_name, department_ID, salary, account_ID) VALUES ("Gustavo", "Yildiz", 7, 201988.2, 24);;
INSERT INTO instructor (first_name, last_name, department_ID, salary, account_ID) VALUES ("Alan", "Cortez", 8, 446818.44, 25);;
INSERT INTO instructor (first_name, last_name, department_ID, salary, account_ID) VALUES ("Oksana", "Daher", 9, 559553.55, 26);;
INSERT INTO instructor (first_name, last_name, department_ID, salary, account_ID) VALUES ("Nadia", "Andersson", 10, 993400.99, 27);;
INSERT INTO instructor (first_name, last_name, department_ID, salary, account_ID) VALUES ("Claire", "Hartley", 1, 75000.0, 2);;
INSERT INTO section (classroom_ID, course_ID, semester, year, building_ID, time_slot_ID) VALUES (1, 1, "Spring", 2026, 1, 1);;
INSERT INTO section (classroom_ID, course_ID, semester, year, building_ID, time_slot_ID) VALUES (2, 2, "Spring", 2026, 2, 2);;
INSERT INTO section (classroom_ID, course_ID, semester, year, building_ID, time_slot_ID) VALUES (3, 3, "Spring", 2026, 3, 3);;
INSERT INTO section (classroom_ID, course_ID, semester, year, building_ID, time_slot_ID) VALUES (4, 4, "Spring", 2026, 4, 4);;
INSERT INTO section (classroom_ID, course_ID, semester, year, building_ID, time_slot_ID) VALUES (5, 5, "Spring", 2026, 5, 5);;
INSERT INTO section (classroom_ID, course_ID, semester, year, building_ID, time_slot_ID) VALUES (6, 6, "Spring", 2026, 6, 6);;
INSERT INTO section (classroom_ID, course_ID, semester, year, building_ID, time_slot_ID) VALUES (7, 7, "Spring", 2026, 7, 7);;
INSERT INTO section (classroom_ID, course_ID, semester, year, building_ID, time_slot_ID) VALUES (8, 8, "Spring", 2026, 8, 8);;
INSERT INTO section (classroom_ID, course_ID, semester, year, building_ID, time_slot_ID) VALUES (9, 9, "Spring", 2026, 9, 9);;
INSERT INTO section (classroom_ID, course_ID, semester, year, building_ID, time_slot_ID) VALUES (10, 10, "Spring", 2026, 10, 10);;
INSERT INTO section (classroom_ID, course_ID, semester, year, building_ID, time_slot_ID) VALUES (11, 11, "Spring", 2026, 11, 11);;
INSERT INTO section (classroom_ID, course_ID, semester, year, building_ID, time_slot_ID) VALUES (12, 12, "Spring", 2026, 12, 12);;
INSERT INTO section (classroom_ID, course_ID, semester, year, building_ID, time_slot_ID) VALUES (13, 13, "Spring", 2026, 13, 13);;
INSERT INTO section (classroom_ID, course_ID, semester, year, building_ID, time_slot_ID) VALUES (14, 14, "Spring", 2026, 14, 14);;
INSERT INTO section (classroom_ID, course_ID, semester, year, building_ID, time_slot_ID) VALUES (15, 15, "Spring", 2026, 15, 15);;
INSERT INTO section (classroom_ID, course_ID, semester, year, building_ID, time_slot_ID) VALUES (16, 16, "Spring", 2026, 16, 16);;
INSERT INTO section (classroom_ID, course_ID, semester, year, building_ID, time_slot_ID) VALUES (17, 17, "Spring", 2026, 17, 17);;
INSERT INTO section (classroom_ID, course_ID, semester, year, building_ID, time_slot_ID) VALUES (18, 18, "Spring", 2026, 18, 18);;
INSERT INTO section (classroom_ID, course_ID, semester, year, building_ID, time_slot_ID) VALUES (19, 19, "Spring", 2026, 19, 19);;
INSERT INTO section (classroom_ID, course_ID, semester, year, building_ID, time_slot_ID) VALUES (20, 20, "Spring", 2026, 20, 20);;
INSERT INTO section (classroom_ID, course_ID, semester, year, building_ID, time_slot_ID) VALUES (21, 21, "Spring", 2017, 21, 21);;
INSERT INTO section (classroom_ID, course_ID, semester, year, building_ID, time_slot_ID) VALUES (22, 22, "Winter", 2027, 22, 22);;
INSERT INTO section (classroom_ID, course_ID, semester, year, building_ID, time_slot_ID) VALUES (23, 23, "Fall", 2017, 23, 23);;
INSERT INTO section (classroom_ID, course_ID, semester, year, building_ID, time_slot_ID) VALUES (24, 24, "Winter", 2024, 24, 24);;
INSERT INTO section (classroom_ID, course_ID, semester, year, building_ID, time_slot_ID) VALUES (25, 25, "Summer", 2026, 25, 25);;
INSERT INTO section (classroom_ID, course_ID, semester, year, building_ID, time_slot_ID) VALUES (26, 26, "Spring", 2028, 26, 26);;
INSERT INTO section (classroom_ID, course_ID, semester, year, building_ID, time_slot_ID) VALUES (27, 27, "Spring", 2020, 27, 27);;
INSERT INTO section (classroom_ID, course_ID, semester, year, building_ID, time_slot_ID) VALUES (28, 28, "Spring", 2024, 28, 28);;
INSERT INTO section (classroom_ID, course_ID, semester, year, building_ID, time_slot_ID) VALUES (29, 29, "Spring", 2022, 29, 29);;
INSERT INTO section (classroom_ID, course_ID, semester, year, building_ID, time_slot_ID) VALUES (30, 30, "Spring", 2016, 30, 30);;
INSERT INTO section (classroom_ID, course_ID, semester, year, building_ID, time_slot_ID) VALUES (31, 31, "Summer", 2020, 31, 31);;
INSERT INTO section (classroom_ID, course_ID, semester, year, building_ID, time_slot_ID) VALUES (32, 32, "Spring", 2015, 32, 32);;
INSERT INTO section (classroom_ID, course_ID, semester, year, building_ID, time_slot_ID) VALUES (33, 33, "Winter", 2022, 33, 33);;
INSERT INTO section (classroom_ID, course_ID, semester, year, building_ID, time_slot_ID) VALUES (34, 34, "Spring", 2021, 34, 34);;
INSERT INTO section (classroom_ID, course_ID, semester, year, building_ID, time_slot_ID) VALUES (35, 35, "Summer", 2017, 35, 35);;
INSERT INTO section (classroom_ID, course_ID, semester, year, building_ID, time_slot_ID) VALUES (36, 36, "Spring", 2015, 36, 36);;
INSERT INTO section (classroom_ID, course_ID, semester, year, building_ID, time_slot_ID) VALUES (37, 37, "Winter", 2028, 37, 37);;
INSERT INTO section (classroom_ID, course_ID, semester, year, building_ID, time_slot_ID) VALUES (38, 38, "Summer", 2026, 38, 38);;
INSERT INTO section (classroom_ID, course_ID, semester, year, building_ID, time_slot_ID) VALUES (39, 39, "Winter", 2021, 39, 39);;
INSERT INTO section (classroom_ID, course_ID, semester, year, building_ID, time_slot_ID) VALUES (40, 40, "Spring", 2029, 40, 40);;
INSERT INTO section (classroom_ID, course_ID, semester, year, building_ID, time_slot_ID) VALUES (41, 41, "Spring", 2023, 41, 41);;
INSERT INTO section (classroom_ID, course_ID, semester, year, building_ID, time_slot_ID) VALUES (42, 42, "Winter", 2015, 42, 42);;
INSERT INTO section (classroom_ID, course_ID, semester, year, building_ID, time_slot_ID) VALUES (43, 43, "Fall", 2024, 43, 43);;
INSERT INTO section (classroom_ID, course_ID, semester, year, building_ID, time_slot_ID) VALUES (44, 44, "Spring", 2019, 44, 44);;
INSERT INTO section (classroom_ID, course_ID, semester, year, building_ID, time_slot_ID) VALUES (45, 45, "Summer", 2020, 45, 45);;
INSERT INTO section (classroom_ID, course_ID, semester, year, building_ID, time_slot_ID) VALUES (46, 46, "Summer", 2019, 46, 46);;
INSERT INTO section (classroom_ID, course_ID, semester, year, building_ID, time_slot_ID) VALUES (47, 47, "Winter", 2025, 47, 47);;
INSERT INTO section (classroom_ID, course_ID, semester, year, building_ID, time_slot_ID) VALUES (48, 48, "Summer", 2025, 48, 48);;
INSERT INTO section (classroom_ID, course_ID, semester, year, building_ID, time_slot_ID) VALUES (49, 49, "Fall", 2018, 49, 49);;
INSERT INTO section (classroom_ID, course_ID, semester, year, building_ID, time_slot_ID) VALUES (50, 50, "Fall", 2018, 50, 50);;
INSERT INTO section (classroom_ID, course_ID, semester, year, building_ID, time_slot_ID) VALUES (51, 51, "Spring", 2019, 51, 51);;
INSERT INTO section (classroom_ID, course_ID, semester, year, building_ID, time_slot_ID) VALUES (52, 52, "Fall", 2025, 52, 52);;
INSERT INTO section (classroom_ID, course_ID, semester, year, building_ID, time_slot_ID) VALUES (53, 53, "Spring", 2015, 53, 53);;
INSERT INTO section (classroom_ID, course_ID, semester, year, building_ID, time_slot_ID) VALUES (54, 54, "Spring", 2020, 54, 54);;
INSERT INTO section (classroom_ID, course_ID, semester, year, building_ID, time_slot_ID) VALUES (55, 55, "Fall", 2016, 55, 55);;
INSERT INTO section (classroom_ID, course_ID, semester, year, building_ID, time_slot_ID) VALUES (56, 56, "Fall", 2015, 56, 56);;
INSERT INTO section (classroom_ID, course_ID, semester, year, building_ID, time_slot_ID) VALUES (57, 57, "Spring", 2026, 57, 57);;
INSERT INTO section (classroom_ID, course_ID, semester, year, building_ID, time_slot_ID) VALUES (58, 58, "Spring", 2023, 58, 58);;
INSERT INTO section (classroom_ID, course_ID, semester, year, building_ID, time_slot_ID) VALUES (59, 59, "Summer", 2025, 59, 59);;
INSERT INTO section (classroom_ID, course_ID, semester, year, building_ID, time_slot_ID) VALUES (60, 60, "Spring", 2027, 60, 60);;
INSERT INTO section (classroom_ID, course_ID, semester, year, building_ID, time_slot_ID) VALUES (61, 61, "Spring", 2021, 61, 61);;
INSERT INTO section (classroom_ID, course_ID, semester, year, building_ID, time_slot_ID) VALUES (62, 62, "Fall", 2018, 62, 62);;
INSERT INTO section (classroom_ID, course_ID, semester, year, building_ID, time_slot_ID) VALUES (63, 63, "Spring", 2018, 63, 63);;
INSERT INTO section (classroom_ID, course_ID, semester, year, building_ID, time_slot_ID) VALUES (64, 64, "Summer", 2025, 64, 64);;
INSERT INTO section (classroom_ID, course_ID, semester, year, building_ID, time_slot_ID) VALUES (65, 65, "Spring", 2015, 65, 65);;
INSERT INTO section (classroom_ID, course_ID, semester, year, building_ID, time_slot_ID) VALUES (66, 66, "Winter", 2020, 66, 66);;
INSERT INTO section (classroom_ID, course_ID, semester, year, building_ID, time_slot_ID) VALUES (67, 67, "Summer", 2020, 67, 67);;
INSERT INTO section (classroom_ID, course_ID, semester, year, building_ID, time_slot_ID) VALUES (68, 68, "Summer", 2028, 68, 68);;
INSERT INTO section (classroom_ID, course_ID, semester, year, building_ID, time_slot_ID) VALUES (69, 69, "Fall", 2017, 69, 69);;
INSERT INTO section (classroom_ID, course_ID, semester, year, building_ID, time_slot_ID) VALUES (70, 70, "Spring", 2024, 70, 70);;
INSERT INTO section (classroom_ID, course_ID, semester, year, building_ID, time_slot_ID) VALUES (71, 71, "Summer", 2017, 71, 71);;
INSERT INTO section (classroom_ID, course_ID, semester, year, building_ID, time_slot_ID) VALUES (72, 72, "Spring", 2015, 72, 72);;
INSERT INTO section (classroom_ID, course_ID, semester, year, building_ID, time_slot_ID) VALUES (73, 73, "Winter", 2024, 73, 73);;
INSERT INTO section (classroom_ID, course_ID, semester, year, building_ID, time_slot_ID) VALUES (74, 74, "Winter", 2025, 74, 74);;
INSERT INTO section (classroom_ID, course_ID, semester, year, building_ID, time_slot_ID) VALUES (75, 75, "Summer", 2029, 75, 75);;
INSERT INTO section (classroom_ID, course_ID, semester, year, building_ID, time_slot_ID) VALUES (76, 76, "Winter", 2015, 76, 76);;
INSERT INTO section (classroom_ID, course_ID, semester, year, building_ID, time_slot_ID) VALUES (77, 77, "Winter", 2023, 77, 77);;
INSERT INTO section (classroom_ID, course_ID, semester, year, building_ID, time_slot_ID) VALUES (78, 78, "Spring", 2021, 78, 78);;
INSERT INTO section (classroom_ID, course_ID, semester, year, building_ID, time_slot_ID) VALUES (79, 79, "Spring", 2019, 79, 79);;
INSERT INTO section (classroom_ID, course_ID, semester, year, building_ID, time_slot_ID) VALUES (80, 80, "Winter", 2027, 80, 80);;
INSERT INTO section (classroom_ID, course_ID, semester, year, building_ID, time_slot_ID) VALUES (81, 81, "Fall", 2024, 81, 81);;
INSERT INTO section (classroom_ID, course_ID, semester, year, building_ID, time_slot_ID) VALUES (82, 82, "Fall", 2027, 82, 82);;
INSERT INTO section (classroom_ID, course_ID, semester, year, building_ID, time_slot_ID) VALUES (83, 83, "Fall", 2026, 83, 83);;
INSERT INTO section (classroom_ID, course_ID, semester, year, building_ID, time_slot_ID) VALUES (84, 84, "Winter", 2025, 84, 84);;
INSERT INTO section (classroom_ID, course_ID, semester, year, building_ID, time_slot_ID) VALUES (85, 85, "Spring", 2028, 85, 85);;
INSERT INTO section (classroom_ID, course_ID, semester, year, building_ID, time_slot_ID) VALUES (86, 86, "Fall", 2029, 86, 86);;
INSERT INTO section (classroom_ID, course_ID, semester, year, building_ID, time_slot_ID) VALUES (87, 87, "Summer", 2019, 87, 87);;
INSERT INTO section (classroom_ID, course_ID, semester, year, building_ID, time_slot_ID) VALUES (88, 88, "Summer", 2024, 88, 88);;
INSERT INTO section (classroom_ID, course_ID, semester, year, building_ID, time_slot_ID) VALUES (89, 89, "Fall", 2021, 89, 89);;
INSERT INTO section (classroom_ID, course_ID, semester, year, building_ID, time_slot_ID) VALUES (90, 90, "Fall", 2018, 90, 90);;
INSERT INTO section (classroom_ID, course_ID, semester, year, building_ID, time_slot_ID) VALUES (91, 91, "Spring", 2022, 91, 91);;
INSERT INTO section (classroom_ID, course_ID, semester, year, building_ID, time_slot_ID) VALUES (92, 92, "Winter", 2021, 92, 92);;
INSERT INTO section (classroom_ID, course_ID, semester, year, building_ID, time_slot_ID) VALUES (93, 93, "Spring", 2018, 93, 93);;
INSERT INTO section (classroom_ID, course_ID, semester, year, building_ID, time_slot_ID) VALUES (94, 94, "Spring", 2024, 94, 94);;
INSERT INTO section (classroom_ID, course_ID, semester, year, building_ID, time_slot_ID) VALUES (95, 95, "Summer", 2023, 95, 95);;
INSERT INTO section (classroom_ID, course_ID, semester, year, building_ID, time_slot_ID) VALUES (96, 96, "Spring", 2017, 96, 96);;
INSERT INTO section (classroom_ID, course_ID, semester, year, building_ID, time_slot_ID) VALUES (97, 97, "Summer", 2024, 97, 97);;
INSERT INTO section (classroom_ID, course_ID, semester, year, building_ID, time_slot_ID) VALUES (98, 98, "Summer", 2020, 98, 98);;
INSERT INTO section (classroom_ID, course_ID, semester, year, building_ID, time_slot_ID) VALUES (99, 99, "Spring", 2018, 99, 99);;
INSERT INTO section (classroom_ID, course_ID, semester, year, building_ID, time_slot_ID) VALUES (100, 100, "Spring", 2024, 100, 100);;
INSERT INTO student (first_name, last_name, department_ID, total_cred, advisor_ID, account_ID) VALUES ("Isaac", "Nelson", 1, 192, 1, 4);;
INSERT INTO student (first_name, last_name, department_ID, total_cred, advisor_ID, account_ID) VALUES ("Samuel", "Morales", 2, 66, 2, 5);;
INSERT INTO student (first_name, last_name, department_ID, total_cred, advisor_ID, account_ID) VALUES ("Camila", "Miller", 3, 186, 3, 6);;
INSERT INTO student (first_name, last_name, department_ID, total_cred, advisor_ID, account_ID) VALUES ("Brooklyn", "Howard", 4, 100, 4, 7);;
INSERT INTO student (first_name, last_name, department_ID, total_cred, advisor_ID, account_ID) VALUES ("Mila", "Ward", 5, 153, 5, 8);;
INSERT INTO student (first_name, last_name, department_ID, total_cred, advisor_ID, account_ID) VALUES ("Joseph", "Parker", 6, 11, 6, 9);;
INSERT INTO student (first_name, last_name, department_ID, total_cred, advisor_ID, account_ID) VALUES ("Andrew", "Williams", 7, 26, 7, 10);;
INSERT INTO student (first_name, last_name, department_ID, total_cred, advisor_ID, account_ID) VALUES ("Mila", "Ramirez", 8, 24, 8, 11);;
INSERT INTO student (first_name, last_name, department_ID, total_cred, advisor_ID, account_ID) VALUES ("Scarlett", "Senol", 9, 30, 9, 12);;
INSERT INTO student (first_name, last_name, department_ID, total_cred, advisor_ID, account_ID) VALUES ("Zoe", "Mendoza", 10, 201, 10, 13);;
INSERT INTO student (first_name, last_name, department_ID, total_cred, advisor_ID, account_ID) VALUES ("Elijah", "Jones", 11, 147, 10, 14);;
INSERT INTO student (first_name, last_name, department_ID, total_cred, advisor_ID, account_ID) VALUES ("Liam", "Wood", 12, 131, 10, 15);;
INSERT INTO student (first_name, last_name, department_ID, total_cred, advisor_ID, account_ID) VALUES ("Elijah", "James", 13, 93, 1, 16);;
INSERT INTO student (first_name, last_name, department_ID, total_cred, advisor_ID, account_ID) VALUES ("Evelyn", "Brooks", 14, 184, 3, 17);;
INSERT INTO student (first_name, last_name, department_ID, total_cred, advisor_ID, account_ID) VALUES ("Jordan", "Reyes", 1, 30, 11, 3);;
INSERT INTO student (first_name, last_name, department_ID, total_cred, advisor_ID, account_ID) VALUES ("Logan", "Moore", 1, 15, 1, 28);;
INSERT INTO student (first_name, last_name, department_ID, total_cred, advisor_ID, account_ID) VALUES ("Andrew", "Jackson", 2, 30, 2, 29);;
INSERT INTO student (first_name, last_name, department_ID, total_cred, advisor_ID, account_ID) VALUES ("Caleb", "Martin", 3, 45, 3, 30);;
INSERT INTO student (first_name, last_name, department_ID, total_cred, advisor_ID, account_ID) VALUES ("Emma", "Lee", 4, 60, 4, 31);;
INSERT INTO student (first_name, last_name, department_ID, total_cred, advisor_ID, account_ID) VALUES ("Liam", "Perez", 5, 75, 5, 32);;
INSERT INTO student (first_name, last_name, department_ID, total_cred, advisor_ID, account_ID) VALUES ("Olivia", "Thompson", 6, 90, 6, 33);;
INSERT INTO student (first_name, last_name, department_ID, total_cred, advisor_ID, account_ID) VALUES ("Noah", "White", 7, 105, 7, 34);;
INSERT INTO student (first_name, last_name, department_ID, total_cred, advisor_ID, account_ID) VALUES ("Ava", "Harris", 8, 120, 8, 35);;
INSERT INTO student (first_name, last_name, department_ID, total_cred, advisor_ID, account_ID) VALUES ("Ethan", "Sanchez", 9, 135, 9, 36);;
INSERT INTO student (first_name, last_name, department_ID, total_cred, advisor_ID, account_ID) VALUES ("Sophia", "Clark", 10, 150, 10, 37);;
INSERT INTO student (first_name, last_name, department_ID, total_cred, advisor_ID, account_ID) VALUES ("Mason", "Ramirez", 11, 165, 11, 38);;
INSERT INTO student (first_name, last_name, department_ID, total_cred, advisor_ID, account_ID) VALUES ("Isabella", "Lewis", 12, 180, 1, 39);;
INSERT INTO student (first_name, last_name, department_ID, total_cred, advisor_ID, account_ID) VALUES ("Lucas", "Robinson", 13, 195, 2, 40);;
INSERT INTO student (first_name, last_name, department_ID, total_cred, advisor_ID, account_ID) VALUES ("Mia", "Walker", 14, 210, 3, 41);;
INSERT INTO student (first_name, last_name, department_ID, total_cred, advisor_ID, account_ID) VALUES ("Oliver", "Young", 1, 225, 4, 42);;
INSERT INTO student (first_name, last_name, department_ID, total_cred, advisor_ID, account_ID) VALUES ("Charlotte", "Allen", 2, 15, 5, 43);;
INSERT INTO student (first_name, last_name, department_ID, total_cred, advisor_ID, account_ID) VALUES ("Elijah", "King", 3, 30, 6, 44);;
INSERT INTO student (first_name, last_name, department_ID, total_cred, advisor_ID, account_ID) VALUES ("Amelia", "Wright", 4, 45, 7, 45);;
INSERT INTO student (first_name, last_name, department_ID, total_cred, advisor_ID, account_ID) VALUES ("James", "Scott", 5, 60, 8, 46);;
INSERT INTO student (first_name, last_name, department_ID, total_cred, advisor_ID, account_ID) VALUES ("Harper", "Torres", 6, 75, 9, 47);;
INSERT INTO student (first_name, last_name, department_ID, total_cred, advisor_ID, account_ID) VALUES ("Benjamin", "Nguyen", 7, 90, 10, 48);;
INSERT INTO student (first_name, last_name, department_ID, total_cred, advisor_ID, account_ID) VALUES ("Evelyn", "Hill", 8, 105, 11, 49);;
INSERT INTO student (first_name, last_name, department_ID, total_cred, advisor_ID, account_ID) VALUES ("Jacob", "Flores", 9, 120, 1, 50);;
INSERT INTO student (first_name, last_name, department_ID, total_cred, advisor_ID, account_ID) VALUES ("Abigail", "Green", 10, 135, 2, 51);;
INSERT INTO student (first_name, last_name, department_ID, total_cred, advisor_ID, account_ID) VALUES ("Michael", "Adams", 11, 150, 3, 52);;
INSERT INTO student (first_name, last_name, department_ID, total_cred, advisor_ID, account_ID) VALUES ("Emily", "Nelson", 12, 165, 4, 53);;
INSERT INTO student (first_name, last_name, department_ID, total_cred, advisor_ID, account_ID) VALUES ("William", "Baker", 13, 180, 5, 54);;
INSERT INTO student (first_name, last_name, department_ID, total_cred, advisor_ID, account_ID) VALUES ("Elizabeth", "Hall", 14, 195, 6, 55);;
INSERT INTO student (first_name, last_name, department_ID, total_cred, advisor_ID, account_ID) VALUES ("Alexander", "Rivera", 1, 210, 7, 56);;
INSERT INTO student (first_name, last_name, department_ID, total_cred, advisor_ID, account_ID) VALUES ("Mila", "Campbell", 2, 225, 8, 57);;
INSERT INTO student (first_name, last_name, department_ID, total_cred, advisor_ID, account_ID) VALUES ("Daniel", "Mitchell", 3, 15, 9, 58);;
INSERT INTO student (first_name, last_name, department_ID, total_cred, advisor_ID, account_ID) VALUES ("Ella", "Carter", 4, 30, 10, 59);;
INSERT INTO student (first_name, last_name, department_ID, total_cred, advisor_ID, account_ID) VALUES ("Matthew", "Roberts", 5, 45, 11, 60);;
INSERT INTO student (first_name, last_name, department_ID, total_cred, advisor_ID, account_ID) VALUES ("Avery", "Gomez", 6, 60, 1, 61);;
INSERT INTO student (first_name, last_name, department_ID, total_cred, advisor_ID, account_ID) VALUES ("Henry", "Phillips", 7, 75, 2, 62);;
INSERT INTO student (first_name, last_name, department_ID, total_cred, advisor_ID, account_ID) VALUES ("Sofia", "Evans", 8, 90, 3, 63);;
INSERT INTO student (first_name, last_name, department_ID, total_cred, advisor_ID, account_ID) VALUES ("Jackson", "Turner", 9, 105, 4, 64);;
INSERT INTO student (first_name, last_name, department_ID, total_cred, advisor_ID, account_ID) VALUES ("Camila", "Diaz", 10, 120, 5, 65);;
INSERT INTO student (first_name, last_name, department_ID, total_cred, advisor_ID, account_ID) VALUES ("Sebastian", "Parker", 11, 135, 6, 66);;
INSERT INTO student (first_name, last_name, department_ID, total_cred, advisor_ID, account_ID) VALUES ("Aria", "Cruz", 12, 150, 7, 67);;
INSERT INTO student (first_name, last_name, department_ID, total_cred, advisor_ID, account_ID) VALUES ("David", "Edwards", 13, 165, 8, 68);;
INSERT INTO student (first_name, last_name, department_ID, total_cred, advisor_ID, account_ID) VALUES ("Scarlett", "Collins", 14, 180, 9, 69);;
INSERT INTO student (first_name, last_name, department_ID, total_cred, advisor_ID, account_ID) VALUES ("Joseph", "Reyes", 1, 195, 10, 70);;
INSERT INTO student (first_name, last_name, department_ID, total_cred, advisor_ID, account_ID) VALUES ("Victoria", "Stewart", 2, 210, 11, 71);;
INSERT INTO student (first_name, last_name, department_ID, total_cred, advisor_ID, account_ID) VALUES ("Samuel", "Morris", 3, 225, 1, 72);;
INSERT INTO student (first_name, last_name, department_ID, total_cred, advisor_ID, account_ID) VALUES ("Madison", "Morales", 4, 15, 2, 73);;
INSERT INTO student (first_name, last_name, department_ID, total_cred, advisor_ID, account_ID) VALUES ("Carter", "Murphy", 5, 30, 3, 74);;
INSERT INTO student (first_name, last_name, department_ID, total_cred, advisor_ID, account_ID) VALUES ("Luna", "Cook", 6, 45, 4, 75);;
INSERT INTO student (first_name, last_name, department_ID, total_cred, advisor_ID, account_ID) VALUES ("Owen", "Rogers", 7, 60, 5, 76);;
INSERT INTO student (first_name, last_name, department_ID, total_cred, advisor_ID, account_ID) VALUES ("Grace", "Gutierrez", 8, 75, 6, 77);;
INSERT INTO student (first_name, last_name, department_ID, total_cred, advisor_ID, account_ID) VALUES ("Wyatt", "Ortiz", 9, 90, 7, 78);;
INSERT INTO student (first_name, last_name, department_ID, total_cred, advisor_ID, account_ID) VALUES ("Chloe", "Morgan", 10, 105, 8, 79);;
INSERT INTO student (first_name, last_name, department_ID, total_cred, advisor_ID, account_ID) VALUES ("John", "Cooper", 11, 120, 9, 80);;
INSERT INTO student (first_name, last_name, department_ID, total_cred, advisor_ID, account_ID) VALUES ("Penelope", "Peterson", 12, 135, 10, 81);;
INSERT INTO student (first_name, last_name, department_ID, total_cred, advisor_ID, account_ID) VALUES ("Jack", "Bailey", 13, 150, 11, 82);;
INSERT INTO student (first_name, last_name, department_ID, total_cred, advisor_ID, account_ID) VALUES ("Layla", "Reed", 14, 165, 1, 83);;
INSERT INTO student (first_name, last_name, department_ID, total_cred, advisor_ID, account_ID) VALUES ("Luke", "Kelly", 1, 180, 2, 84);;
INSERT INTO student (first_name, last_name, department_ID, total_cred, advisor_ID, account_ID) VALUES ("Riley", "Howard", 2, 195, 3, 85);;
INSERT INTO student (first_name, last_name, department_ID, total_cred, advisor_ID, account_ID) VALUES ("Jayden", "Ramos", 3, 210, 4, 86);;
INSERT INTO student (first_name, last_name, department_ID, total_cred, advisor_ID, account_ID) VALUES ("Zoey", "Kim", 4, 225, 5, 87);;
INSERT INTO student (first_name, last_name, department_ID, total_cred, advisor_ID, account_ID) VALUES ("Dylan", "Cox", 5, 15, 6, 88);;
INSERT INTO student (first_name, last_name, department_ID, total_cred, advisor_ID, account_ID) VALUES ("Nora", "Ward", 6, 30, 7, 89);;
INSERT INTO student (first_name, last_name, department_ID, total_cred, advisor_ID, account_ID) VALUES ("Grayson", "Richardson", 7, 45, 8, 90);;
INSERT INTO student (first_name, last_name, department_ID, total_cred, advisor_ID, account_ID) VALUES ("Lily", "Watson", 8, 60, 9, 91);;
INSERT INTO student (first_name, last_name, department_ID, total_cred, advisor_ID, account_ID) VALUES ("Levi", "Brooks", 9, 75, 10, 92);;
INSERT INTO student (first_name, last_name, department_ID, total_cred, advisor_ID, account_ID) VALUES ("Eleanor", "Chavez", 10, 90, 11, 93);;
INSERT INTO student (first_name, last_name, department_ID, total_cred, advisor_ID, account_ID) VALUES ("Isaac", "Wood", 11, 105, 1, 94);;
INSERT INTO student (first_name, last_name, department_ID, total_cred, advisor_ID, account_ID) VALUES ("Hannah", "James", 12, 120, 2, 95);;
INSERT INTO student (first_name, last_name, department_ID, total_cred, advisor_ID, account_ID) VALUES ("Gabriel", "Bennett", 13, 135, 3, 96);;
INSERT INTO student (first_name, last_name, department_ID, total_cred, advisor_ID, account_ID) VALUES ("Lillian", "Gray", 14, 150, 4, 97);;
INSERT INTO student (first_name, last_name, department_ID, total_cred, advisor_ID, account_ID) VALUES ("Julian", "Mendoza", 1, 165, 5, 98);;
INSERT INTO student (first_name, last_name, department_ID, total_cred, advisor_ID, account_ID) VALUES ("Addison", "Ruiz", 2, 180, 6, 99);;
INSERT INTO student (first_name, last_name, department_ID, total_cred, advisor_ID, account_ID) VALUES ("Mateo", "Hughes", 3, 195, 7, 100);;
INSERT INTO student (first_name, last_name, department_ID, total_cred, advisor_ID, account_ID) VALUES ("Aubrey", "Price", 4, 210, 8, 101);;
INSERT INTO student (first_name, last_name, department_ID, total_cred, advisor_ID, account_ID) VALUES ("Anthony", "Alvarez", 5, 225, 9, 102);;
INSERT INTO student (first_name, last_name, department_ID, total_cred, advisor_ID, account_ID) VALUES ("Ellie", "Castillo", 6, 15, 10, 103);;
INSERT INTO student (first_name, last_name, department_ID, total_cred, advisor_ID, account_ID) VALUES ("Jaxon", "Sanders", 7, 30, 11, 104);;
INSERT INTO student (first_name, last_name, department_ID, total_cred, advisor_ID, account_ID) VALUES ("Stella", "Patel", 8, 45, 1, 105);;
INSERT INTO student (first_name, last_name, department_ID, total_cred, advisor_ID, account_ID) VALUES ("Lincoln", "Myers", 9, 60, 2, 106);;
INSERT INTO student (first_name, last_name, department_ID, total_cred, advisor_ID, account_ID) VALUES ("Natalie", "Long", 10, 75, 3, 107);;
INSERT INTO student (first_name, last_name, department_ID, total_cred, advisor_ID, account_ID) VALUES ("Joshua", "Senol", 11, 90, 4, 108);;
INSERT INTO student (first_name, last_name, department_ID, total_cred, advisor_ID, account_ID) VALUES ("Zoe", "Roddy", 12, 105, 5, 109);;
INSERT INTO student (first_name, last_name, department_ID, total_cred, advisor_ID, account_ID) VALUES ("Christopher", "Stanberry", 13, 120, 6, 110);;
INSERT INTO student (first_name, last_name, department_ID, total_cred, advisor_ID, account_ID) VALUES ("Leah", "Smith", 14, 135, 7, 111);;
INSERT INTO student (first_name, last_name, department_ID, total_cred, advisor_ID, account_ID) VALUES ("Theodore", "Johnson", 1, 150, 8, 112);;
INSERT INTO student (first_name, last_name, department_ID, total_cred, advisor_ID, account_ID) VALUES ("Hazel", "Williams", 2, 165, 9, 113);;
INSERT INTO student (first_name, last_name, department_ID, total_cred, advisor_ID, account_ID) VALUES ("Ezra", "Brown", 3, 180, 10, 114);;
INSERT INTO student (first_name, last_name, department_ID, total_cred, advisor_ID, account_ID) VALUES ("Violet", "Jones", 4, 195, 11, 115);;
INSERT INTO student (first_name, last_name, department_ID, total_cred, advisor_ID, account_ID) VALUES ("Thomas", "Garcia", 5, 210, 1, 116);;
INSERT INTO student (first_name, last_name, department_ID, total_cred, advisor_ID, account_ID) VALUES ("Aurora", "Miller", 6, 225, 2, 117);;
INSERT INTO student (first_name, last_name, department_ID, total_cred, advisor_ID, account_ID) VALUES ("Charles", "Davis", 7, 15, 3, 118);;
INSERT INTO student (first_name, last_name, department_ID, total_cred, advisor_ID, account_ID) VALUES ("Savannah", "Rodriguez", 8, 30, 4, 119);;
INSERT INTO student (first_name, last_name, department_ID, total_cred, advisor_ID, account_ID) VALUES ("Christian", "Martinez", 9, 45, 5, 120);;
INSERT INTO student (first_name, last_name, department_ID, total_cred, advisor_ID, account_ID) VALUES ("Audrey", "Hernandez", 10, 60, 6, 121);;
INSERT INTO student (first_name, last_name, department_ID, total_cred, advisor_ID, account_ID) VALUES ("Aaron", "Lopez", 11, 75, 7, 122);;
INSERT INTO student (first_name, last_name, department_ID, total_cred, advisor_ID, account_ID) VALUES ("Brooklyn", "Gonzalez", 12, 90, 8, 123);;
INSERT INTO student (first_name, last_name, department_ID, total_cred, advisor_ID, account_ID) VALUES ("Eli", "Wilson", 13, 105, 9, 124);;
INSERT INTO student (first_name, last_name, department_ID, total_cred, advisor_ID, account_ID) VALUES ("Bella", "Anderson", 14, 120, 10, 125);;
INSERT INTO student (first_name, last_name, department_ID, total_cred, advisor_ID, account_ID) VALUES ("Connor", "Thomas", 1, 135, 11, 126);;
INSERT INTO student (first_name, last_name, department_ID, total_cred, advisor_ID, account_ID) VALUES ("Claire", "Taylor", 2, 150, 1, 127);;
INSERT INTO student (first_name, last_name, department_ID, total_cred, advisor_ID, account_ID) VALUES ("Logan", "Moore", 3, 165, 2, 128);;
INSERT INTO student (first_name, last_name, department_ID, total_cred, advisor_ID, account_ID) VALUES ("Andrew", "Jackson", 4, 180, 3, 129);;
INSERT INTO student (first_name, last_name, department_ID, total_cred, advisor_ID, account_ID) VALUES ("Caleb", "Martin", 5, 195, 4, 130);;
INSERT INTO student (first_name, last_name, department_ID, total_cred, advisor_ID, account_ID) VALUES ("Emma", "Lee", 6, 210, 5, 131);;
INSERT INTO student (first_name, last_name, department_ID, total_cred, advisor_ID, account_ID) VALUES ("Liam", "Perez", 7, 225, 6, 132);;
INSERT INTO student (first_name, last_name, department_ID, total_cred, advisor_ID, account_ID) VALUES ("Olivia", "Thompson", 8, 15, 7, 133);;
INSERT INTO student (first_name, last_name, department_ID, total_cred, advisor_ID, account_ID) VALUES ("Noah", "White", 9, 30, 8, 134);;
INSERT INTO student (first_name, last_name, department_ID, total_cred, advisor_ID, account_ID) VALUES ("Ava", "Harris", 10, 45, 9, 135);;
INSERT INTO student (first_name, last_name, department_ID, total_cred, advisor_ID, account_ID) VALUES ("Ethan", "Sanchez", 11, 60, 10, 136);;
INSERT INTO student (first_name, last_name, department_ID, total_cred, advisor_ID, account_ID) VALUES ("Sophia", "Clark", 12, 75, 11, 137);;
INSERT INTO student (first_name, last_name, department_ID, total_cred, advisor_ID, account_ID) VALUES ("Mason", "Ramirez", 13, 90, 1, 138);;
INSERT INTO student (first_name, last_name, department_ID, total_cred, advisor_ID, account_ID) VALUES ("Isabella", "Lewis", 14, 105, 2, 139);;
INSERT INTO student (first_name, last_name, department_ID, total_cred, advisor_ID, account_ID) VALUES ("Lucas", "Robinson", 1, 120, 3, 140);;
INSERT INTO student (first_name, last_name, department_ID, total_cred, advisor_ID, account_ID) VALUES ("Mia", "Walker", 2, 135, 4, 141);;
INSERT INTO student (first_name, last_name, department_ID, total_cred, advisor_ID, account_ID) VALUES ("Oliver", "Young", 3, 150, 5, 142);;
INSERT INTO student (first_name, last_name, department_ID, total_cred, advisor_ID, account_ID) VALUES ("Charlotte", "Allen", 4, 165, 6, 143);;
INSERT INTO student (first_name, last_name, department_ID, total_cred, advisor_ID, account_ID) VALUES ("Elijah", "King", 5, 180, 7, 144);;
INSERT INTO student (first_name, last_name, department_ID, total_cred, advisor_ID, account_ID) VALUES ("Amelia", "Wright", 6, 195, 8, 145);;
INSERT INTO student (first_name, last_name, department_ID, total_cred, advisor_ID, account_ID) VALUES ("James", "Scott", 7, 210, 9, 146);;
INSERT INTO student (first_name, last_name, department_ID, total_cred, advisor_ID, account_ID) VALUES ("Harper", "Torres", 8, 225, 10, 147);;
INSERT INTO student (first_name, last_name, department_ID, total_cred, advisor_ID, account_ID) VALUES ("Benjamin", "Nguyen", 9, 15, 11, 148);;
INSERT INTO student (first_name, last_name, department_ID, total_cred, advisor_ID, account_ID) VALUES ("Evelyn", "Hill", 10, 30, 1, 149);;
INSERT INTO student (first_name, last_name, department_ID, total_cred, advisor_ID, account_ID) VALUES ("Jacob", "Flores", 11, 45, 2, 150);;
INSERT INTO student (first_name, last_name, department_ID, total_cred, advisor_ID, account_ID) VALUES ("Abigail", "Green", 12, 60, 3, 151);;
INSERT INTO student (first_name, last_name, department_ID, total_cred, advisor_ID, account_ID) VALUES ("Michael", "Adams", 13, 75, 4, 152);;
INSERT INTO student (first_name, last_name, department_ID, total_cred, advisor_ID, account_ID) VALUES ("Emily", "Nelson", 14, 90, 5, 153);;
INSERT INTO student (first_name, last_name, department_ID, total_cred, advisor_ID, account_ID) VALUES ("William", "Baker", 1, 105, 6, 154);;
INSERT INTO student (first_name, last_name, department_ID, total_cred, advisor_ID, account_ID) VALUES ("Elizabeth", "Hall", 2, 120, 7, 155);;
INSERT INTO student (first_name, last_name, department_ID, total_cred, advisor_ID, account_ID) VALUES ("Alexander", "Rivera", 3, 135, 8, 156);;
INSERT INTO student (first_name, last_name, department_ID, total_cred, advisor_ID, account_ID) VALUES ("Mila", "Campbell", 4, 150, 9, 157);;
INSERT INTO student (first_name, last_name, department_ID, total_cred, advisor_ID, account_ID) VALUES ("Daniel", "Mitchell", 5, 165, 10, 158);;
INSERT INTO student (first_name, last_name, department_ID, total_cred, advisor_ID, account_ID) VALUES ("Ella", "Carter", 6, 180, 11, 159);;
INSERT INTO student (first_name, last_name, department_ID, total_cred, advisor_ID, account_ID) VALUES ("Matthew", "Roberts", 7, 195, 1, 160);;
INSERT INTO student (first_name, last_name, department_ID, total_cred, advisor_ID, account_ID) VALUES ("Avery", "Gomez", 8, 210, 2, 161);;
INSERT INTO student (first_name, last_name, department_ID, total_cred, advisor_ID, account_ID) VALUES ("Henry", "Phillips", 9, 225, 3, 162);;
INSERT INTO teaches (instructor_ID, section_ID) VALUES (1, 1);;
INSERT INTO teaches (instructor_ID, section_ID) VALUES (1, 2);;
INSERT INTO teaches (instructor_ID, section_ID) VALUES (1, 3);;
INSERT INTO teaches (instructor_ID, section_ID) VALUES (1, 4);;
INSERT INTO teaches (instructor_ID, section_ID) VALUES (1, 5);;
INSERT INTO teaches (instructor_ID, section_ID) VALUES (1, 6);;
INSERT INTO teaches (instructor_ID, section_ID) VALUES (1, 7);;
INSERT INTO teaches (instructor_ID, section_ID) VALUES (1, 8);;
INSERT INTO teaches (instructor_ID, section_ID) VALUES (1, 9);;
INSERT INTO teaches (instructor_ID, section_ID) VALUES (2, 10);;
INSERT INTO teaches (instructor_ID, section_ID) VALUES (2, 11);;
INSERT INTO teaches (instructor_ID, section_ID) VALUES (2, 12);;
INSERT INTO teaches (instructor_ID, section_ID) VALUES (2, 13);;
INSERT INTO teaches (instructor_ID, section_ID) VALUES (2, 14);;
INSERT INTO teaches (instructor_ID, section_ID) VALUES (2, 15);;
INSERT INTO teaches (instructor_ID, section_ID) VALUES (2, 16);;
INSERT INTO teaches (instructor_ID, section_ID) VALUES (2, 17);;
INSERT INTO teaches (instructor_ID, section_ID) VALUES (2, 18);;
INSERT INTO teaches (instructor_ID, section_ID) VALUES (3, 19);;
INSERT INTO teaches (instructor_ID, section_ID) VALUES (3, 20);;
INSERT INTO teaches (instructor_ID, section_ID) VALUES (3, 21);;
INSERT INTO teaches (instructor_ID, section_ID) VALUES (3, 22);;
INSERT INTO teaches (instructor_ID, section_ID) VALUES (3, 23);;
INSERT INTO teaches (instructor_ID, section_ID) VALUES (3, 24);;
INSERT INTO teaches (instructor_ID, section_ID) VALUES (3, 25);;
INSERT INTO teaches (instructor_ID, section_ID) VALUES (3, 26);;
INSERT INTO teaches (instructor_ID, section_ID) VALUES (3, 27);;
INSERT INTO teaches (instructor_ID, section_ID) VALUES (4, 28);;
INSERT INTO teaches (instructor_ID, section_ID) VALUES (4, 29);;
INSERT INTO teaches (instructor_ID, section_ID) VALUES (4, 30);;
INSERT INTO teaches (instructor_ID, section_ID) VALUES (4, 31);;
INSERT INTO teaches (instructor_ID, section_ID) VALUES (4, 32);;
INSERT INTO teaches (instructor_ID, section_ID) VALUES (4, 33);;
INSERT INTO teaches (instructor_ID, section_ID) VALUES (4, 34);;
INSERT INTO teaches (instructor_ID, section_ID) VALUES (4, 35);;
INSERT INTO teaches (instructor_ID, section_ID) VALUES (4, 36);;
INSERT INTO teaches (instructor_ID, section_ID) VALUES (5, 37);;
INSERT INTO teaches (instructor_ID, section_ID) VALUES (5, 38);;
INSERT INTO teaches (instructor_ID, section_ID) VALUES (5, 39);;
INSERT INTO teaches (instructor_ID, section_ID) VALUES (5, 40);;
INSERT INTO teaches (instructor_ID, section_ID) VALUES (5, 41);;
INSERT INTO teaches (instructor_ID, section_ID) VALUES (5, 42);;
INSERT INTO teaches (instructor_ID, section_ID) VALUES (5, 43);;
INSERT INTO teaches (instructor_ID, section_ID) VALUES (5, 44);;
INSERT INTO teaches (instructor_ID, section_ID) VALUES (5, 45);;
INSERT INTO teaches (instructor_ID, section_ID) VALUES (6, 46);;
INSERT INTO teaches (instructor_ID, section_ID) VALUES (6, 47);;
INSERT INTO teaches (instructor_ID, section_ID) VALUES (6, 48);;
INSERT INTO teaches (instructor_ID, section_ID) VALUES (6, 49);;
INSERT INTO teaches (instructor_ID, section_ID) VALUES (6, 50);;
INSERT INTO teaches (instructor_ID, section_ID) VALUES (6, 51);;
INSERT INTO teaches (instructor_ID, section_ID) VALUES (6, 52);;
INSERT INTO teaches (instructor_ID, section_ID) VALUES (6, 53);;
INSERT INTO teaches (instructor_ID, section_ID) VALUES (6, 54);;
INSERT INTO teaches (instructor_ID, section_ID) VALUES (7, 55);;
INSERT INTO teaches (instructor_ID, section_ID) VALUES (7, 56);;
INSERT INTO teaches (instructor_ID, section_ID) VALUES (7, 57);;
INSERT INTO teaches (instructor_ID, section_ID) VALUES (7, 58);;
INSERT INTO teaches (instructor_ID, section_ID) VALUES (7, 59);;
INSERT INTO teaches (instructor_ID, section_ID) VALUES (7, 60);;
INSERT INTO teaches (instructor_ID, section_ID) VALUES (7, 61);;
INSERT INTO teaches (instructor_ID, section_ID) VALUES (7, 62);;
INSERT INTO teaches (instructor_ID, section_ID) VALUES (7, 63);;
INSERT INTO teaches (instructor_ID, section_ID) VALUES (8, 64);;
INSERT INTO teaches (instructor_ID, section_ID) VALUES (8, 65);;
INSERT INTO teaches (instructor_ID, section_ID) VALUES (8, 66);;
INSERT INTO teaches (instructor_ID, section_ID) VALUES (8, 67);;
INSERT INTO teaches (instructor_ID, section_ID) VALUES (8, 68);;
INSERT INTO teaches (instructor_ID, section_ID) VALUES (8, 69);;
INSERT INTO teaches (instructor_ID, section_ID) VALUES (8, 70);;
INSERT INTO teaches (instructor_ID, section_ID) VALUES (8, 71);;
INSERT INTO teaches (instructor_ID, section_ID) VALUES (8, 72);;
INSERT INTO teaches (instructor_ID, section_ID) VALUES (9, 73);;
INSERT INTO teaches (instructor_ID, section_ID) VALUES (9, 74);;
INSERT INTO teaches (instructor_ID, section_ID) VALUES (9, 75);;
INSERT INTO teaches (instructor_ID, section_ID) VALUES (9, 76);;
INSERT INTO teaches (instructor_ID, section_ID) VALUES (9, 77);;
INSERT INTO teaches (instructor_ID, section_ID) VALUES (9, 78);;
INSERT INTO teaches (instructor_ID, section_ID) VALUES (9, 79);;
INSERT INTO teaches (instructor_ID, section_ID) VALUES (9, 80);;
INSERT INTO teaches (instructor_ID, section_ID) VALUES (9, 81);;
INSERT INTO teaches (instructor_ID, section_ID) VALUES (10, 82);;
INSERT INTO teaches (instructor_ID, section_ID) VALUES (10, 83);;
INSERT INTO teaches (instructor_ID, section_ID) VALUES (10, 84);;
INSERT INTO teaches (instructor_ID, section_ID) VALUES (10, 85);;
INSERT INTO teaches (instructor_ID, section_ID) VALUES (10, 86);;
INSERT INTO teaches (instructor_ID, section_ID) VALUES (10, 87);;
INSERT INTO teaches (instructor_ID, section_ID) VALUES (10, 88);;
INSERT INTO teaches (instructor_ID, section_ID) VALUES (10, 89);;
INSERT INTO teaches (instructor_ID, section_ID) VALUES (10, 90);;
INSERT INTO teaches (instructor_ID, section_ID) VALUES (11, 91);;
INSERT INTO teaches (instructor_ID, section_ID) VALUES (11, 92);;
INSERT INTO teaches (instructor_ID, section_ID) VALUES (11, 93);;
INSERT INTO teaches (instructor_ID, section_ID) VALUES (11, 94);;
INSERT INTO teaches (instructor_ID, section_ID) VALUES (11, 95);;
INSERT INTO teaches (instructor_ID, section_ID) VALUES (11, 96);;
INSERT INTO teaches (instructor_ID, section_ID) VALUES (11, 97);;
INSERT INTO teaches (instructor_ID, section_ID) VALUES (11, 98);;
INSERT INTO teaches (instructor_ID, section_ID) VALUES (11, 99);;
INSERT INTO takes (student_ID, section_ID, grades) VALUES (92, 1, "C+");;
INSERT INTO takes (student_ID, section_ID, grades) VALUES (118, 2, "D");;
INSERT INTO takes (student_ID, section_ID, grades) VALUES (142, 3, "A");;
INSERT INTO takes (student_ID, section_ID, grades) VALUES (128, 4, "D+");;
INSERT INTO takes (student_ID, section_ID, grades) VALUES (33, 5, "B-");;
INSERT INTO takes (student_ID, section_ID, grades) VALUES (2, 6, "D-");;
INSERT INTO takes (student_ID, section_ID, grades) VALUES (111, 7, "D");;
INSERT INTO takes (student_ID, section_ID, grades) VALUES (13, 8, "D-");;
INSERT INTO takes (student_ID, section_ID, grades) VALUES (85, 9, "");;
INSERT INTO takes (student_ID, section_ID, grades) VALUES (137, 10, "C");;
INSERT INTO takes (student_ID, section_ID, grades) VALUES (89, 11, "A-");;
INSERT INTO takes (student_ID, section_ID, grades) VALUES (79, 12, "C+");;
INSERT INTO takes (student_ID, section_ID, grades) VALUES (106, 13, "C-");;
INSERT INTO takes (student_ID, section_ID, grades) VALUES (19, 14, "C-");;
INSERT INTO takes (student_ID, section_ID, grades) VALUES (30, 15, "C-");;
INSERT INTO takes (student_ID, section_ID, grades) VALUES (147, 16, "A-");;
INSERT INTO takes (student_ID, section_ID, grades) VALUES (89, 17, "A");;
INSERT INTO takes (student_ID, section_ID, grades) VALUES (86, 18, "B-");;
INSERT INTO takes (student_ID, section_ID, grades) VALUES (69, 19, "C");;
INSERT INTO takes (student_ID, section_ID, grades) VALUES (71, 20, "A");;
INSERT INTO takes (student_ID, section_ID, grades) VALUES (53, 21, "D");;
INSERT INTO takes (student_ID, section_ID, grades) VALUES (85, 22, "C-");;
INSERT INTO takes (student_ID, section_ID, grades) VALUES (104, 23, "B-");;
INSERT INTO takes (student_ID, section_ID, grades) VALUES (30, 24, "A+");;
INSERT INTO takes (student_ID, section_ID, grades) VALUES (73, 25, "");;
INSERT INTO takes (student_ID, section_ID, grades) VALUES (113, 26, "D-");;
INSERT INTO takes (student_ID, section_ID, grades) VALUES (41, 27, "F");;
INSERT INTO takes (student_ID, section_ID, grades) VALUES (101, 28, "C+");;
INSERT INTO takes (student_ID, section_ID, grades) VALUES (118, 29, "");;
INSERT INTO takes (student_ID, section_ID, grades) VALUES (131, 30, "C+");;
INSERT INTO takes (student_ID, section_ID, grades) VALUES (97, 31, "B+");;
INSERT INTO takes (student_ID, section_ID, grades) VALUES (116, 32, "F");;
INSERT INTO takes (student_ID, section_ID, grades) VALUES (16, 33, "C-");;
INSERT INTO takes (student_ID, section_ID, grades) VALUES (8, 34, "A-");;
INSERT INTO takes (student_ID, section_ID, grades) VALUES (41, 35, "A-");;
INSERT INTO takes (student_ID, section_ID, grades) VALUES (40, 36, "B-");;
INSERT INTO takes (student_ID, section_ID, grades) VALUES (139, 37, "C+");;
INSERT INTO takes (student_ID, section_ID, grades) VALUES (103, 38, "B-");;
INSERT INTO takes (student_ID, section_ID, grades) VALUES (122, 39, "F");;
INSERT INTO takes (student_ID, section_ID, grades) VALUES (23, 40, "C");;
INSERT INTO takes (student_ID, section_ID, grades) VALUES (9, 41, "D");;
INSERT INTO takes (student_ID, section_ID, grades) VALUES (28, 42, "D");;
INSERT INTO takes (student_ID, section_ID, grades) VALUES (4, 43, "B-");;
INSERT INTO takes (student_ID, section_ID, grades) VALUES (90, 44, "B+");;
INSERT INTO takes (student_ID, section_ID, grades) VALUES (13, 45, "D");;
INSERT INTO takes (student_ID, section_ID, grades) VALUES (31, 46, "A-");;
INSERT INTO takes (student_ID, section_ID, grades) VALUES (66, 47, "A");;
INSERT INTO takes (student_ID, section_ID, grades) VALUES (105, 48, "A-");;
INSERT INTO takes (student_ID, section_ID, grades) VALUES (92, 49, "B-");;
INSERT INTO takes (student_ID, section_ID, grades) VALUES (115, 50, "A+");;
INSERT INTO takes (student_ID, section_ID, grades) VALUES (132, 51, "C-");;
INSERT INTO takes (student_ID, section_ID, grades) VALUES (85, 52, "A-");;
INSERT INTO takes (student_ID, section_ID, grades) VALUES (70, 53, "D");;
INSERT INTO takes (student_ID, section_ID, grades) VALUES (102, 54, "B-");;
INSERT INTO takes (student_ID, section_ID, grades) VALUES (18, 55, "A-");;
INSERT INTO takes (student_ID, section_ID, grades) VALUES (79, 56, "D+");;
INSERT INTO takes (student_ID, section_ID, grades) VALUES (133, 57, "B+");;
INSERT INTO takes (student_ID, section_ID, grades) VALUES (22, 58, "D");;
INSERT INTO takes (student_ID, section_ID, grades) VALUES (70, 59, "A-");;
INSERT INTO takes (student_ID, section_ID, grades) VALUES (80, 60, "A+");;
INSERT INTO takes (student_ID, section_ID, grades) VALUES (9, 61, "B-");;
INSERT INTO takes (student_ID, section_ID, grades) VALUES (79, 62, "B+");;
INSERT INTO takes (student_ID, section_ID, grades) VALUES (147, 63, "B");;
INSERT INTO takes (student_ID, section_ID, grades) VALUES (89, 64, "A-");;
INSERT INTO takes (student_ID, section_ID, grades) VALUES (38, 65, "F");;
INSERT INTO takes (student_ID, section_ID, grades) VALUES (110, 66, "B");;
INSERT INTO takes (student_ID, section_ID, grades) VALUES (98, 67, "");;
INSERT INTO takes (student_ID, section_ID, grades) VALUES (114, 68, "D");;
INSERT INTO takes (student_ID, section_ID, grades) VALUES (108, 69, "D+");;
INSERT INTO takes (student_ID, section_ID, grades) VALUES (114, 70, "D");;
INSERT INTO takes (student_ID, section_ID, grades) VALUES (128, 71, "C-");;
INSERT INTO takes (student_ID, section_ID, grades) VALUES (29, 72, "A-");;
INSERT INTO takes (student_ID, section_ID, grades) VALUES (5, 73, "");;
INSERT INTO takes (student_ID, section_ID, grades) VALUES (89, 74, "A-");;
INSERT INTO takes (student_ID, section_ID, grades) VALUES (62, 75, "C-");;
INSERT INTO takes (student_ID, section_ID, grades) VALUES (74, 76, "D-");;
INSERT INTO takes (student_ID, section_ID, grades) VALUES (141, 77, "F");;
INSERT INTO takes (student_ID, section_ID, grades) VALUES (61, 78, "F");;
INSERT INTO takes (student_ID, section_ID, grades) VALUES (33, 79, "B+");;
INSERT INTO takes (student_ID, section_ID, grades) VALUES (15, 80, "F");;
INSERT INTO takes (student_ID, section_ID, grades) VALUES (126, 81, "D+");;
INSERT INTO takes (student_ID, section_ID, grades) VALUES (35, 82, "C+");;
INSERT INTO takes (student_ID, section_ID, grades) VALUES (35, 83, "B+");;
INSERT INTO takes (student_ID, section_ID, grades) VALUES (88, 84, "D");;
INSERT INTO takes (student_ID, section_ID, grades) VALUES (148, 85, "");;
INSERT INTO takes (student_ID, section_ID, grades) VALUES (138, 86, "");;
INSERT INTO takes (student_ID, section_ID, grades) VALUES (5, 87, "A+");;
INSERT INTO takes (student_ID, section_ID, grades) VALUES (84, 88, "");;
INSERT INTO takes (student_ID, section_ID, grades) VALUES (9, 89, "D-");;
INSERT INTO takes (student_ID, section_ID, grades) VALUES (65, 90, "C");;
INSERT INTO takes (student_ID, section_ID, grades) VALUES (138, 91, "F");;
INSERT INTO takes (student_ID, section_ID, grades) VALUES (123, 92, "C+");;
INSERT INTO takes (student_ID, section_ID, grades) VALUES (92, 93, "A");;
INSERT INTO takes (student_ID, section_ID, grades) VALUES (146, 94, "B");;
INSERT INTO takes (student_ID, section_ID, grades) VALUES (6, 95, "B");;
INSERT INTO takes (student_ID, section_ID, grades) VALUES (8, 96, "D");;
INSERT INTO takes (student_ID, section_ID, grades) VALUES (146, 97, "F");;
INSERT INTO takes (student_ID, section_ID, grades) VALUES (43, 98, "D-");;
INSERT INTO takes (student_ID, section_ID, grades) VALUES (76, 99, "D-");;
INSERT INTO takes (student_ID, section_ID, grades) VALUES (129, 100, "C+");;
INSERT INTO takes (student_ID, section_ID, grades) VALUES (28, 77, "C-");;
INSERT INTO takes (student_ID, section_ID, grades) VALUES (132, 38, "B");;
INSERT INTO takes (student_ID, section_ID, grades) VALUES (12, 29, "B-");;
INSERT INTO takes (student_ID, section_ID, grades) VALUES (19, 43, "C+");;
INSERT INTO takes (student_ID, section_ID, grades) VALUES (22, 52, "");;
INSERT INTO takes (student_ID, section_ID, grades) VALUES (93, 31, "C");;
INSERT INTO takes (student_ID, section_ID, grades) VALUES (130, 33, "D-");;
INSERT INTO takes (student_ID, section_ID, grades) VALUES (113, 67, "D+");;
INSERT INTO takes (student_ID, section_ID, grades) VALUES (81, 33, "B");;
INSERT INTO takes (student_ID, section_ID, grades) VALUES (60, 32, "B+");;
INSERT INTO takes (student_ID, section_ID, grades) VALUES (23, 81, "B-");;
INSERT INTO takes (student_ID, section_ID, grades) VALUES (146, 71, "D-");;
INSERT INTO takes (student_ID, section_ID, grades) VALUES (119, 71, "A+");;
INSERT INTO takes (student_ID, section_ID, grades) VALUES (119, 87, "C-");;
INSERT INTO takes (student_ID, section_ID, grades) VALUES (128, 55, "C-");;
INSERT INTO takes (student_ID, section_ID, grades) VALUES (44, 77, "D+");;
INSERT INTO takes (student_ID, section_ID, grades) VALUES (2, 52, "B+");;
INSERT INTO takes (student_ID, section_ID, grades) VALUES (20, 59, "B-");;
INSERT INTO takes (student_ID, section_ID, grades) VALUES (93, 6, "B");;
INSERT INTO takes (student_ID, section_ID, grades) VALUES (40, 41, "A-");;
INSERT INTO takes (student_ID, section_ID, grades) VALUES (49, 62, "C");;
INSERT INTO takes (student_ID, section_ID, grades) VALUES (122, 89, "C");;
INSERT INTO takes (student_ID, section_ID, grades) VALUES (60, 56, "D-");;
INSERT INTO takes (student_ID, section_ID, grades) VALUES (145, 37, "F");;
INSERT INTO takes (student_ID, section_ID, grades) VALUES (73, 4, "A");;
INSERT INTO takes (student_ID, section_ID, grades) VALUES (5, 99, "");;
INSERT INTO takes (student_ID, section_ID, grades) VALUES (68, 26, "C-");;
INSERT INTO takes (student_ID, section_ID, grades) VALUES (74, 60, "A-");;
INSERT INTO takes (student_ID, section_ID, grades) VALUES (12, 78, "C-");;
INSERT INTO takes (student_ID, section_ID, grades) VALUES (143, 92, "D+");;
INSERT INTO takes (student_ID, section_ID, grades) VALUES (137, 30, "D-");;
INSERT INTO takes (student_ID, section_ID, grades) VALUES (124, 48, "B-");;
INSERT INTO takes (student_ID, section_ID, grades) VALUES (136, 73, "D-");;
INSERT INTO takes (student_ID, section_ID, grades) VALUES (51, 68, "A+");;
INSERT INTO takes (student_ID, section_ID, grades) VALUES (54, 11, "C");;
INSERT INTO takes (student_ID, section_ID, grades) VALUES (115, 79, "A+");;
INSERT INTO takes (student_ID, section_ID, grades) VALUES (92, 16, "C-");;
INSERT INTO takes (student_ID, section_ID, grades) VALUES (68, 38, "C-");;
INSERT INTO takes (student_ID, section_ID, grades) VALUES (48, 74, "F");;
INSERT INTO takes (student_ID, section_ID, grades) VALUES (133, 89, "A-");;
INSERT INTO takes (student_ID, section_ID, grades) VALUES (4, 67, "D+");;
INSERT INTO takes (student_ID, section_ID, grades) VALUES (40, 57, "A+");;
INSERT INTO takes (student_ID, section_ID, grades) VALUES (21, 50, "B+");;
INSERT INTO takes (student_ID, section_ID, grades) VALUES (111, 95, "B");;
INSERT INTO takes (student_ID, section_ID, grades) VALUES (127, 40, "A+");;
INSERT INTO takes (student_ID, section_ID, grades) VALUES (57, 72, "C+");;
INSERT INTO takes (student_ID, section_ID, grades) VALUES (47, 68, "A+");;
INSERT INTO takes (student_ID, section_ID, grades) VALUES (117, 52, "A-");;
INSERT INTO takes (student_ID, section_ID, grades) VALUES (145, 55, "D-");;
INSERT INTO takes (student_ID, section_ID, grades) VALUES (76, 91, "D+");;
INSERT INTO takes (student_ID, section_ID, grades) VALUES (89, 45, "D+");;
INSERT INTO takes (student_ID, section_ID, grades) VALUES (31, 7, "");;
INSERT INTO takes (student_ID, section_ID, grades) VALUES (139, 19, "D");;
INSERT INTO takes (student_ID, section_ID, grades) VALUES (21, 46, "F");;
INSERT INTO takes (student_ID, section_ID, grades) VALUES (71, 72, "F");;
INSERT INTO takes (student_ID, section_ID, grades) VALUES (117, 87, "C-");;
INSERT INTO takes (student_ID, section_ID, grades) VALUES (4, 60, "B+");;
INSERT INTO takes (student_ID, section_ID, grades) VALUES (121, 61, "C");;
INSERT INTO takes (student_ID, section_ID, grades) VALUES (43, 39, "C+");;
INSERT INTO takes (student_ID, section_ID, grades) VALUES (54, 65, "B-");;
INSERT INTO takes (student_ID, section_ID, grades) VALUES (101, 30, "A");;
INSERT INTO takes (student_ID, section_ID, grades) VALUES (41, 73, "C+");;
INSERT INTO takes (student_ID, section_ID, grades) VALUES (33, 53, "C-");;
INSERT INTO takes (student_ID, section_ID, grades) VALUES (147, 18, "F");;
INSERT INTO takes (student_ID, section_ID, grades) VALUES (149, 50, "C");;
INSERT INTO takes (student_ID, section_ID, grades) VALUES (92, 86, "B+");;
INSERT INTO takes (student_ID, section_ID, grades) VALUES (106, 2, "A");;
INSERT INTO takes (student_ID, section_ID, grades) VALUES (67, 6, "C-");;
INSERT INTO takes (student_ID, section_ID, grades) VALUES (117, 78, "C");;
INSERT INTO takes (student_ID, section_ID, grades) VALUES (45, 74, "C+");;
INSERT INTO takes (student_ID, section_ID, grades) VALUES (79, 35, "F");;
INSERT INTO takes (student_ID, section_ID, grades) VALUES (31, 48, "");;
INSERT INTO takes (student_ID, section_ID, grades) VALUES (48, 4, "C+");;
INSERT INTO takes (student_ID, section_ID, grades) VALUES (103, 11, "C");;
INSERT INTO takes (student_ID, section_ID, grades) VALUES (51, 2, "C-");;
INSERT INTO takes (student_ID, section_ID, grades) VALUES (97, 72, "B-");;
INSERT INTO takes (student_ID, section_ID, grades) VALUES (35, 30, "");;
INSERT INTO takes (student_ID, section_ID, grades) VALUES (120, 36, "B+");;
INSERT INTO takes (student_ID, section_ID, grades) VALUES (127, 37, "A+");;
INSERT INTO takes (student_ID, section_ID, grades) VALUES (131, 36, "B");;
INSERT INTO takes (student_ID, section_ID, grades) VALUES (39, 23, "B+");;
INSERT INTO takes (student_ID, section_ID, grades) VALUES (135, 20, "A");;
INSERT INTO takes (student_ID, section_ID, grades) VALUES (12, 15, "A");;
INSERT INTO takes (student_ID, section_ID, grades) VALUES (88, 18, "C+");;
INSERT INTO takes (student_ID, section_ID, grades) VALUES (124, 5, "C");;
INSERT INTO takes (student_ID, section_ID, grades) VALUES (58, 62, "A+");;
INSERT INTO takes (student_ID, section_ID, grades) VALUES (49, 44, "A-");;
INSERT INTO takes (student_ID, section_ID, grades) VALUES (53, 92, "B-");;
INSERT INTO takes (student_ID, section_ID, grades) VALUES (60, 84, "F");;
INSERT INTO takes (student_ID, section_ID, grades) VALUES (149, 69, "B");;
INSERT INTO takes (student_ID, section_ID, grades) VALUES (85, 32, "D");;
INSERT INTO takes (student_ID, section_ID, grades) VALUES (120, 100, "A+");;
INSERT INTO takes (student_ID, section_ID, grades) VALUES (13, 79, "A");;
INSERT INTO takes (student_ID, section_ID, grades) VALUES (34, 82, "D");;
INSERT INTO takes (student_ID, section_ID, grades) VALUES (67, 95, "C-");;
INSERT INTO takes (student_ID, section_ID, grades) VALUES (36, 19, "C");;
INSERT INTO takes (student_ID, section_ID, grades) VALUES (46, 77, "");;
INSERT INTO takes (student_ID, section_ID, grades) VALUES (67, 80, "A+");;
INSERT INTO takes (student_ID, section_ID, grades) VALUES (29, 52, "");;
INSERT INTO takes (student_ID, section_ID, grades) VALUES (110, 40, "B");;
INSERT INTO takes (student_ID, section_ID, grades) VALUES (135, 63, "");;
INSERT INTO takes (student_ID, section_ID, grades) VALUES (59, 11, "B+");;
INSERT INTO takes (student_ID, section_ID, grades) VALUES (148, 68, "F");;
INSERT INTO takes (student_ID, section_ID, grades) VALUES (74, 64, "B+");;
INSERT INTO takes (student_ID, section_ID, grades) VALUES (68, 13, "F");;
INSERT INTO takes (student_ID, section_ID, grades) VALUES (144, 17, "F");;
INSERT INTO takes (student_ID, section_ID, grades) VALUES (21, 56, "C+");;
INSERT INTO takes (student_ID, section_ID, grades) VALUES (15, 83, "D");;
INSERT INTO takes (student_ID, section_ID, grades) VALUES (125, 58, "B-");;
INSERT INTO takes (student_ID, section_ID, grades) VALUES (44, 49, "B+");;
INSERT INTO takes (student_ID, section_ID, grades) VALUES (15, 39, "C+");;
INSERT INTO takes (student_ID, section_ID, grades) VALUES (112, 22, "A-");;
INSERT INTO takes (student_ID, section_ID, grades) VALUES (111, 4, "B+");;
INSERT INTO takes (student_ID, section_ID, grades) VALUES (141, 73, "D+");;
INSERT INTO takes (student_ID, section_ID, grades) VALUES (107, 77, "D");;
INSERT INTO takes (student_ID, section_ID, grades) VALUES (70, 62, "A-");;
INSERT INTO takes (student_ID, section_ID, grades) VALUES (48, 98, "D-");;
INSERT INTO takes (student_ID, section_ID, grades) VALUES (92, 80, "");;
INSERT INTO takes (student_ID, section_ID, grades) VALUES (31, 56, "B+");;
INSERT INTO takes (student_ID, section_ID, grades) VALUES (146, 35, "A");;
INSERT INTO takes (student_ID, section_ID, grades) VALUES (59, 47, "A+");;
INSERT INTO takes (student_ID, section_ID, grades) VALUES (99, 55, "C");;
INSERT INTO takes (student_ID, section_ID, grades) VALUES (100, 61, "B+");;
INSERT INTO takes (student_ID, section_ID, grades) VALUES (22, 98, "");;
INSERT INTO takes (student_ID, section_ID, grades) VALUES (147, 71, "D");;
INSERT INTO takes (student_ID, section_ID, grades) VALUES (2, 65, "C-");;
INSERT INTO takes (student_ID, section_ID, grades) VALUES (79, 79, "D");;
INSERT INTO takes (student_ID, section_ID, grades) VALUES (111, 97, "D+");;
INSERT INTO takes (student_ID, section_ID, grades) VALUES (5, 95, "");;
INSERT INTO takes (student_ID, section_ID, grades) VALUES (16, 21, "C+");;
INSERT INTO takes (student_ID, section_ID, grades) VALUES (48, 82, "D-");;
INSERT INTO takes (student_ID, section_ID, grades) VALUES (9, 69, "B");;
INSERT INTO takes (student_ID, section_ID, grades) VALUES (10, 42, "D+");;
INSERT INTO takes (student_ID, section_ID, grades) VALUES (95, 79, "D-");;
INSERT INTO takes (student_ID, section_ID, grades) VALUES (56, 6, "F");;
INSERT INTO takes (student_ID, section_ID, grades) VALUES (130, 26, "A+");;
INSERT INTO takes (student_ID, section_ID, grades) VALUES (38, 22, "B+");;
INSERT INTO takes (student_ID, section_ID, grades) VALUES (25, 73, "B+");;
INSERT INTO takes (student_ID, section_ID, grades) VALUES (6, 12, "C");;
INSERT INTO takes (student_ID, section_ID, grades) VALUES (20, 21, "B-");;
INSERT INTO takes (student_ID, section_ID, grades) VALUES (25, 45, "");;
INSERT INTO takes (student_ID, section_ID, grades) VALUES (84, 61, "D");;
INSERT INTO takes (student_ID, section_ID, grades) VALUES (80, 4, "B-");;
INSERT INTO takes (student_ID, section_ID, grades) VALUES (107, 35, "F");;
INSERT INTO takes (student_ID, section_ID, grades) VALUES (71, 78, "C");;
INSERT INTO takes (student_ID, section_ID, grades) VALUES (53, 9, "C+");;
INSERT INTO takes (student_ID, section_ID, grades) VALUES (42, 69, "C-");;
INSERT INTO takes (student_ID, section_ID, grades) VALUES (91, 55, "D-");;
INSERT INTO takes (student_ID, section_ID, grades) VALUES (35, 37, "F");;
INSERT INTO takes (student_ID, section_ID, grades) VALUES (89, 78, "B");;
INSERT INTO takes (student_ID, section_ID, grades) VALUES (100, 12, "B+");;
INSERT INTO takes (student_ID, section_ID, grades) VALUES (59, 22, "B");;
INSERT INTO takes (student_ID, section_ID, grades) VALUES (30, 23, "A-");;
INSERT INTO takes (student_ID, section_ID, grades) VALUES (51, 99, "B-");;
INSERT INTO takes (student_ID, section_ID, grades) VALUES (101, 3, "C+");;
INSERT INTO takes (student_ID, section_ID, grades) VALUES (22, 45, "B+");;
INSERT INTO takes (student_ID, section_ID, grades) VALUES (121, 88, "D+");;
INSERT INTO takes (student_ID, section_ID, grades) VALUES (27, 26, "");;
INSERT INTO takes (student_ID, section_ID, grades) VALUES (2, 76, "B");;
INSERT INTO takes (student_ID, section_ID, grades) VALUES (90, 53, "D+");;
INSERT INTO takes (student_ID, section_ID, grades) VALUES (46, 67, "B");;
INSERT INTO takes (student_ID, section_ID, grades) VALUES (24, 43, "D+");;
INSERT INTO takes (student_ID, section_ID, grades) VALUES (98, 27, "A");;
INSERT INTO takes (student_ID, section_ID, grades) VALUES (1, 52, "C");;
INSERT INTO takes (student_ID, section_ID, grades) VALUES (39, 31, "B-");;
INSERT INTO takes (student_ID, section_ID, grades) VALUES (127, 26, "F");;
INSERT INTO takes (student_ID, section_ID, grades) VALUES (105, 14, "D");;
INSERT INTO takes (student_ID, section_ID, grades) VALUES (125, 12, "C");;
INSERT INTO takes (student_ID, section_ID, grades) VALUES (54, 77, "C");;
INSERT INTO takes (student_ID, section_ID, grades) VALUES (34, 29, "D-");;
INSERT INTO takes (student_ID, section_ID, grades) VALUES (119, 80, "C-");;
INSERT INTO takes (student_ID, section_ID, grades) VALUES (132, 59, "A");;
INSERT INTO takes (student_ID, section_ID, grades) VALUES (71, 21, "C-");;
INSERT INTO takes (student_ID, section_ID, grades) VALUES (110, 57, "C");;
INSERT INTO takes (student_ID, section_ID, grades) VALUES (108, 58, "A");;
INSERT INTO takes (student_ID, section_ID, grades) VALUES (81, 8, "A+");;
INSERT INTO takes (student_ID, section_ID, grades) VALUES (123, 66, "B");;
INSERT INTO takes (student_ID, section_ID, grades) VALUES (25, 12, "A");;
INSERT INTO takes (student_ID, section_ID, grades) VALUES (1, 25, "F");;
INSERT INTO takes (student_ID, section_ID, grades) VALUES (96, 63, "D+");;
INSERT INTO takes (student_ID, section_ID, grades) VALUES (101, 52, "C");;
INSERT INTO takes (student_ID, section_ID, grades) VALUES (48, 65, "B");;
INSERT INTO takes (student_ID, section_ID, grades) VALUES (18, 99, "C");;
INSERT INTO takes (student_ID, section_ID, grades) VALUES (52, 76, "A");;
INSERT INTO takes (student_ID, section_ID, grades) VALUES (131, 1, "F");;
INSERT INTO takes (student_ID, section_ID, grades) VALUES (33, 31, "");;
INSERT INTO takes (student_ID, section_ID, grades) VALUES (94, 1, "B+");;
INSERT INTO takes (student_ID, section_ID, grades) VALUES (139, 95, "C-");;
INSERT INTO takes (student_ID, section_ID, grades) VALUES (61, 26, "C-");;
INSERT INTO takes (student_ID, section_ID, grades) VALUES (74, 34, "A-");;
INSERT INTO takes (student_ID, section_ID, grades) VALUES (149, 19, "D-");;
INSERT INTO takes (student_ID, section_ID, grades) VALUES (99, 79, "A+");;
INSERT INTO takes (student_ID, section_ID, grades) VALUES (61, 67, "A");;
INSERT INTO takes (student_ID, section_ID, grades) VALUES (146, 67, "D-");;
INSERT INTO takes (student_ID, section_ID, grades) VALUES (110, 87, "D");;
INSERT INTO takes (student_ID, section_ID, grades) VALUES (145, 31, "D");;
INSERT INTO takes (student_ID, section_ID, grades) VALUES (93, 76, "B-");;
INSERT INTO takes (student_ID, section_ID, grades) VALUES (120, 75, "B+");;
INSERT INTO takes (student_ID, section_ID, grades) VALUES (75, 51, "F");;
INSERT INTO takes (student_ID, section_ID, grades) VALUES (113, 49, "D-");;
INSERT INTO takes (student_ID, section_ID, grades) VALUES (59, 54, "F");;
INSERT INTO takes (student_ID, section_ID, grades) VALUES (25, 19, "A+");;
INSERT INTO takes (student_ID, section_ID, grades) VALUES (41, 30, "D+");;
INSERT INTO takes (student_ID, section_ID, grades) VALUES (42, 23, "A-");;
INSERT INTO takes (student_ID, section_ID, grades) VALUES (103, 100, "C-");;
INSERT INTO takes (student_ID, section_ID, grades) VALUES (36, 3, "A");;
INSERT INTO takes (student_ID, section_ID, grades) VALUES (35, 18, "B-");;
INSERT INTO takes (student_ID, section_ID, grades) VALUES (9, 2, "D+");;
INSERT INTO takes (student_ID, section_ID, grades) VALUES (120, 45, "D-");;
INSERT INTO takes (student_ID, section_ID, grades) VALUES (70, 5, "C-");;
INSERT INTO takes (student_ID, section_ID, grades) VALUES (94, 61, "B-");;
INSERT INTO takes (student_ID, section_ID, grades) VALUES (77, 35, "A+");;
INSERT INTO takes (student_ID, section_ID, grades) VALUES (117, 70, "F");;
INSERT INTO takes (student_ID, section_ID, grades) VALUES (113, 31, "D");;
INSERT INTO takes (student_ID, section_ID, grades) VALUES (79, 33, "A");;
INSERT INTO takes (student_ID, section_ID, grades) VALUES (80, 63, "B+");;
INSERT INTO takes (student_ID, section_ID, grades) VALUES (103, 32, "B");;
INSERT INTO takes (student_ID, section_ID, grades) VALUES (146, 74, "C+");;
INSERT INTO takes (student_ID, section_ID, grades) VALUES (23, 16, "C-");;
INSERT INTO takes (student_ID, section_ID, grades) VALUES (8, 22, "C-");;
INSERT INTO takes (student_ID, section_ID, grades) VALUES (78, 62, "C+");;
INSERT INTO takes (student_ID, section_ID, grades) VALUES (99, 10, "D-");;
INSERT INTO takes (student_ID, section_ID, grades) VALUES (34, 52, "");;
INSERT INTO takes (student_ID, section_ID, grades) VALUES (35, 19, "D-");;
INSERT INTO takes (student_ID, section_ID, grades) VALUES (75, 66, "B");;
INSERT INTO takes (student_ID, section_ID, grades) VALUES (95, 71, "A");;
INSERT INTO takes (student_ID, section_ID, grades) VALUES (31, 22, "A");;
INSERT INTO takes (student_ID, section_ID, grades) VALUES (29, 93, "C-");;
INSERT INTO takes (student_ID, section_ID, grades) VALUES (41, 81, "");;
INSERT INTO takes (student_ID, section_ID, grades) VALUES (42, 37, "D+");;
INSERT INTO takes (student_ID, section_ID, grades) VALUES (102, 62, "");;
INSERT INTO takes (student_ID, section_ID, grades) VALUES (26, 79, "D+");;
INSERT INTO takes (student_ID, section_ID, grades) VALUES (91, 92, "C");;
INSERT INTO takes (student_ID, section_ID, grades) VALUES (5, 57, "C+");;
INSERT INTO takes (student_ID, section_ID, grades) VALUES (115, 88, "C");;
INSERT INTO takes (student_ID, section_ID, grades) VALUES (48, 52, "B+");;
INSERT INTO takes (student_ID, section_ID, grades) VALUES (46, 33, "A-");;
INSERT INTO takes (student_ID, section_ID, grades) VALUES (38, 41, "A");;
INSERT INTO takes (student_ID, section_ID, grades) VALUES (20, 80, "F");;
INSERT INTO takes (student_ID, section_ID, grades) VALUES (59, 80, "A");;
INSERT INTO takes (student_ID, section_ID, grades) VALUES (12, 22, "A-");;
INSERT INTO takes (student_ID, section_ID, grades) VALUES (129, 81, "D-");;
INSERT INTO takes (student_ID, section_ID, grades) VALUES (137, 41, "C+");;
INSERT INTO takes (student_ID, section_ID, grades) VALUES (21, 83, "A+");;
INSERT INTO takes (student_ID, section_ID, grades) VALUES (136, 82, "B+");;
INSERT INTO takes (student_ID, section_ID, grades) VALUES (16, 46, "B-");;
INSERT INTO takes (student_ID, section_ID, grades) VALUES (29, 5, "B");;
INSERT INTO takes (student_ID, section_ID, grades) VALUES (58, 47, "");;
INSERT INTO takes (student_ID, section_ID, grades) VALUES (66, 27, "B+");;
INSERT INTO takes (student_ID, section_ID, grades) VALUES (49, 76, "A-");;
INSERT INTO takes (student_ID, section_ID, grades) VALUES (95, 1, "C-");;
INSERT INTO takes (student_ID, section_ID, grades) VALUES (4, 75, "C+");;
INSERT INTO takes (student_ID, section_ID, grades) VALUES (76, 27, "B+");;
INSERT INTO takes (student_ID, section_ID, grades) VALUES (68, 79, "A+");;
INSERT INTO takes (student_ID, section_ID, grades) VALUES (131, 71, "C+");;
INSERT INTO takes (student_ID, section_ID, grades) VALUES (4, 77, "A-");;
INSERT INTO takes (student_ID, section_ID, grades) VALUES (141, 43, "B-");;
INSERT INTO takes (student_ID, section_ID, grades) VALUES (72, 63, "D-");;
INSERT INTO takes (student_ID, section_ID, grades) VALUES (136, 91, "B+");;
INSERT INTO takes (student_ID, section_ID, grades) VALUES (81, 75, "A-");;
INSERT INTO takes (student_ID, section_ID, grades) VALUES (107, 59, "B+");;
INSERT INTO takes (student_ID, section_ID, grades) VALUES (46, 14, "D+");;
INSERT INTO takes (student_ID, section_ID, grades) VALUES (102, 17, "B+");;
INSERT INTO takes (student_ID, section_ID, grades) VALUES (48, 90, "A+");;
INSERT INTO takes (student_ID, section_ID, grades) VALUES (144, 35, "A");;
INSERT INTO takes (student_ID, section_ID, grades) VALUES (15, 27, "F");;
INSERT INTO takes (student_ID, section_ID, grades) VALUES (51, 55, "D");;
INSERT INTO takes (student_ID, section_ID, grades) VALUES (22, 96, "F");;
INSERT INTO takes (student_ID, section_ID, grades) VALUES (8, 80, "D-");;
INSERT INTO takes (student_ID, section_ID, grades) VALUES (112, 49, "C-");;
INSERT INTO takes (student_ID, section_ID, grades) VALUES (101, 81, "C+");;
INSERT INTO takes (student_ID, section_ID, grades) VALUES (81, 48, "C-");;
INSERT INTO takes (student_ID, section_ID, grades) VALUES (79, 64, "D-");;
INSERT INTO takes (student_ID, section_ID, grades) VALUES (57, 76, "A+");;
INSERT INTO takes (student_ID, section_ID, grades) VALUES (102, 69, "C-");;
INSERT INTO takes (student_ID, section_ID, grades) VALUES (68, 72, "C+");;
INSERT INTO takes (student_ID, section_ID, grades) VALUES (18, 3, "C+");;
INSERT INTO takes (student_ID, section_ID, grades) VALUES (78, 40, "A+");;
INSERT INTO takes (student_ID, section_ID, grades) VALUES (75, 54, "F");;
INSERT INTO takes (student_ID, section_ID, grades) VALUES (24, 7, "C-");;
INSERT INTO takes (student_ID, section_ID, grades) VALUES (108, 70, "F");;
INSERT INTO takes (student_ID, section_ID, grades) VALUES (143, 93, "D");;
INSERT INTO takes (student_ID, section_ID, grades) VALUES (123, 67, "A+");;
INSERT INTO takes (student_ID, section_ID, grades) VALUES (111, 3, "A");;
INSERT INTO takes (student_ID, section_ID, grades) VALUES (143, 5, "C+");;
INSERT INTO takes (student_ID, section_ID, grades) VALUES (128, 77, "C");;
INSERT INTO takes (student_ID, section_ID, grades) VALUES (28, 37, "A+");;
INSERT INTO takes (student_ID, section_ID, grades) VALUES (62, 46, "");;
INSERT INTO takes (student_ID, section_ID, grades) VALUES (58, 55, "F");;
INSERT INTO takes (student_ID, section_ID, grades) VALUES (30, 28, "C");;
INSERT INTO takes (student_ID, section_ID, grades) VALUES (94, 54, "A-");;
INSERT INTO takes (student_ID, section_ID, grades) VALUES (37, 29, "D+");;
INSERT INTO takes (student_ID, section_ID, grades) VALUES (116, 50, "D");;
INSERT INTO takes (student_ID, section_ID, grades) VALUES (62, 3, "C+");;
INSERT INTO takes (student_ID, section_ID, grades) VALUES (33, 91, "F");;
INSERT INTO takes (student_ID, section_ID, grades) VALUES (44, 39, "B");;
INSERT INTO takes (student_ID, section_ID, grades) VALUES (148, 65, "D+");;
INSERT INTO takes (student_ID, section_ID, grades) VALUES (26, 30, "A+");;
INSERT INTO takes (student_ID, section_ID, grades) VALUES (82, 48, "D-");;
INSERT INTO takes (student_ID, section_ID, grades) VALUES (55, 64, "B+");;
INSERT INTO takes (student_ID, section_ID, grades) VALUES (16, 68, "C");;
INSERT INTO takes (student_ID, section_ID, grades) VALUES (39, 19, "");;
INSERT INTO takes (student_ID, section_ID, grades) VALUES (109, 61, "B");;
INSERT INTO takes (student_ID, section_ID, grades) VALUES (84, 14, "C");;
INSERT INTO takes (student_ID, section_ID, grades) VALUES (47, 69, "D");;
INSERT INTO takes (student_ID, section_ID, grades) VALUES (119, 74, "A-");;
INSERT INTO takes (student_ID, section_ID, grades) VALUES (119, 67, "C+");;
INSERT INTO takes (student_ID, section_ID, grades) VALUES (142, 80, "B");;
INSERT INTO takes (student_ID, section_ID, grades) VALUES (91, 51, "B-");;
INSERT INTO takes (student_ID, section_ID, grades) VALUES (61, 41, "F");;
INSERT INTO takes (student_ID, section_ID, grades) VALUES (78, 77, "C+");;
INSERT INTO takes (student_ID, section_ID, grades) VALUES (119, 20, "C+");;
INSERT INTO takes (student_ID, section_ID, grades) VALUES (69, 30, "");;
INSERT INTO takes (student_ID, section_ID, grades) VALUES (81, 59, "D-");;
INSERT INTO takes (student_ID, section_ID, grades) VALUES (116, 100, "B-");;
INSERT INTO takes (student_ID, section_ID, grades) VALUES (53, 3, "B+");;
INSERT INTO takes (student_ID, section_ID, grades) VALUES (108, 42, "");;
INSERT INTO takes (student_ID, section_ID, grades) VALUES (34, 78, "A+");;
INSERT INTO takes (student_ID, section_ID, grades) VALUES (121, 50, "");;
INSERT INTO takes (student_ID, section_ID, grades) VALUES (56, 30, "A+");;
INSERT INTO takes (student_ID, section_ID, grades) VALUES (71, 59, "F");;
INSERT INTO takes (student_ID, section_ID, grades) VALUES (53, 48, "B-");;
INSERT INTO takes (student_ID, section_ID, grades) VALUES (107, 29, "A+");;
INSERT INTO takes (student_ID, section_ID, grades) VALUES (120, 41, "A+");;
INSERT INTO takes (student_ID, section_ID, grades) VALUES (98, 13, "B-");;
INSERT INTO takes (student_ID, section_ID, grades) VALUES (43, 78, "C");;
INSERT INTO takes (student_ID, section_ID, grades) VALUES (13, 3, "D+");;
INSERT INTO takes (student_ID, section_ID, grades) VALUES (10, 74, "A+");;
INSERT INTO takes (student_ID, section_ID, grades) VALUES (30, 31, "B");;
INSERT INTO takes (student_ID, section_ID, grades) VALUES (53, 90, "F");;
INSERT INTO takes (student_ID, section_ID, grades) VALUES (85, 37, "A+");;
INSERT INTO takes (student_ID, section_ID, grades) VALUES (20, 57, "F");;
INSERT INTO takes (student_ID, section_ID, grades) VALUES (17, 68, "F");;
INSERT INTO takes (student_ID, section_ID, grades) VALUES (139, 89, "B+");;
INSERT INTO takes (student_ID, section_ID, grades) VALUES (110, 78, "A+");;
INSERT INTO takes (student_ID, section_ID, grades) VALUES (62, 77, "C");;
INSERT INTO takes (student_ID, section_ID, grades) VALUES (120, 9, "F");;
INSERT INTO takes (student_ID, section_ID, grades) VALUES (24, 10, "C");;
INSERT INTO takes (student_ID, section_ID, grades) VALUES (67, 88, "C-");;
INSERT INTO takes (student_ID, section_ID, grades) VALUES (131, 2, "D-");;
INSERT INTO takes (student_ID, section_ID, grades) VALUES (103, 85, "D-");;
INSERT INTO takes (student_ID, section_ID, grades) VALUES (143, 39, "C-");;
INSERT INTO takes (student_ID, section_ID, grades) VALUES (56, 75, "C-");;
INSERT INTO takes (student_ID, section_ID, grades) VALUES (45, 26, "C-");;
INSERT INTO takes (student_ID, section_ID, grades) VALUES (147, 52, "B");;
INSERT INTO takes (student_ID, section_ID, grades) VALUES (91, 23, "A+");;
INSERT INTO takes (student_ID, section_ID, grades) VALUES (73, 80, "C-");;
INSERT INTO takes (student_ID, section_ID, grades) VALUES (37, 6, "A-");;
INSERT INTO takes (student_ID, section_ID, grades) VALUES (125, 33, "D+");;
INSERT INTO takes (student_ID, section_ID, grades) VALUES (22, 66, "");;
INSERT INTO takes (student_ID, section_ID, grades) VALUES (148, 43, "D+");;
INSERT INTO takes (student_ID, section_ID, grades) VALUES (98, 20, "B+");;
INSERT INTO takes (student_ID, section_ID, grades) VALUES (47, 87, "C-");;
INSERT INTO takes (student_ID, section_ID, grades) VALUES (1, 64, "B+");;
INSERT INTO takes (student_ID, section_ID, grades) VALUES (25, 65, "F");;
INSERT INTO takes (student_ID, section_ID, grades) VALUES (25, 5, "C-");;
INSERT INTO takes (student_ID, section_ID, grades) VALUES (60, 75, "C+");;
INSERT INTO takes (student_ID, section_ID, grades) VALUES (49, 74, "C+");;
INSERT INTO takes (student_ID, section_ID, grades) VALUES (112, 99, "F");;
INSERT INTO takes (student_ID, section_ID, grades) VALUES (85, 81, "D");;
INSERT INTO takes (student_ID, section_ID, grades) VALUES (119, 70, "");;
INSERT INTO takes (student_ID, section_ID, grades) VALUES (19, 41, "C");;
INSERT INTO takes (student_ID, section_ID, grades) VALUES (105, 13, "F");;
INSERT INTO takes (student_ID, section_ID, grades) VALUES (147, 12, "D+");;
INSERT INTO takes (student_ID, section_ID, grades) VALUES (54, 51, "D+");;
INSERT INTO takes (student_ID, section_ID, grades) VALUES (107, 84, "A-");;
INSERT INTO takes (student_ID, section_ID, grades) VALUES (69, 13, "B-");;
INSERT INTO takes (student_ID, section_ID, grades) VALUES (142, 18, "F");;
INSERT INTO takes (student_ID, section_ID, grades) VALUES (29, 66, "B-");;
INSERT INTO takes (student_ID, section_ID, grades) VALUES (108, 18, "A");;
INSERT INTO takes (student_ID, section_ID, grades) VALUES (98, 93, "");;
INSERT INTO takes (student_ID, section_ID, grades) VALUES (32, 65, "A+");;
INSERT INTO takes (student_ID, section_ID, grades) VALUES (34, 71, "F");;
INSERT INTO takes (student_ID, section_ID, grades) VALUES (87, 95, "B+");;
INSERT INTO takes (student_ID, section_ID, grades) VALUES (10, 3, "");;
INSERT INTO takes (student_ID, section_ID, grades) VALUES (114, 13, "C-");;
INSERT INTO takes (student_ID, section_ID, grades) VALUES (9, 88, "B");;
INSERT INTO takes (student_ID, section_ID, grades) VALUES (5, 42, "");;
INSERT INTO takes (student_ID, section_ID, grades) VALUES (5, 83, "A-");;
INSERT INTO takes (student_ID, section_ID, grades) VALUES (30, 77, "C+");;
INSERT INTO takes (student_ID, section_ID, grades) VALUES (95, 93, "B+");;
INSERT INTO takes (student_ID, section_ID, grades) VALUES (19, 6, "A");;
INSERT INTO takes (student_ID, section_ID, grades) VALUES (136, 41, "A+");;
INSERT INTO takes (student_ID, section_ID, grades) VALUES (96, 97, "C+");;
INSERT INTO takes (student_ID, section_ID, grades) VALUES (4, 22, "C");;
INSERT INTO takes (student_ID, section_ID, grades) VALUES (136, 37, "A-");;
INSERT INTO takes (student_ID, section_ID, grades) VALUES (18, 4, "");;
INSERT INTO takes (student_ID, section_ID, grades) VALUES (92, 64, "A+");;
INSERT INTO takes (student_ID, section_ID, grades) VALUES (100, 86, "C");;
INSERT INTO takes (student_ID, section_ID, grades) VALUES (13, 22, "C+");;
INSERT INTO takes (student_ID, section_ID, grades) VALUES (107, 92, "");;
INSERT INTO takes (student_ID, section_ID, grades) VALUES (15, 44, "C-");;
INSERT INTO takes (student_ID, section_ID, grades) VALUES (83, 44, "B");;
INSERT INTO takes (student_ID, section_ID, grades) VALUES (148, 42, "C");;
INSERT INTO takes (student_ID, section_ID, grades) VALUES (20, 34, "C");;
INSERT INTO takes (student_ID, section_ID, grades) VALUES (53, 26, "");;
INSERT INTO takes (student_ID, section_ID, grades) VALUES (111, 52, "A");;
INSERT INTO takes (student_ID, section_ID, grades) VALUES (75, 28, "D");;
INSERT INTO takes (student_ID, section_ID, grades) VALUES (72, 14, "D");;
INSERT INTO takes (student_ID, section_ID, grades) VALUES (144, 67, "C");;
INSERT INTO takes (student_ID, section_ID, grades) VALUES (10, 32, "B");;
INSERT INTO takes (student_ID, section_ID, grades) VALUES (96, 13, "C+");;
INSERT INTO takes (student_ID, section_ID, grades) VALUES (37, 46, "D-");;
INSERT INTO takes (student_ID, section_ID, grades) VALUES (9, 56, "C-");;
INSERT INTO takes (student_ID, section_ID, grades) VALUES (58, 74, "B-");;
INSERT INTO takes (student_ID, section_ID, grades) VALUES (76, 49, "A-");;
INSERT INTO takes (student_ID, section_ID, grades) VALUES (40, 47, "D+");;
INSERT INTO takes (student_ID, section_ID, grades) VALUES (132, 82, "A-");;
INSERT INTO takes (student_ID, section_ID, grades) VALUES (45, 1, "F");;
INSERT INTO takes (student_ID, section_ID, grades) VALUES (148, 60, "D+");;
INSERT INTO takes (student_ID, section_ID, grades) VALUES (57, 82, "F");;
INSERT INTO takes (student_ID, section_ID, grades) VALUES (149, 2, "B-");;
INSERT INTO takes (student_ID, section_ID, grades) VALUES (49, 9, "C-");;
INSERT INTO takes (student_ID, section_ID, grades) VALUES (46, 3, "C");;
INSERT INTO takes (student_ID, section_ID, grades) VALUES (108, 59, "C-");;
INSERT INTO takes (student_ID, section_ID, grades) VALUES (18, 30, "B");;
INSERT INTO takes (student_ID, section_ID, grades) VALUES (90, 33, "A");;
INSERT INTO takes (student_ID, section_ID, grades) VALUES (132, 54, "B");;
INSERT INTO takes (student_ID, section_ID, grades) VALUES (145, 1, "B-");;
INSERT INTO takes (student_ID, section_ID, grades) VALUES (47, 58, "D");;
INSERT INTO takes (student_ID, section_ID, grades) VALUES (120, 25, "A+");;
INSERT INTO takes (student_ID, section_ID, grades) VALUES (28, 70, "D");;
INSERT INTO takes (student_ID, section_ID, grades) VALUES (17, 66, "C+");;
INSERT INTO takes (student_ID, section_ID, grades) VALUES (41, 92, "F");;
INSERT INTO takes (student_ID, section_ID, grades) VALUES (33, 29, "B+");;
INSERT INTO takes (student_ID, section_ID, grades) VALUES (110, 27, "A");;
INSERT INTO takes (student_ID, section_ID, grades) VALUES (113, 6, "A-");;
INSERT INTO takes (student_ID, section_ID, grades) VALUES (97, 89, "");;
INSERT INTO takes (student_ID, section_ID, grades) VALUES (7, 8, "C-");;
INSERT INTO takes (student_ID, section_ID, grades) VALUES (148, 34, "A-");;
INSERT INTO takes (student_ID, section_ID, grades) VALUES (97, 3, "C-");;
INSERT INTO takes (student_ID, section_ID, grades) VALUES (88, 27, "B+");;
INSERT INTO takes (student_ID, section_ID, grades) VALUES (69, 17, "A+");;
INSERT INTO takes (student_ID, section_ID, grades) VALUES (18, 98, "B");;
INSERT INTO takes (student_ID, section_ID, grades) VALUES (55, 7, "D-");;
INSERT INTO takes (student_ID, section_ID, grades) VALUES (73, 84, "A+");;
INSERT INTO takes (student_ID, section_ID, grades) VALUES (103, 81, "F");;
INSERT INTO takes (student_ID, section_ID, grades) VALUES (38, 97, "D+");;
INSERT INTO takes (student_ID, section_ID, grades) VALUES (44, 51, "B+");;
INSERT INTO takes (student_ID, section_ID, grades) VALUES (95, 67, "B-");;
INSERT INTO takes (student_ID, section_ID, grades) VALUES (17, 70, "A-");;
INSERT INTO takes (student_ID, section_ID, grades) VALUES (3, 34, "C");;
INSERT INTO takes (student_ID, section_ID, grades) VALUES (2, 4, "");;
INSERT INTO takes (student_ID, section_ID, grades) VALUES (3, 12, "");;
INSERT INTO takes (student_ID, section_ID, grades) VALUES (6, 5, "");;
INSERT INTO takes (student_ID, section_ID, grades) VALUES (15, 18, "");;
INSERT INTO takes (student_ID, section_ID, grades) VALUES (16, 18, "");;
INSERT INTO takes (student_ID, section_ID, grades) VALUES (19, 2, "");;
INSERT INTO takes (student_ID, section_ID, grades) VALUES (26, 17, "");;
INSERT INTO takes (student_ID, section_ID, grades) VALUES (30, 13, "");;
INSERT INTO takes (student_ID, section_ID, grades) VALUES (38, 11, "");;
INSERT INTO takes (student_ID, section_ID, grades) VALUES (51, 1, "");;
INSERT INTO takes (student_ID, section_ID, grades) VALUES (52, 6, "");;
INSERT INTO takes (student_ID, section_ID, grades) VALUES (55, 18, "");;
INSERT INTO takes (student_ID, section_ID, grades) VALUES (58, 20, "");;
INSERT INTO takes (student_ID, section_ID, grades) VALUES (61, 5, "");;
INSERT INTO takes (student_ID, section_ID, grades) VALUES (64, 3, "");;
INSERT INTO takes (student_ID, section_ID, grades) VALUES (76, 1, "");;
INSERT INTO takes (student_ID, section_ID, grades) VALUES (77, 14, "");;
INSERT INTO takes (student_ID, section_ID, grades) VALUES (82, 6, "");;
INSERT INTO takes (student_ID, section_ID, grades) VALUES (85, 5, "");;
INSERT INTO takes (student_ID, section_ID, grades) VALUES (97, 20, "");;
INSERT INTO takes (student_ID, section_ID, grades) VALUES (99, 20, "");;
INSERT INTO takes (student_ID, section_ID, grades) VALUES (101, 4, "");;
INSERT INTO takes (student_ID, section_ID, grades) VALUES (107, 1, "");;
INSERT INTO takes (student_ID, section_ID, grades) VALUES (109, 7, "");;
INSERT INTO takes (student_ID, section_ID, grades) VALUES (115, 14, "");;
INSERT INTO takes (student_ID, section_ID, grades) VALUES (117, 18, "");;
INSERT INTO takes (student_ID, section_ID, grades) VALUES (119, 6, "");;
INSERT INTO takes (student_ID, section_ID, grades) VALUES (123, 5, "");;
INSERT INTO takes (student_ID, section_ID, grades) VALUES (136, 5, "");;
INSERT INTO takes (student_ID, section_ID, grades) VALUES (139, 9, "");;
INSERT INTO takes (student_ID, section_ID, grades) VALUES (140, 18, "");;
INSERT INTO takes (student_ID, section_ID, grades) VALUES (141, 8, "");;
INSERT INTO takes (student_ID, section_ID, grades) VALUES (145, 14, "");;
INSERT INTO takes (student_ID, section_ID, grades) VALUES (147, 8, "");;
INSERT INTO takes (student_ID, section_ID, grades) VALUES (149, 1, "");;
INSERT INTO advises (student_ID, instructor_ID) VALUES (1, 1);;
INSERT INTO advises (student_ID, instructor_ID) VALUES (2, 1);;
INSERT INTO advises (student_ID, instructor_ID) VALUES (3, 2);;
INSERT INTO advises (student_ID, instructor_ID) VALUES (4, 2);;
INSERT INTO advises (student_ID, instructor_ID) VALUES (5, 2);;
INSERT INTO advises (student_ID, instructor_ID) VALUES (6, 3);;
INSERT INTO advises (student_ID, instructor_ID) VALUES (7, 4);;
INSERT INTO advises (student_ID, instructor_ID) VALUES (8, 5);;
INSERT INTO advises (student_ID, instructor_ID) VALUES (9, 6);;
INSERT INTO advises (student_ID, instructor_ID) VALUES (10, 7);;
INSERT INTO advises (student_ID, instructor_ID) VALUES (11, 8);;
INSERT INTO advises (student_ID, instructor_ID) VALUES (12, 9);;
INSERT INTO advises (student_ID, instructor_ID) VALUES (13, 10);;
INSERT INTO advises (student_ID, instructor_ID) VALUES (14, 8);;
INSERT INTO advises (student_ID, instructor_ID) VALUES (15, 11);;
INSERT INTO advises (student_ID, instructor_ID) VALUES (16, 1);;
INSERT INTO advises (student_ID, instructor_ID) VALUES (17, 2);;
INSERT INTO advises (student_ID, instructor_ID) VALUES (18, 3);;
INSERT INTO advises (student_ID, instructor_ID) VALUES (19, 4);;
INSERT INTO advises (student_ID, instructor_ID) VALUES (20, 5);;
INSERT INTO advises (student_ID, instructor_ID) VALUES (21, 6);;
INSERT INTO advises (student_ID, instructor_ID) VALUES (22, 7);;
INSERT INTO advises (student_ID, instructor_ID) VALUES (23, 8);;
INSERT INTO advises (student_ID, instructor_ID) VALUES (24, 9);;
INSERT INTO advises (student_ID, instructor_ID) VALUES (25, 10);;
INSERT INTO advises (student_ID, instructor_ID) VALUES (26, 11);;
INSERT INTO advises (student_ID, instructor_ID) VALUES (27, 1);;
INSERT INTO advises (student_ID, instructor_ID) VALUES (28, 2);;
INSERT INTO advises (student_ID, instructor_ID) VALUES (29, 3);;
INSERT INTO advises (student_ID, instructor_ID) VALUES (30, 4);;
INSERT INTO advises (student_ID, instructor_ID) VALUES (31, 5);;
INSERT INTO advises (student_ID, instructor_ID) VALUES (32, 6);;
INSERT INTO advises (student_ID, instructor_ID) VALUES (33, 7);;
INSERT INTO advises (student_ID, instructor_ID) VALUES (34, 8);;
INSERT INTO advises (student_ID, instructor_ID) VALUES (35, 9);;
INSERT INTO advises (student_ID, instructor_ID) VALUES (36, 10);;
INSERT INTO advises (student_ID, instructor_ID) VALUES (37, 11);;
INSERT INTO advises (student_ID, instructor_ID) VALUES (38, 1);;
INSERT INTO advises (student_ID, instructor_ID) VALUES (39, 2);;
INSERT INTO advises (student_ID, instructor_ID) VALUES (40, 3);;
INSERT INTO advises (student_ID, instructor_ID) VALUES (41, 4);;
INSERT INTO advises (student_ID, instructor_ID) VALUES (42, 5);;
INSERT INTO advises (student_ID, instructor_ID) VALUES (43, 6);;
INSERT INTO advises (student_ID, instructor_ID) VALUES (44, 7);;
INSERT INTO advises (student_ID, instructor_ID) VALUES (45, 8);;
INSERT INTO advises (student_ID, instructor_ID) VALUES (46, 9);;
INSERT INTO advises (student_ID, instructor_ID) VALUES (47, 10);;
INSERT INTO advises (student_ID, instructor_ID) VALUES (48, 11);;
INSERT INTO advises (student_ID, instructor_ID) VALUES (49, 1);;
INSERT INTO advises (student_ID, instructor_ID) VALUES (50, 2);;
INSERT INTO advises (student_ID, instructor_ID) VALUES (51, 3);;
INSERT INTO advises (student_ID, instructor_ID) VALUES (52, 4);;
INSERT INTO advises (student_ID, instructor_ID) VALUES (53, 5);;
INSERT INTO advises (student_ID, instructor_ID) VALUES (54, 6);;
INSERT INTO advises (student_ID, instructor_ID) VALUES (55, 7);;
INSERT INTO advises (student_ID, instructor_ID) VALUES (56, 8);;
INSERT INTO advises (student_ID, instructor_ID) VALUES (57, 9);;
INSERT INTO advises (student_ID, instructor_ID) VALUES (58, 10);;
INSERT INTO advises (student_ID, instructor_ID) VALUES (59, 11);;
INSERT INTO advises (student_ID, instructor_ID) VALUES (60, 1);;
INSERT INTO advises (student_ID, instructor_ID) VALUES (61, 2);;
INSERT INTO advises (student_ID, instructor_ID) VALUES (62, 3);;
INSERT INTO advises (student_ID, instructor_ID) VALUES (63, 4);;
INSERT INTO advises (student_ID, instructor_ID) VALUES (64, 5);;
INSERT INTO advises (student_ID, instructor_ID) VALUES (65, 6);;
INSERT INTO advises (student_ID, instructor_ID) VALUES (66, 7);;
INSERT INTO advises (student_ID, instructor_ID) VALUES (67, 8);;
INSERT INTO advises (student_ID, instructor_ID) VALUES (68, 9);;
INSERT INTO advises (student_ID, instructor_ID) VALUES (69, 10);;
INSERT INTO advises (student_ID, instructor_ID) VALUES (70, 11);;
INSERT INTO advises (student_ID, instructor_ID) VALUES (71, 1);;
INSERT INTO advises (student_ID, instructor_ID) VALUES (72, 2);;
INSERT INTO advises (student_ID, instructor_ID) VALUES (73, 3);;
INSERT INTO advises (student_ID, instructor_ID) VALUES (74, 4);;
INSERT INTO advises (student_ID, instructor_ID) VALUES (75, 5);;
INSERT INTO advises (student_ID, instructor_ID) VALUES (76, 6);;
INSERT INTO advises (student_ID, instructor_ID) VALUES (77, 7);;
INSERT INTO advises (student_ID, instructor_ID) VALUES (78, 8);;
INSERT INTO advises (student_ID, instructor_ID) VALUES (79, 9);;
INSERT INTO advises (student_ID, instructor_ID) VALUES (80, 10);;
INSERT INTO advises (student_ID, instructor_ID) VALUES (81, 11);;
INSERT INTO advises (student_ID, instructor_ID) VALUES (82, 1);;
INSERT INTO advises (student_ID, instructor_ID) VALUES (83, 2);;
INSERT INTO advises (student_ID, instructor_ID) VALUES (84, 3);;
INSERT INTO advises (student_ID, instructor_ID) VALUES (85, 4);;
INSERT INTO advises (student_ID, instructor_ID) VALUES (86, 5);;
INSERT INTO advises (student_ID, instructor_ID) VALUES (87, 6);;
INSERT INTO advises (student_ID, instructor_ID) VALUES (88, 7);;
INSERT INTO advises (student_ID, instructor_ID) VALUES (89, 8);;
INSERT INTO advises (student_ID, instructor_ID) VALUES (90, 9);;
INSERT INTO advises (student_ID, instructor_ID) VALUES (91, 10);;
INSERT INTO advises (student_ID, instructor_ID) VALUES (92, 11);;
INSERT INTO advises (student_ID, instructor_ID) VALUES (93, 1);;
INSERT INTO advises (student_ID, instructor_ID) VALUES (94, 2);;
INSERT INTO advises (student_ID, instructor_ID) VALUES (95, 3);;
INSERT INTO advises (student_ID, instructor_ID) VALUES (96, 4);;
INSERT INTO advises (student_ID, instructor_ID) VALUES (97, 5);;
INSERT INTO advises (student_ID, instructor_ID) VALUES (98, 6);;
INSERT INTO advises (student_ID, instructor_ID) VALUES (99, 7);;
INSERT INTO advises (student_ID, instructor_ID) VALUES (100, 8);;
INSERT INTO advises (student_ID, instructor_ID) VALUES (101, 9);;
INSERT INTO advises (student_ID, instructor_ID) VALUES (102, 10);;
INSERT INTO advises (student_ID, instructor_ID) VALUES (103, 11);;
INSERT INTO advises (student_ID, instructor_ID) VALUES (104, 1);;
INSERT INTO advises (student_ID, instructor_ID) VALUES (105, 2);;
INSERT INTO advises (student_ID, instructor_ID) VALUES (106, 3);;
INSERT INTO advises (student_ID, instructor_ID) VALUES (107, 4);;
INSERT INTO advises (student_ID, instructor_ID) VALUES (108, 5);;
INSERT INTO advises (student_ID, instructor_ID) VALUES (109, 6);;
INSERT INTO advises (student_ID, instructor_ID) VALUES (110, 7);;
INSERT INTO advises (student_ID, instructor_ID) VALUES (111, 8);;
INSERT INTO advises (student_ID, instructor_ID) VALUES (112, 9);;
INSERT INTO advises (student_ID, instructor_ID) VALUES (113, 10);;
INSERT INTO advises (student_ID, instructor_ID) VALUES (114, 11);;
INSERT INTO advises (student_ID, instructor_ID) VALUES (115, 1);;
INSERT INTO advises (student_ID, instructor_ID) VALUES (116, 2);;
INSERT INTO advises (student_ID, instructor_ID) VALUES (117, 3);;
INSERT INTO advises (student_ID, instructor_ID) VALUES (118, 4);;
INSERT INTO advises (student_ID, instructor_ID) VALUES (119, 5);;
INSERT INTO advises (student_ID, instructor_ID) VALUES (120, 6);;
INSERT INTO advises (student_ID, instructor_ID) VALUES (121, 7);;
INSERT INTO advises (student_ID, instructor_ID) VALUES (122, 8);;
INSERT INTO advises (student_ID, instructor_ID) VALUES (123, 9);;
INSERT INTO advises (student_ID, instructor_ID) VALUES (124, 10);;
INSERT INTO advises (student_ID, instructor_ID) VALUES (125, 11);;
INSERT INTO advises (student_ID, instructor_ID) VALUES (126, 1);;
INSERT INTO advises (student_ID, instructor_ID) VALUES (127, 2);;
INSERT INTO advises (student_ID, instructor_ID) VALUES (128, 3);;
INSERT INTO advises (student_ID, instructor_ID) VALUES (129, 4);;
INSERT INTO advises (student_ID, instructor_ID) VALUES (130, 5);;
INSERT INTO advises (student_ID, instructor_ID) VALUES (131, 6);;
INSERT INTO advises (student_ID, instructor_ID) VALUES (132, 7);;
INSERT INTO advises (student_ID, instructor_ID) VALUES (133, 8);;
INSERT INTO advises (student_ID, instructor_ID) VALUES (134, 9);;
INSERT INTO advises (student_ID, instructor_ID) VALUES (135, 10);;
INSERT INTO advises (student_ID, instructor_ID) VALUES (136, 11);;
INSERT INTO advises (student_ID, instructor_ID) VALUES (137, 1);;
INSERT INTO advises (student_ID, instructor_ID) VALUES (138, 2);;
INSERT INTO advises (student_ID, instructor_ID) VALUES (139, 3);;
INSERT INTO advises (student_ID, instructor_ID) VALUES (140, 4);;
INSERT INTO advises (student_ID, instructor_ID) VALUES (141, 5);;
INSERT INTO advises (student_ID, instructor_ID) VALUES (142, 6);;
INSERT INTO advises (student_ID, instructor_ID) VALUES (143, 7);;
INSERT INTO advises (student_ID, instructor_ID) VALUES (144, 8);;
INSERT INTO advises (student_ID, instructor_ID) VALUES (145, 9);;
INSERT INTO advises (student_ID, instructor_ID) VALUES (146, 10);;
INSERT INTO advises (student_ID, instructor_ID) VALUES (147, 11);;
INSERT INTO advises (student_ID, instructor_ID) VALUES (148, 1);;
INSERT INTO advises (student_ID, instructor_ID) VALUES (149, 2);;
INSERT INTO advises (student_ID, instructor_ID) VALUES (150, 3);;
INSERT INTO prereq (base_course_ID, requires_course_ID) VALUES (1, 48);;
INSERT INTO prereq (base_course_ID, requires_course_ID) VALUES (2, 33);;
INSERT INTO prereq (base_course_ID, requires_course_ID) VALUES (3, 49);;
INSERT INTO prereq (base_course_ID, requires_course_ID) VALUES (4, 12);;
INSERT INTO prereq (base_course_ID, requires_course_ID) VALUES (5, 11);;
INSERT INTO prereq (base_course_ID, requires_course_ID) VALUES (6, 45);;
INSERT INTO prereq (base_course_ID, requires_course_ID) VALUES (7, 22);;
INSERT INTO prereq (base_course_ID, requires_course_ID) VALUES (8, 37);;
INSERT INTO prereq (base_course_ID, requires_course_ID) VALUES (9, 24);;
INSERT INTO prereq (base_course_ID, requires_course_ID) VALUES (10, 23);;
INSERT INTO prereq (base_course_ID, requires_course_ID) VALUES (11, 14);;
INSERT INTO prereq (base_course_ID, requires_course_ID) VALUES (12, 18);;
INSERT INTO prereq (base_course_ID, requires_course_ID) VALUES (13, 44);;
INSERT INTO prereq (base_course_ID, requires_course_ID) VALUES (14, 33);;
INSERT INTO prereq (base_course_ID, requires_course_ID) VALUES (15, 40);;
INSERT INTO prereq (base_course_ID, requires_course_ID) VALUES (16, 28);;
INSERT INTO prereq (base_course_ID, requires_course_ID) VALUES (17, 48);;
INSERT INTO prereq (base_course_ID, requires_course_ID) VALUES (18, 14);;
INSERT INTO prereq (base_course_ID, requires_course_ID) VALUES (19, 23);;
INSERT INTO prereq (base_course_ID, requires_course_ID) VALUES (20, 23);;
INSERT INTO prereq (base_course_ID, requires_course_ID) VALUES (21, 10);;
INSERT INTO prereq (base_course_ID, requires_course_ID) VALUES (22, 15);;
INSERT INTO prereq (base_course_ID, requires_course_ID) VALUES (23, 2);;
INSERT INTO prereq (base_course_ID, requires_course_ID) VALUES (24, 18);;
INSERT INTO prereq (base_course_ID, requires_course_ID) VALUES (25, 28);;
INSERT INTO prereq (base_course_ID, requires_course_ID) VALUES (26, 30);;
INSERT INTO prereq (base_course_ID, requires_course_ID) VALUES (27, 11);;
INSERT INTO prereq (base_course_ID, requires_course_ID) VALUES (28, 31);;
INSERT INTO prereq (base_course_ID, requires_course_ID) VALUES (29, 47);;
INSERT INTO prereq (base_course_ID, requires_course_ID) VALUES (30, 28);;
INSERT INTO prereq (base_course_ID, requires_course_ID) VALUES (31, 40);;
INSERT INTO prereq (base_course_ID, requires_course_ID) VALUES (32, 22);;
INSERT INTO prereq (base_course_ID, requires_course_ID) VALUES (33, 16);;
INSERT INTO prereq (base_course_ID, requires_course_ID) VALUES (34, 40);;
INSERT INTO prereq (base_course_ID, requires_course_ID) VALUES (35, 50);;
INSERT INTO prereq (base_course_ID, requires_course_ID) VALUES (36, 33);;
INSERT INTO prereq (base_course_ID, requires_course_ID) VALUES (37, 5);;
INSERT INTO prereq (base_course_ID, requires_course_ID) VALUES (38, 16);;
INSERT INTO prereq (base_course_ID, requires_course_ID) VALUES (39, 45);;
INSERT INTO prereq (base_course_ID, requires_course_ID) VALUES (40, 5);;
INSERT INTO prereq (base_course_ID, requires_course_ID) VALUES (41, 27);;
INSERT INTO prereq (base_course_ID, requires_course_ID) VALUES (42, 33);;
INSERT INTO prereq (base_course_ID, requires_course_ID) VALUES (43, 14);;
INSERT INTO prereq (base_course_ID, requires_course_ID) VALUES (44, 38);;
INSERT INTO prereq (base_course_ID, requires_course_ID) VALUES (45, 23);;
INSERT INTO prereq (base_course_ID, requires_course_ID) VALUES (46, 44);;
INSERT INTO prereq (base_course_ID, requires_course_ID) VALUES (47, 13);;
INSERT INTO prereq (base_course_ID, requires_course_ID) VALUES (48, 5);;
INSERT INTO prereq (base_course_ID, requires_course_ID) VALUES (49, 32);;
INSERT INTO prereq (base_course_ID, requires_course_ID) VALUES (50, 47);;
INSERT INTO prereq (base_course_ID, requires_course_ID) VALUES (51, 6);;
INSERT INTO prereq (base_course_ID, requires_course_ID) VALUES (52, 20);;
INSERT INTO prereq (base_course_ID, requires_course_ID) VALUES (53, 48);;
INSERT INTO prereq (base_course_ID, requires_course_ID) VALUES (54, 44);;
INSERT INTO prereq (base_course_ID, requires_course_ID) VALUES (55, 20);;
INSERT INTO prereq (base_course_ID, requires_course_ID) VALUES (56, 40);;
INSERT INTO prereq (base_course_ID, requires_course_ID) VALUES (57, 22);;
INSERT INTO prereq (base_course_ID, requires_course_ID) VALUES (58, 49);;
INSERT INTO prereq (base_course_ID, requires_course_ID) VALUES (59, 17);;
INSERT INTO prereq (base_course_ID, requires_course_ID) VALUES (60, 49);;
INSERT INTO prereq (base_course_ID, requires_course_ID) VALUES (61, 20);;
INSERT INTO prereq (base_course_ID, requires_course_ID) VALUES (62, 24);;
INSERT INTO prereq (base_course_ID, requires_course_ID) VALUES (63, 21);;
INSERT INTO prereq (base_course_ID, requires_course_ID) VALUES (64, 5);;
INSERT INTO prereq (base_course_ID, requires_course_ID) VALUES (65, 50);;
INSERT INTO prereq (base_course_ID, requires_course_ID) VALUES (66, 40);;
INSERT INTO prereq (base_course_ID, requires_course_ID) VALUES (67, 11);;
INSERT INTO prereq (base_course_ID, requires_course_ID) VALUES (68, 4);;
INSERT INTO prereq (base_course_ID, requires_course_ID) VALUES (69, 9);;
INSERT INTO prereq (base_course_ID, requires_course_ID) VALUES (70, 35);;
INSERT INTO prereq (base_course_ID, requires_course_ID) VALUES (71, 39);;
INSERT INTO prereq (base_course_ID, requires_course_ID) VALUES (72, 33);;
INSERT INTO prereq (base_course_ID, requires_course_ID) VALUES (73, 33);;
INSERT INTO prereq (base_course_ID, requires_course_ID) VALUES (74, 12);;
INSERT INTO prereq (base_course_ID, requires_course_ID) VALUES (75, 23);;
INSERT INTO prereq (base_course_ID, requires_course_ID) VALUES (76, 41);;
INSERT INTO prereq (base_course_ID, requires_course_ID) VALUES (77, 18);;
INSERT INTO prereq (base_course_ID, requires_course_ID) VALUES (78, 49);;
INSERT INTO prereq (base_course_ID, requires_course_ID) VALUES (79, 30);;
INSERT INTO prereq (base_course_ID, requires_course_ID) VALUES (80, 48);;
INSERT INTO prereq (base_course_ID, requires_course_ID) VALUES (81, 35);;
INSERT INTO prereq (base_course_ID, requires_course_ID) VALUES (82, 5);;
INSERT INTO prereq (base_course_ID, requires_course_ID) VALUES (83, 42);;
INSERT INTO prereq (base_course_ID, requires_course_ID) VALUES (84, 25);;
INSERT INTO prereq (base_course_ID, requires_course_ID) VALUES (85, 32);;
INSERT INTO prereq (base_course_ID, requires_course_ID) VALUES (86, 27);;
INSERT INTO prereq (base_course_ID, requires_course_ID) VALUES (87, 33);;
INSERT INTO prereq (base_course_ID, requires_course_ID) VALUES (88, 29);;
INSERT INTO prereq (base_course_ID, requires_course_ID) VALUES (89, 33);;
INSERT INTO prereq (base_course_ID, requires_course_ID) VALUES (90, 12);;
INSERT INTO prereq (base_course_ID, requires_course_ID) VALUES (91, 41);;
INSERT INTO prereq (base_course_ID, requires_course_ID) VALUES (92, 31);;
INSERT INTO prereq (base_course_ID, requires_course_ID) VALUES (93, 31);;
INSERT INTO prereq (base_course_ID, requires_course_ID) VALUES (94, 25);;
INSERT INTO prereq (base_course_ID, requires_course_ID) VALUES (95, 7);;
INSERT INTO prereq (base_course_ID, requires_course_ID) VALUES (96, 47);;
INSERT INTO prereq (base_course_ID, requires_course_ID) VALUES (97, 14);;
INSERT INTO prereq (base_course_ID, requires_course_ID) VALUES (98, 26);;
INSERT INTO prereq (base_course_ID, requires_course_ID) VALUES (99, 44);;
INSERT INTO prereq (base_course_ID, requires_course_ID) VALUES (100, 45);;
