INSERT INTO classroom (building_name, room_number, capacity) VALUES ("DI", 765, 4329);;
INSERT INTO classroom (building_name, room_number, capacity) VALUES ("White", 843, 6146);;
INSERT INTO classroom (building_name, room_number, capacity) VALUES ("Smith", 611, 7693);;
INSERT INTO classroom (building_name, room_number, capacity) VALUES ("White", 167, 6591);;
INSERT INTO classroom (building_name, room_number, capacity) VALUES ("DI", 965, 3285);;
INSERT INTO classroom (building_name, room_number, capacity) VALUES ("DI", 456, 2709);;
INSERT INTO classroom (building_name, room_number, capacity) VALUES ("White", 872, 3025);;
INSERT INTO classroom (building_name, room_number, capacity) VALUES ("DI", 759, 5370);;
INSERT INTO classroom (building_name, room_number, capacity) VALUES ("Smith", 496, 8148);;
INSERT INTO classroom (building_name, room_number, capacity) VALUES ("White", 711, 6464);;
INSERT INTO department (department_name, building, budget) VALUES ("CS", "White", 3453323376.34);;
INSERT INTO department (department_name, building, budget) VALUES ("MATH", "Smith", 7010480566.70);;
INSERT INTO department (department_name, building, budget) VALUES ("MATH", "White", 9097918121.90);;
INSERT INTO department (department_name, building, budget) VALUES ("BIO", "White", 7433318796.74);;
INSERT INTO department (department_name, building, budget) VALUES ("CHEM", "DI", 4506183799.45);;
INSERT INTO department (department_name, building, budget) VALUES ("MATH", "DI", 6819654357.68);;
INSERT INTO department (department_name, building, budget) VALUES ("MATH", "DI", 9905530761.99);;
INSERT INTO department (department_name, building, budget) VALUES ("MATH", "MSB", 9628394592.96);;
INSERT INTO department (department_name, building, budget) VALUES ("MATH", "MSB", 4158431496.41);;
INSERT INTO department (department_name, building, budget) VALUES ("CS", "White", 5467892475.54);;
INSERT INTO time_slot (day, start_hr, start_min, end_hr, end_min) VALUES ("W", 4, 21, 3, 49);;
INSERT INTO time_slot (day, start_hr, start_min, end_hr, end_min) VALUES ("T", 19, 8, 12, 2);;
INSERT INTO time_slot (day, start_hr, start_min, end_hr, end_min) VALUES ("M", 3, 13, 15, 57);;
INSERT INTO time_slot (day, start_hr, start_min, end_hr, end_min) VALUES ("F", 7, 4, 9, 22);;
INSERT INTO time_slot (day, start_hr, start_min, end_hr, end_min) VALUES ("H", 8, 37, 11, 29);;
INSERT INTO time_slot (day, start_hr, start_min, end_hr, end_min) VALUES ("M", 14, 23, 8, 53);;
INSERT INTO time_slot (day, start_hr, start_min, end_hr, end_min) VALUES ("H", 13, 59, 5, 57);;
INSERT INTO time_slot (day, start_hr, start_min, end_hr, end_min) VALUES ("M", 14, 21, 9, 5);;
INSERT INTO time_slot (day, start_hr, start_min, end_hr, end_min) VALUES ("M", 23, 14, 18, 12);;
INSERT INTO time_slot (day, start_hr, start_min, end_hr, end_min) VALUES ("M", 19, 50, 11, 17);;
INSERT INTO advisor (first_name, last_name, department_ID) VALUES ("Tommy", "Raklovits", 1);;
INSERT INTO advisor (first_name, last_name, department_ID) VALUES ("Tommy", "Johnson", 2);;
INSERT INTO advisor (first_name, last_name, department_ID) VALUES ("Joseph", "Redy", 3);;
INSERT INTO advisor (first_name, last_name, department_ID) VALUES ("Craig", "So", 4);;
INSERT INTO advisor (first_name, last_name, department_ID) VALUES ("TJ", "Raklovits", 5);;
INSERT INTO advisor (first_name, last_name, department_ID) VALUES ("Tommy", "So", 6);;
INSERT INTO advisor (first_name, last_name, department_ID) VALUES ("Joseph", "So", 7);;
INSERT INTO advisor (first_name, last_name, department_ID) VALUES ("Thomas", "So", 8);;
INSERT INTO advisor (first_name, last_name, department_ID) VALUES ("Leah", "Morneweck", 9);;
INSERT INTO advisor (first_name, last_name, department_ID) VALUES ("Leah", "Johnson", 10);;
INSERT INTO course (title, department_ID, credits) VALUES ("CS4", 1, 62);;
INSERT INTO course (title, department_ID, credits) VALUES ("CS1", 2, 68);;
INSERT INTO course (title, department_ID, credits) VALUES ("CS4", 3, 32);;
INSERT INTO course (title, department_ID, credits) VALUES ("CS4", 4, 75);;
INSERT INTO course (title, department_ID, credits) VALUES ("Discrete Structures", 5, 85);;
INSERT INTO course (title, department_ID, credits) VALUES ("CS4", 6, 86);;
INSERT INTO course (title, department_ID, credits) VALUES ("CS1", 7, 79);;
INSERT INTO course (title, department_ID, credits) VALUES ("CS1", 8, 4);;
INSERT INTO course (title, department_ID, credits) VALUES ("Discrete Structures", 9, 75);;
INSERT INTO course (title, department_ID, credits) VALUES ("Discrete Structures", 10, 24);;
INSERT INTO instructor (first_name, last_name, department_ID, salary) VALUES ("Javed", "Phares", 1, 878614.87);;
INSERT INTO instructor (first_name, last_name, department_ID, salary) VALUES ("Giovanni", "Nesterenko", 2, 260227.26);;
INSERT INTO instructor (first_name, last_name, department_ID, salary) VALUES ("Giovanni", "Phares", 3, 729105.72);;
INSERT INTO instructor (first_name, last_name, department_ID, salary) VALUES ("Giovanni", "Kahn", 4, 909820.90);;
INSERT INTO instructor (first_name, last_name, department_ID, salary) VALUES ("Giovanni", "Kahn", 5, 157971.15);;
INSERT INTO instructor (first_name, last_name, department_ID, salary) VALUES ("Giovanni", "Phares", 6, 812700.81);;
INSERT INTO instructor (first_name, last_name, department_ID, salary) VALUES ("Mikhail", "Kahn", 7, 927787.92);;
INSERT INTO instructor (first_name, last_name, department_ID, salary) VALUES ("Javed", "Kahn", 8, 391611.39);;
INSERT INTO instructor (first_name, last_name, department_ID, salary) VALUES ("Javed", "Phares", 9, 925024.92);;
INSERT INTO instructor (first_name, last_name, department_ID, salary) VALUES ("Giovanni", "Nesterenko", 10, 983504.98);;
INSERT INTO section (course_ID, semester, year, building_ID, time_slot_ID) VALUES (1, "Fall", 1895, 1, 1);;
INSERT INTO section (course_ID, semester, year, building_ID, time_slot_ID) VALUES (2, "Fall", 2020, 2, 2);;
INSERT INTO section (course_ID, semester, year, building_ID, time_slot_ID) VALUES (3, "Summer", 1783, 3, 3);;
INSERT INTO section (course_ID, semester, year, building_ID, time_slot_ID) VALUES (4, "Summer", 1942, 4, 4);;
INSERT INTO section (course_ID, semester, year, building_ID, time_slot_ID) VALUES (5, "Spring", 1903, 5, 5);;
INSERT INTO section (course_ID, semester, year, building_ID, time_slot_ID) VALUES (6, "Winter", 1775, 6, 6);;
INSERT INTO section (course_ID, semester, year, building_ID, time_slot_ID) VALUES (7, "Fall", 1714, 7, 7);;
INSERT INTO section (course_ID, semester, year, building_ID, time_slot_ID) VALUES (8, "Fall", 1892, 8, 8);;
INSERT INTO section (course_ID, semester, year, building_ID, time_slot_ID) VALUES (9, "Spring", 1738, 9, 9);;
INSERT INTO section (course_ID, semester, year, building_ID, time_slot_ID) VALUES (10, "Summer", 1756, 10, 10);;
INSERT INTO student (first_name, last_name, department_ID, total_cred, advisor_ID) VALUES ("Caleb", "Stanberry", 1, 104, 1);;
INSERT INTO student (first_name, last_name, department_ID, total_cred, advisor_ID) VALUES ("Caleb", "Stanberry", 2, 140, 2);;
INSERT INTO student (first_name, last_name, department_ID, total_cred, advisor_ID) VALUES ("Andrew", "Roddy", 3, 229, 3);;
INSERT INTO student (first_name, last_name, department_ID, total_cred, advisor_ID) VALUES ("Logan", "Stanberry", 4, 168, 4);;
INSERT INTO student (first_name, last_name, department_ID, total_cred, advisor_ID) VALUES ("Andrew", "Senol", 5, 229, 5);;
INSERT INTO student (first_name, last_name, department_ID, total_cred, advisor_ID) VALUES ("Logan", "Senol", 6, 5, 6);;
INSERT INTO student (first_name, last_name, department_ID, total_cred, advisor_ID) VALUES ("Logan", "Stanberry", 7, 66, 7);;
INSERT INTO student (first_name, last_name, department_ID, total_cred, advisor_ID) VALUES ("Caleb", "Stanberry", 8, 128, 8);;
INSERT INTO student (first_name, last_name, department_ID, total_cred, advisor_ID) VALUES ("Andrew", "Senol", 9, 155, 9);;
INSERT INTO student (first_name, last_name, department_ID, total_cred, advisor_ID) VALUES ("Caleb", "Roddy", 10, 57, 10);;
INSERT INTO teaches (instructor_ID, section_ID) VALUES (1, 1);;
INSERT INTO teaches (instructor_ID, section_ID) VALUES (2, 2);;
INSERT INTO teaches (instructor_ID, section_ID) VALUES (3, 3);;
INSERT INTO teaches (instructor_ID, section_ID) VALUES (4, 4);;
INSERT INTO teaches (instructor_ID, section_ID) VALUES (5, 5);;
INSERT INTO teaches (instructor_ID, section_ID) VALUES (6, 6);;
INSERT INTO teaches (instructor_ID, section_ID) VALUES (7, 7);;
INSERT INTO teaches (instructor_ID, section_ID) VALUES (8, 8);;
INSERT INTO teaches (instructor_ID, section_ID) VALUES (9, 9);;
INSERT INTO teaches (instructor_ID, section_ID) VALUES (10, 10);;
INSERT INTO takes (student_ID, section_ID, grades) VALUES (1, 1, "B");;
INSERT INTO takes (student_ID, section_ID, grades) VALUES (2, 2, "A-");;
INSERT INTO takes (student_ID, section_ID, grades) VALUES (3, 3, "D+");;
INSERT INTO takes (student_ID, section_ID, grades) VALUES (4, 4, "A-");;
INSERT INTO takes (student_ID, section_ID, grades) VALUES (5, 5, "D+");;
INSERT INTO takes (student_ID, section_ID, grades) VALUES (6, 6, "D+");;
INSERT INTO takes (student_ID, section_ID, grades) VALUES (7, 7, "C-");;
INSERT INTO takes (student_ID, section_ID, grades) VALUES (8, 8, "C+");;
INSERT INTO takes (student_ID, section_ID, grades) VALUES (9, 9, "D-");;
INSERT INTO takes (student_ID, section_ID, grades) VALUES (10, 10, "A+");;
INSERT INTO advises (student_ID, advisor_ID) VALUES (1, 1);;
INSERT INTO advises (student_ID, advisor_ID) VALUES (2, 2);;
INSERT INTO advises (student_ID, advisor_ID) VALUES (3, 3);;
INSERT INTO advises (student_ID, advisor_ID) VALUES (4, 4);;
INSERT INTO advises (student_ID, advisor_ID) VALUES (5, 5);;
INSERT INTO advises (student_ID, advisor_ID) VALUES (6, 6);;
INSERT INTO advises (student_ID, advisor_ID) VALUES (7, 7);;
INSERT INTO advises (student_ID, advisor_ID) VALUES (8, 8);;
INSERT INTO advises (student_ID, advisor_ID) VALUES (9, 9);;
INSERT INTO advises (student_ID, advisor_ID) VALUES (10, 10);;
INSERT INTO prereq (base_course_ID, requires_course_ID) VALUES (1, 1);;
INSERT INTO prereq (base_course_ID, requires_course_ID) VALUES (2, 2);;
INSERT INTO prereq (base_course_ID, requires_course_ID) VALUES (3, 3);;
INSERT INTO prereq (base_course_ID, requires_course_ID) VALUES (4, 4);;
INSERT INTO prereq (base_course_ID, requires_course_ID) VALUES (5, 5);;
INSERT INTO prereq (base_course_ID, requires_course_ID) VALUES (6, 6);;
INSERT INTO prereq (base_course_ID, requires_course_ID) VALUES (7, 7);;
INSERT INTO prereq (base_course_ID, requires_course_ID) VALUES (8, 8);;
INSERT INTO prereq (base_course_ID, requires_course_ID) VALUES (9, 9);;
INSERT INTO prereq (base_course_ID, requires_course_ID) VALUES (10, 10);;
