INSERT INTO building (building_name) VALUES ("Darwin");;
INSERT INTO building (building_name) VALUES ("Lincoln");;
INSERT INTO building (building_name) VALUES ("Brookside");;
INSERT INTO building (building_name) VALUES ("Westfield");;
INSERT INTO building (building_name) VALUES ("Valley");;
INSERT INTO building (building_name) VALUES ("Morrison");;
INSERT INTO building (building_name) VALUES ("South");;
INSERT INTO building (building_name) VALUES ("West");;
INSERT INTO building (building_name) VALUES ("Polk");;
INSERT INTO building (building_name) VALUES ("Bailey");;
INSERT INTO building (building_name) VALUES ("Cedar");;
INSERT INTO building (building_name) VALUES ("Jefferson");;
INSERT INTO building (building_name) VALUES ("Truman");;
INSERT INTO building (building_name) VALUES ("Edison");;
INSERT INTO building (building_name) VALUES ("Newton");;
INSERT INTO building (building_name) VALUES ("West");;
INSERT INTO building (building_name) VALUES ("Tyler");;
INSERT INTO building (building_name) VALUES ("East");;
INSERT INTO building (building_name) VALUES ("Edison");;
INSERT INTO building (building_name) VALUES ("Highland");;
INSERT INTO building (building_name) VALUES ("Grant");;
INSERT INTO building (building_name) VALUES ("Fillmore");;
INSERT INTO building (building_name) VALUES ("Harvard");;
INSERT INTO building (building_name) VALUES ("Northstar");;
INSERT INTO building (building_name) VALUES ("Newton");;
INSERT INTO building (building_name) VALUES ("Fairview");;
INSERT INTO building (building_name) VALUES ("North");;
INSERT INTO building (building_name) VALUES ("Wilson");;
INSERT INTO building (building_name) VALUES ("Sunnydale");;
INSERT INTO building (building_name) VALUES ("Central");;
INSERT INTO building (building_name) VALUES ("Vanderbilt");;
INSERT INTO building (building_name) VALUES ("Crescent");;
INSERT INTO building (building_name) VALUES ("Shannon");;
INSERT INTO building (building_name) VALUES ("Harding");;
INSERT INTO building (building_name) VALUES ("Main");;
INSERT INTO building (building_name) VALUES ("Brown");;
INSERT INTO building (building_name) VALUES ("Kennedy");;
INSERT INTO building (building_name) VALUES ("Ridgeway");;
INSERT INTO building (building_name) VALUES ("Cornell");;
INSERT INTO building (building_name) VALUES ("Brown");;
INSERT INTO building (building_name) VALUES ("Main");;
INSERT INTO building (building_name) VALUES ("White");;
INSERT INTO building (building_name) VALUES ("Eastgate");;
INSERT INTO building (building_name) VALUES ("Fairview");;
INSERT INTO building (building_name) VALUES ("Oakwood");;
INSERT INTO building (building_name) VALUES ("Eastgate");;
INSERT INTO building (building_name) VALUES ("South");;
INSERT INTO building (building_name) VALUES ("Edison");;
INSERT INTO building (building_name) VALUES ("Southpoint");;
INSERT INTO building (building_name) VALUES ("Westfield");;
INSERT INTO building (building_name) VALUES ("Turing");;
INSERT INTO building (building_name) VALUES ("Smith");;
INSERT INTO building (building_name) VALUES ("Hayes");;
INSERT INTO building (building_name) VALUES ("Hillcrest");;
INSERT INTO building (building_name) VALUES ("Pinegrove");;
INSERT INTO building (building_name) VALUES ("Tesla");;
INSERT INTO building (building_name) VALUES ("Adams");;
INSERT INTO building (building_name) VALUES ("Hopper");;
INSERT INTO building (building_name) VALUES ("Riverside");;
INSERT INTO building (building_name) VALUES ("Cleveland");;
INSERT INTO building (building_name) VALUES ("Highland");;
INSERT INTO building (building_name) VALUES ("West");;
INSERT INTO building (building_name) VALUES ("Sunnydale");;
INSERT INTO building (building_name) VALUES ("Hopper");;
INSERT INTO building (building_name) VALUES ("Lovelace");;
INSERT INTO building (building_name) VALUES ("Darwin");;
INSERT INTO building (building_name) VALUES ("Hopper");;
INSERT INTO building (building_name) VALUES ("Dijkstra");;
INSERT INTO building (building_name) VALUES ("Harrison");;
INSERT INTO building (building_name) VALUES ("Pemberton");;
INSERT INTO building (building_name) VALUES ("Crescent");;
INSERT INTO building (building_name) VALUES ("Riverside");;
INSERT INTO building (building_name) VALUES ("Eisenhower");;
INSERT INTO building (building_name) VALUES ("Dijkstra");;
INSERT INTO building (building_name) VALUES ("Taft");;
INSERT INTO building (building_name) VALUES ("Polk");;
INSERT INTO building (building_name) VALUES ("Yale");;
INSERT INTO building (building_name) VALUES ("Bailey");;
INSERT INTO building (building_name) VALUES ("Carnegie");;
INSERT INTO building (building_name) VALUES ("Southpoint");;
INSERT INTO building (building_name) VALUES ("Ridgeway");;
INSERT INTO building (building_name) VALUES ("Highland");;
INSERT INTO building (building_name) VALUES ("West");;
INSERT INTO building (building_name) VALUES ("Lovelace");;
INSERT INTO building (building_name) VALUES ("Adams");;
INSERT INTO building (building_name) VALUES ("Northstar");;
INSERT INTO building (building_name) VALUES ("Main");;
INSERT INTO building (building_name) VALUES ("Brookside");;
INSERT INTO building (building_name) VALUES ("Harrison");;
INSERT INTO building (building_name) VALUES ("Meadow");;
INSERT INTO building (building_name) VALUES ("Edison");;
INSERT INTO building (building_name) VALUES ("Taft");;
INSERT INTO building (building_name) VALUES ("Adams");;
INSERT INTO building (building_name) VALUES ("Copernicus");;
INSERT INTO building (building_name) VALUES ("Bailey");;
INSERT INTO building (building_name) VALUES ("Main");;
INSERT INTO building (building_name) VALUES ("Maplewood");;
INSERT INTO building (building_name) VALUES ("Eisenhower");;
INSERT INTO building (building_name) VALUES ("Taft");;
INSERT INTO building (building_name) VALUES ("Hayden");;
INSERT INTO classroom (building_ID, room_number, capacity) VALUES (1, 193, 6692);;
INSERT INTO classroom (building_ID, room_number, capacity) VALUES (2, 146, 3129);;
INSERT INTO classroom (building_ID, room_number, capacity) VALUES (3, 980, 5378);;
INSERT INTO classroom (building_ID, room_number, capacity) VALUES (4, 408, 5090);;
INSERT INTO classroom (building_ID, room_number, capacity) VALUES (5, 222, 9243);;
INSERT INTO classroom (building_ID, room_number, capacity) VALUES (6, 484, 6511);;
INSERT INTO classroom (building_ID, room_number, capacity) VALUES (7, 110, 3145);;
INSERT INTO classroom (building_ID, room_number, capacity) VALUES (8, 130, 1336);;
INSERT INTO classroom (building_ID, room_number, capacity) VALUES (9, 82, 3905);;
INSERT INTO classroom (building_ID, room_number, capacity) VALUES (10, 67, 9478);;
INSERT INTO classroom (building_ID, room_number, capacity) VALUES (11, 915, 8149);;
INSERT INTO classroom (building_ID, room_number, capacity) VALUES (12, 6, 6857);;
INSERT INTO classroom (building_ID, room_number, capacity) VALUES (13, 657, 3231);;
INSERT INTO classroom (building_ID, room_number, capacity) VALUES (14, 230, 5686);;
INSERT INTO classroom (building_ID, room_number, capacity) VALUES (15, 998, 8698);;
INSERT INTO classroom (building_ID, room_number, capacity) VALUES (16, 157, 3710);;
INSERT INTO classroom (building_ID, room_number, capacity) VALUES (17, 76, 1390);;
INSERT INTO classroom (building_ID, room_number, capacity) VALUES (18, 777, 7534);;
INSERT INTO classroom (building_ID, room_number, capacity) VALUES (19, 407, 1943);;
INSERT INTO classroom (building_ID, room_number, capacity) VALUES (20, 762, 797);;
INSERT INTO classroom (building_ID, room_number, capacity) VALUES (21, 286, 8348);;
INSERT INTO classroom (building_ID, room_number, capacity) VALUES (22, 991, 6137);;
INSERT INTO classroom (building_ID, room_number, capacity) VALUES (23, 723, 8448);;
INSERT INTO classroom (building_ID, room_number, capacity) VALUES (24, 38, 2044);;
INSERT INTO classroom (building_ID, room_number, capacity) VALUES (25, 728, 4409);;
INSERT INTO classroom (building_ID, room_number, capacity) VALUES (26, 779, 2813);;
INSERT INTO classroom (building_ID, room_number, capacity) VALUES (27, 809, 2476);;
INSERT INTO classroom (building_ID, room_number, capacity) VALUES (28, 371, 4006);;
INSERT INTO classroom (building_ID, room_number, capacity) VALUES (29, 618, 7768);;
INSERT INTO classroom (building_ID, room_number, capacity) VALUES (30, 722, 5618);;
INSERT INTO classroom (building_ID, room_number, capacity) VALUES (31, 97, 8753);;
INSERT INTO classroom (building_ID, room_number, capacity) VALUES (32, 759, 5274);;
INSERT INTO classroom (building_ID, room_number, capacity) VALUES (33, 379, 2145);;
INSERT INTO classroom (building_ID, room_number, capacity) VALUES (34, 559, 2920);;
INSERT INTO classroom (building_ID, room_number, capacity) VALUES (35, 497, 2365);;
INSERT INTO classroom (building_ID, room_number, capacity) VALUES (36, 452, 2366);;
INSERT INTO classroom (building_ID, room_number, capacity) VALUES (37, 655, 2591);;
INSERT INTO classroom (building_ID, room_number, capacity) VALUES (38, 689, 6825);;
INSERT INTO classroom (building_ID, room_number, capacity) VALUES (39, 665, 8306);;
INSERT INTO classroom (building_ID, room_number, capacity) VALUES (40, 252, 2942);;
INSERT INTO classroom (building_ID, room_number, capacity) VALUES (41, 753, 1462);;
INSERT INTO classroom (building_ID, room_number, capacity) VALUES (42, 308, 1725);;
INSERT INTO classroom (building_ID, room_number, capacity) VALUES (43, 85, 8656);;
INSERT INTO classroom (building_ID, room_number, capacity) VALUES (44, 971, 6697);;
INSERT INTO classroom (building_ID, room_number, capacity) VALUES (45, 346, 9562);;
INSERT INTO classroom (building_ID, room_number, capacity) VALUES (46, 681, 7983);;
INSERT INTO classroom (building_ID, room_number, capacity) VALUES (47, 794, 2119);;
INSERT INTO classroom (building_ID, room_number, capacity) VALUES (48, 882, 4498);;
INSERT INTO classroom (building_ID, room_number, capacity) VALUES (49, 869, 183);;
INSERT INTO classroom (building_ID, room_number, capacity) VALUES (50, 433, 4059);;
INSERT INTO classroom (building_ID, room_number, capacity) VALUES (51, 399, 7356);;
INSERT INTO classroom (building_ID, room_number, capacity) VALUES (52, 575, 7658);;
INSERT INTO classroom (building_ID, room_number, capacity) VALUES (53, 847, 7460);;
INSERT INTO classroom (building_ID, room_number, capacity) VALUES (54, 212, 231);;
INSERT INTO classroom (building_ID, room_number, capacity) VALUES (55, 158, 3923);;
INSERT INTO classroom (building_ID, room_number, capacity) VALUES (56, 887, 8858);;
INSERT INTO classroom (building_ID, room_number, capacity) VALUES (57, 501, 556);;
INSERT INTO classroom (building_ID, room_number, capacity) VALUES (58, 716, 2387);;
INSERT INTO classroom (building_ID, room_number, capacity) VALUES (59, 212, 2468);;
INSERT INTO classroom (building_ID, room_number, capacity) VALUES (60, 105, 7917);;
INSERT INTO classroom (building_ID, room_number, capacity) VALUES (61, 703, 6728);;
INSERT INTO classroom (building_ID, room_number, capacity) VALUES (62, 506, 9877);;
INSERT INTO classroom (building_ID, room_number, capacity) VALUES (63, 325, 7306);;
INSERT INTO classroom (building_ID, room_number, capacity) VALUES (64, 896, 7070);;
INSERT INTO classroom (building_ID, room_number, capacity) VALUES (65, 774, 6498);;
INSERT INTO classroom (building_ID, room_number, capacity) VALUES (66, 631, 8588);;
INSERT INTO classroom (building_ID, room_number, capacity) VALUES (67, 148, 2653);;
INSERT INTO classroom (building_ID, room_number, capacity) VALUES (68, 756, 6307);;
INSERT INTO classroom (building_ID, room_number, capacity) VALUES (69, 636, 1396);;
INSERT INTO classroom (building_ID, room_number, capacity) VALUES (70, 277, 5339);;
INSERT INTO classroom (building_ID, room_number, capacity) VALUES (71, 966, 1909);;
INSERT INTO classroom (building_ID, room_number, capacity) VALUES (72, 885, 2146);;
INSERT INTO classroom (building_ID, room_number, capacity) VALUES (73, 463, 7879);;
INSERT INTO classroom (building_ID, room_number, capacity) VALUES (74, 71, 938);;
INSERT INTO classroom (building_ID, room_number, capacity) VALUES (75, 154, 8082);;
INSERT INTO classroom (building_ID, room_number, capacity) VALUES (76, 447, 9357);;
INSERT INTO classroom (building_ID, room_number, capacity) VALUES (77, 158, 7470);;
INSERT INTO classroom (building_ID, room_number, capacity) VALUES (78, 228, 6899);;
INSERT INTO classroom (building_ID, room_number, capacity) VALUES (79, 674, 6459);;
INSERT INTO classroom (building_ID, room_number, capacity) VALUES (80, 664, 8093);;
INSERT INTO classroom (building_ID, room_number, capacity) VALUES (81, 347, 8379);;
INSERT INTO classroom (building_ID, room_number, capacity) VALUES (82, 401, 2253);;
INSERT INTO classroom (building_ID, room_number, capacity) VALUES (83, 227, 2505);;
INSERT INTO classroom (building_ID, room_number, capacity) VALUES (84, 745, 640);;
INSERT INTO classroom (building_ID, room_number, capacity) VALUES (85, 47, 6617);;
INSERT INTO classroom (building_ID, room_number, capacity) VALUES (86, 376, 3070);;
INSERT INTO classroom (building_ID, room_number, capacity) VALUES (87, 774, 554);;
INSERT INTO classroom (building_ID, room_number, capacity) VALUES (88, 627, 5852);;
INSERT INTO classroom (building_ID, room_number, capacity) VALUES (89, 229, 799);;
INSERT INTO classroom (building_ID, room_number, capacity) VALUES (90, 638, 6845);;
INSERT INTO classroom (building_ID, room_number, capacity) VALUES (91, 716, 5965);;
INSERT INTO classroom (building_ID, room_number, capacity) VALUES (92, 192, 6436);;
INSERT INTO classroom (building_ID, room_number, capacity) VALUES (93, 283, 4759);;
INSERT INTO classroom (building_ID, room_number, capacity) VALUES (94, 827, 7178);;
INSERT INTO classroom (building_ID, room_number, capacity) VALUES (95, 73, 5359);;
INSERT INTO classroom (building_ID, room_number, capacity) VALUES (96, 593, 4074);;
INSERT INTO classroom (building_ID, room_number, capacity) VALUES (97, 156, 3572);;
INSERT INTO classroom (building_ID, room_number, capacity) VALUES (98, 552, 1535);;
INSERT INTO classroom (building_ID, room_number, capacity) VALUES (99, 1, 476);;
INSERT INTO classroom (building_ID, room_number, capacity) VALUES (100, 571, 3600);;
INSERT INTO department (department_name, building_ID, budget) VALUES ("CS", 1, 1913647506.19);;
INSERT INTO department (department_name, building_ID, budget) VALUES ("BIO", 2, 6201748202.62);;
INSERT INTO department (department_name, building_ID, budget) VALUES ("MATH", 3, 5006993421.50);;
INSERT INTO department (department_name, building_ID, budget) VALUES ("CHEM", 4, 9790301674.97);;
INSERT INTO department (department_name, building_ID, budget) VALUES ("NURS", 5, 7906426789.79);;
INSERT INTO department (department_name, building_ID, budget) VALUES ("PHYS", 6, 4589324885.45);;
INSERT INTO department (department_name, building_ID, budget) VALUES ("ENGL", 7, 8658888350.86);;
INSERT INTO department (department_name, building_ID, budget) VALUES ("FRNC", 8, 9559446036.95);;
INSERT INTO department (department_name, building_ID, budget) VALUES ("JAPN", 9, 7869108192.78);;
INSERT INTO department (department_name, building_ID, budget) VALUES ("BOTN", 10, 2556673134.25);;
INSERT INTO department (department_name, building_ID, budget) VALUES ("HIST", 11, 5009311531.50);;
INSERT INTO department (department_name, building_ID, budget) VALUES ("PSYC", 12, 4955605212.49);;
INSERT INTO department (department_name, building_ID, budget) VALUES ("SOCI", 13, 9778715282.97);;
INSERT INTO department (department_name, building_ID, budget) VALUES ("ANTH", 14, 9483299940.94);;
INSERT INTO department (department_name, building_ID, budget) VALUES ("ECON", 15, 6917163650.69);;
INSERT INTO department (department_name, building_ID, budget) VALUES ("POLS", 16, 5617834849.56);;
INSERT INTO department (department_name, building_ID, budget) VALUES ("PHIL", 17, 3580366056.35);;
INSERT INTO department (department_name, building_ID, budget) VALUES ("RELG", 18, 4556189438.45);;
INSERT INTO department (department_name, building_ID, budget) VALUES ("ARTS", 19, 9731890443.97);;
INSERT INTO department (department_name, building_ID, budget) VALUES ("MUSC", 20, 7430413781.74);;
INSERT INTO department (department_name, building_ID, budget) VALUES ("THTR", 21, 7978522506.79);;
INSERT INTO department (department_name, building_ID, budget) VALUES ("DANC", 22, 5539014942.55);;
INSERT INTO department (department_name, building_ID, budget) VALUES ("FILM", 23, 2619164380.26);;
INSERT INTO department (department_name, building_ID, budget) VALUES ("ARCH", 24, 9846975788.98);;
INSERT INTO department (department_name, building_ID, budget) VALUES ("BUSN", 25, 7760051207.77);;
INSERT INTO department (department_name, building_ID, budget) VALUES ("ACCT", 26, 2572365663.25);;
INSERT INTO department (department_name, building_ID, budget) VALUES ("MKTG", 27, 1889896042.18);;
INSERT INTO department (department_name, building_ID, budget) VALUES ("FINE", 28, 4247352680.42);;
INSERT INTO department (department_name, building_ID, budget) VALUES ("MGMT", 29, 6772139772.67);;
INSERT INTO department (department_name, building_ID, budget) VALUES ("HRMT", 30, 8597661276.85);;
INSERT INTO department (department_name, building_ID, budget) VALUES ("EDUC", 31, 5931348757.59);;
INSERT INTO department (department_name, building_ID, budget) VALUES ("LAWS", 32, 6609490634.66);;
INSERT INTO department (department_name, building_ID, budget) VALUES ("MEDI", 33, 5295946119.52);;
INSERT INTO department (department_name, building_ID, budget) VALUES ("DENT", 34, 7087464292.70);;
INSERT INTO department (department_name, building_ID, budget) VALUES ("PHAR", 35, 3490928213.34);;
INSERT INTO department (department_name, building_ID, budget) VALUES ("VETS", 36, 9147974442.91);;
INSERT INTO department (department_name, building_ID, budget) VALUES ("ENGR", 37, 9941142998.99);;
INSERT INTO department (department_name, building_ID, budget) VALUES ("MECH", 38, 2645876550.26);;
INSERT INTO department (department_name, building_ID, budget) VALUES ("ELEC", 39, 1997789602.19);;
INSERT INTO department (department_name, building_ID, budget) VALUES ("CIVL", 40, 7961036095.79);;
INSERT INTO department (department_name, building_ID, budget) VALUES ("INDS", 41, 7151578624.71);;
INSERT INTO department (department_name, building_ID, budget) VALUES ("AERO", 42, 1611916442.16);;
INSERT INTO department (department_name, building_ID, budget) VALUES ("CHEN", 43, 8886272947.88);;
INSERT INTO department (department_name, building_ID, budget) VALUES ("BMED", 44, 9180650052.91);;
INSERT INTO department (department_name, building_ID, budget) VALUES ("ENVS", 45, 3925471492.39);;
INSERT INTO department (department_name, building_ID, budget) VALUES ("GEOL", 46, 4329652098.43);;
INSERT INTO department (department_name, building_ID, budget) VALUES ("ASTR", 47, 5192000506.51);;
INSERT INTO department (department_name, building_ID, budget) VALUES ("OCEA", 48, 3748506756.37);;
INSERT INTO department (department_name, building_ID, budget) VALUES ("METR", 49, 2343121936.23);;
INSERT INTO department (department_name, building_ID, budget) VALUES ("NEUR", 50, 1777244258.17);;
INSERT INTO department (department_name, building_ID, budget) VALUES ("GENE", 51, 5319583174.53);;
INSERT INTO department (department_name, building_ID, budget) VALUES ("BIOC", 52, 7387126548.73);;
INSERT INTO department (department_name, building_ID, budget) VALUES ("MICR", 53, 2797458131.27);;
INSERT INTO department (department_name, building_ID, budget) VALUES ("PATH", 54, 6409407747.64);;
INSERT INTO department (department_name, building_ID, budget) VALUES ("ANAT", 55, 1979213070.19);;
INSERT INTO department (department_name, building_ID, budget) VALUES ("PHYL", 56, 6462087365.64);;
INSERT INTO department (department_name, building_ID, budget) VALUES ("KINS", 57, 4113616629.41);;
INSERT INTO department (department_name, building_ID, budget) VALUES ("NUTR", 58, 3849333178.38);;
INSERT INTO department (department_name, building_ID, budget) VALUES ("SPCH", 59, 1297356026.12);;
INSERT INTO department (department_name, building_ID, budget) VALUES ("COMM", 60, 1289836159.12);;
INSERT INTO department (department_name, building_ID, budget) VALUES ("JRNL", 61, 4211357653.42);;
INSERT INTO department (department_name, building_ID, budget) VALUES ("ITAL", 62, 3836941607.38);;
INSERT INTO department (department_name, building_ID, budget) VALUES ("SPAN", 63, 9254513946.92);;
INSERT INTO department (department_name, building_ID, budget) VALUES ("GERM", 64, 9516057937.95);;
INSERT INTO department (department_name, building_ID, budget) VALUES ("RUSS", 65, 9683186168.96);;
INSERT INTO department (department_name, building_ID, budget) VALUES ("ARAB", 66, 9275213719.92);;
INSERT INTO department (department_name, building_ID, budget) VALUES ("CHNS", 67, 1401815636.14);;
INSERT INTO department (department_name, building_ID, budget) VALUES ("KORN", 68, 6601284113.66);;
INSERT INTO department (department_name, building_ID, budget) VALUES ("HEBR", 69, 3964938018.39);;
INSERT INTO department (department_name, building_ID, budget) VALUES ("LATN", 70, 5034368897.50);;
INSERT INTO department (department_name, building_ID, budget) VALUES ("GREK", 71, 1021484474.10);;
INSERT INTO department (department_name, building_ID, budget) VALUES ("PORT", 72, 9345582337.93);;
INSERT INTO department (department_name, building_ID, budget) VALUES ("STAT", 73, 4283106060.42);;
INSERT INTO department (department_name, building_ID, budget) VALUES ("ACTS", 74, 1945440384.19);;
INSERT INTO department (department_name, building_ID, budget) VALUES ("OPER", 75, 6036191148.60);;
INSERT INTO department (department_name, building_ID, budget) VALUES ("MATS", 76, 1125630166.11);;
INSERT INTO department (department_name, building_ID, budget) VALUES ("NUCL", 77, 7267155324.72);;
INSERT INTO department (department_name, building_ID, budget) VALUES ("PETR", 78, 5187148810.51);;
INSERT INTO department (department_name, building_ID, budget) VALUES ("MARN", 79, 1933864965.19);;
INSERT INTO department (department_name, building_ID, budget) VALUES ("MING", 80, 6507222661.65);;
INSERT INTO department (department_name, building_ID, budget) VALUES ("ROBT", 81, 2040892371.20);;
INSERT INTO department (department_name, building_ID, budget) VALUES ("DATA", 82, 6227436361.62);;
INSERT INTO department (department_name, building_ID, budget) VALUES ("CYBR", 83, 8569947289.85);;
INSERT INTO department (department_name, building_ID, budget) VALUES ("NETW", 84, 9011883330.90);;
INSERT INTO department (department_name, building_ID, budget) VALUES ("GAME", 85, 7960112123.79);;
INSERT INTO department (department_name, building_ID, budget) VALUES ("DSGN", 86, 7558860287.75);;
INSERT INTO department (department_name, building_ID, budget) VALUES ("PHOT", 87, 3141600742.31);;
INSERT INTO department (department_name, building_ID, budget) VALUES ("LITR", 88, 9852867309.98);;
INSERT INTO department (department_name, building_ID, budget) VALUES ("WRIT", 89, 2930443973.29);;
INSERT INTO department (department_name, building_ID, budget) VALUES ("LING", 90, 4667718537.46);;
INSERT INTO department (department_name, building_ID, budget) VALUES ("GEND", 91, 9725033119.97);;
INSERT INTO department (department_name, building_ID, budget) VALUES ("URBN", 92, 1011593045.10);;
INSERT INTO department (department_name, building_ID, budget) VALUES ("PUBL", 93, 4757985874.47);;
INSERT INTO department (department_name, building_ID, budget) VALUES ("SOCW", 94, 4371829646.43);;
INSERT INTO department (department_name, building_ID, budget) VALUES ("CRIM", 95, 4616359717.46);;
INSERT INTO department (department_name, building_ID, budget) VALUES ("INTL", 96, 6913745704.69);;
INSERT INTO department (department_name, building_ID, budget) VALUES ("ASIA", 97, 7704810404.77);;
INSERT INTO department (department_name, building_ID, budget) VALUES ("LATS", 98, 5231764044.52);;
INSERT INTO department (department_name, building_ID, budget) VALUES ("AFRI", 99, 7096450977.70);;
INSERT INTO department (department_name, building_ID, budget) VALUES ("EURS", 100, 7877856177.78);;
INSERT INTO time_slot (day, start_hr, start_min, end_hr, end_min) VALUES ("W", 1, 51, 8, 58);;
INSERT INTO time_slot (day, start_hr, start_min, end_hr, end_min) VALUES ("H", 7, 34, 19, 28);;
INSERT INTO time_slot (day, start_hr, start_min, end_hr, end_min) VALUES ("F", 14, 59, 0, 58);;
INSERT INTO time_slot (day, start_hr, start_min, end_hr, end_min) VALUES ("M", 17, 2, 8, 11);;
INSERT INTO time_slot (day, start_hr, start_min, end_hr, end_min) VALUES ("H", 19, 12, 14, 13);;
INSERT INTO time_slot (day, start_hr, start_min, end_hr, end_min) VALUES ("W", 11, 5, 0, 15);;
INSERT INTO time_slot (day, start_hr, start_min, end_hr, end_min) VALUES ("M", 12, 41, 10, 18);;
INSERT INTO time_slot (day, start_hr, start_min, end_hr, end_min) VALUES ("M", 19, 17, 13, 26);;
INSERT INTO time_slot (day, start_hr, start_min, end_hr, end_min) VALUES ("F", 12, 16, 6, 35);;
INSERT INTO time_slot (day, start_hr, start_min, end_hr, end_min) VALUES ("T", 4, 17, 20, 55);;
INSERT INTO time_slot (day, start_hr, start_min, end_hr, end_min) VALUES ("F", 8, 51, 0, 47);;
INSERT INTO time_slot (day, start_hr, start_min, end_hr, end_min) VALUES ("W", 2, 37, 19, 1);;
INSERT INTO time_slot (day, start_hr, start_min, end_hr, end_min) VALUES ("T", 2, 57, 8, 29);;
INSERT INTO time_slot (day, start_hr, start_min, end_hr, end_min) VALUES ("W", 13, 0, 14, 35);;
INSERT INTO time_slot (day, start_hr, start_min, end_hr, end_min) VALUES ("F", 11, 3, 13, 20);;
INSERT INTO time_slot (day, start_hr, start_min, end_hr, end_min) VALUES ("W", 21, 41, 4, 31);;
INSERT INTO time_slot (day, start_hr, start_min, end_hr, end_min) VALUES ("T", 8, 52, 16, 8);;
INSERT INTO time_slot (day, start_hr, start_min, end_hr, end_min) VALUES ("W", 17, 41, 10, 21);;
INSERT INTO time_slot (day, start_hr, start_min, end_hr, end_min) VALUES ("W", 22, 48, 6, 25);;
INSERT INTO time_slot (day, start_hr, start_min, end_hr, end_min) VALUES ("H", 21, 17, 3, 25);;
INSERT INTO time_slot (day, start_hr, start_min, end_hr, end_min) VALUES ("F", 19, 19, 10, 49);;
INSERT INTO time_slot (day, start_hr, start_min, end_hr, end_min) VALUES ("T", 9, 32, 20, 29);;
INSERT INTO time_slot (day, start_hr, start_min, end_hr, end_min) VALUES ("T", 7, 38, 17, 56);;
INSERT INTO time_slot (day, start_hr, start_min, end_hr, end_min) VALUES ("F", 6, 56, 17, 53);;
INSERT INTO time_slot (day, start_hr, start_min, end_hr, end_min) VALUES ("W", 15, 54, 7, 17);;
INSERT INTO time_slot (day, start_hr, start_min, end_hr, end_min) VALUES ("M", 14, 50, 11, 43);;
INSERT INTO time_slot (day, start_hr, start_min, end_hr, end_min) VALUES ("M", 21, 42, 3, 4);;
INSERT INTO time_slot (day, start_hr, start_min, end_hr, end_min) VALUES ("W", 6, 1, 11, 52);;
INSERT INTO time_slot (day, start_hr, start_min, end_hr, end_min) VALUES ("W", 17, 59, 2, 36);;
INSERT INTO time_slot (day, start_hr, start_min, end_hr, end_min) VALUES ("F", 17, 37, 1, 30);;
INSERT INTO time_slot (day, start_hr, start_min, end_hr, end_min) VALUES ("T", 1, 18, 15, 29);;
INSERT INTO time_slot (day, start_hr, start_min, end_hr, end_min) VALUES ("W", 3, 4, 17, 55);;
INSERT INTO time_slot (day, start_hr, start_min, end_hr, end_min) VALUES ("M", 0, 25, 5, 22);;
INSERT INTO time_slot (day, start_hr, start_min, end_hr, end_min) VALUES ("T", 4, 43, 7, 55);;
INSERT INTO time_slot (day, start_hr, start_min, end_hr, end_min) VALUES ("F", 5, 21, 7, 10);;
INSERT INTO time_slot (day, start_hr, start_min, end_hr, end_min) VALUES ("T", 21, 52, 8, 17);;
INSERT INTO time_slot (day, start_hr, start_min, end_hr, end_min) VALUES ("W", 16, 23, 0, 20);;
INSERT INTO time_slot (day, start_hr, start_min, end_hr, end_min) VALUES ("W", 3, 42, 9, 39);;
INSERT INTO time_slot (day, start_hr, start_min, end_hr, end_min) VALUES ("W", 23, 42, 22, 29);;
INSERT INTO time_slot (day, start_hr, start_min, end_hr, end_min) VALUES ("H", 5, 46, 21, 23);;
INSERT INTO time_slot (day, start_hr, start_min, end_hr, end_min) VALUES ("F", 19, 47, 0, 31);;
INSERT INTO time_slot (day, start_hr, start_min, end_hr, end_min) VALUES ("H", 8, 16, 6, 0);;
INSERT INTO time_slot (day, start_hr, start_min, end_hr, end_min) VALUES ("M", 16, 45, 2, 51);;
INSERT INTO time_slot (day, start_hr, start_min, end_hr, end_min) VALUES ("M", 5, 33, 17, 19);;
INSERT INTO time_slot (day, start_hr, start_min, end_hr, end_min) VALUES ("M", 6, 1, 22, 19);;
INSERT INTO time_slot (day, start_hr, start_min, end_hr, end_min) VALUES ("T", 6, 35, 2, 7);;
INSERT INTO time_slot (day, start_hr, start_min, end_hr, end_min) VALUES ("F", 2, 5, 2, 51);;
INSERT INTO time_slot (day, start_hr, start_min, end_hr, end_min) VALUES ("F", 4, 3, 9, 44);;
INSERT INTO time_slot (day, start_hr, start_min, end_hr, end_min) VALUES ("T", 2, 53, 7, 20);;
INSERT INTO time_slot (day, start_hr, start_min, end_hr, end_min) VALUES ("W", 4, 7, 16, 7);;
INSERT INTO time_slot (day, start_hr, start_min, end_hr, end_min) VALUES ("T", 4, 47, 10, 25);;
INSERT INTO time_slot (day, start_hr, start_min, end_hr, end_min) VALUES ("W", 16, 21, 19, 37);;
INSERT INTO time_slot (day, start_hr, start_min, end_hr, end_min) VALUES ("T", 9, 49, 14, 33);;
INSERT INTO time_slot (day, start_hr, start_min, end_hr, end_min) VALUES ("W", 8, 9, 8, 42);;
INSERT INTO time_slot (day, start_hr, start_min, end_hr, end_min) VALUES ("T", 17, 2, 23, 30);;
INSERT INTO time_slot (day, start_hr, start_min, end_hr, end_min) VALUES ("W", 5, 27, 21, 25);;
INSERT INTO time_slot (day, start_hr, start_min, end_hr, end_min) VALUES ("H", 18, 14, 3, 50);;
INSERT INTO time_slot (day, start_hr, start_min, end_hr, end_min) VALUES ("W", 1, 45, 17, 2);;
INSERT INTO time_slot (day, start_hr, start_min, end_hr, end_min) VALUES ("M", 16, 18, 12, 31);;
INSERT INTO time_slot (day, start_hr, start_min, end_hr, end_min) VALUES ("H", 9, 34, 13, 5);;
INSERT INTO time_slot (day, start_hr, start_min, end_hr, end_min) VALUES ("T", 11, 17, 6, 10);;
INSERT INTO time_slot (day, start_hr, start_min, end_hr, end_min) VALUES ("M", 0, 58, 1, 29);;
INSERT INTO time_slot (day, start_hr, start_min, end_hr, end_min) VALUES ("F", 20, 51, 1, 50);;
INSERT INTO time_slot (day, start_hr, start_min, end_hr, end_min) VALUES ("T", 4, 49, 11, 53);;
INSERT INTO time_slot (day, start_hr, start_min, end_hr, end_min) VALUES ("T", 8, 6, 17, 53);;
INSERT INTO time_slot (day, start_hr, start_min, end_hr, end_min) VALUES ("T", 17, 38, 5, 47);;
INSERT INTO time_slot (day, start_hr, start_min, end_hr, end_min) VALUES ("T", 18, 52, 10, 15);;
INSERT INTO time_slot (day, start_hr, start_min, end_hr, end_min) VALUES ("H", 0, 35, 15, 29);;
INSERT INTO time_slot (day, start_hr, start_min, end_hr, end_min) VALUES ("F", 20, 35, 8, 48);;
INSERT INTO time_slot (day, start_hr, start_min, end_hr, end_min) VALUES ("F", 4, 32, 20, 17);;
INSERT INTO time_slot (day, start_hr, start_min, end_hr, end_min) VALUES ("W", 7, 58, 9, 46);;
INSERT INTO time_slot (day, start_hr, start_min, end_hr, end_min) VALUES ("F", 6, 41, 11, 11);;
INSERT INTO time_slot (day, start_hr, start_min, end_hr, end_min) VALUES ("F", 4, 36, 20, 42);;
INSERT INTO time_slot (day, start_hr, start_min, end_hr, end_min) VALUES ("T", 16, 7, 15, 17);;
INSERT INTO time_slot (day, start_hr, start_min, end_hr, end_min) VALUES ("M", 12, 7, 6, 31);;
INSERT INTO time_slot (day, start_hr, start_min, end_hr, end_min) VALUES ("F", 5, 50, 10, 42);;
INSERT INTO time_slot (day, start_hr, start_min, end_hr, end_min) VALUES ("M", 4, 2, 14, 52);;
INSERT INTO time_slot (day, start_hr, start_min, end_hr, end_min) VALUES ("F", 21, 36, 13, 43);;
INSERT INTO time_slot (day, start_hr, start_min, end_hr, end_min) VALUES ("W", 5, 0, 2, 43);;
INSERT INTO time_slot (day, start_hr, start_min, end_hr, end_min) VALUES ("H", 5, 3, 17, 55);;
INSERT INTO time_slot (day, start_hr, start_min, end_hr, end_min) VALUES ("H", 7, 10, 8, 45);;
INSERT INTO time_slot (day, start_hr, start_min, end_hr, end_min) VALUES ("W", 4, 49, 22, 5);;
INSERT INTO time_slot (day, start_hr, start_min, end_hr, end_min) VALUES ("H", 13, 53, 1, 19);;
INSERT INTO time_slot (day, start_hr, start_min, end_hr, end_min) VALUES ("T", 16, 41, 6, 4);;
INSERT INTO time_slot (day, start_hr, start_min, end_hr, end_min) VALUES ("M", 17, 7, 14, 55);;
INSERT INTO time_slot (day, start_hr, start_min, end_hr, end_min) VALUES ("H", 7, 4, 4, 30);;
INSERT INTO time_slot (day, start_hr, start_min, end_hr, end_min) VALUES ("H", 19, 50, 2, 14);;
INSERT INTO time_slot (day, start_hr, start_min, end_hr, end_min) VALUES ("W", 20, 36, 4, 33);;
INSERT INTO time_slot (day, start_hr, start_min, end_hr, end_min) VALUES ("T", 6, 28, 11, 7);;
INSERT INTO time_slot (day, start_hr, start_min, end_hr, end_min) VALUES ("W", 11, 19, 17, 20);;
INSERT INTO time_slot (day, start_hr, start_min, end_hr, end_min) VALUES ("W", 23, 43, 18, 23);;
INSERT INTO time_slot (day, start_hr, start_min, end_hr, end_min) VALUES ("W", 5, 20, 3, 54);;
INSERT INTO time_slot (day, start_hr, start_min, end_hr, end_min) VALUES ("T", 4, 46, 12, 26);;
INSERT INTO time_slot (day, start_hr, start_min, end_hr, end_min) VALUES ("T", 12, 18, 21, 34);;
INSERT INTO time_slot (day, start_hr, start_min, end_hr, end_min) VALUES ("M", 5, 38, 11, 19);;
INSERT INTO time_slot (day, start_hr, start_min, end_hr, end_min) VALUES ("H", 17, 43, 14, 33);;
INSERT INTO time_slot (day, start_hr, start_min, end_hr, end_min) VALUES ("M", 15, 53, 0, 51);;
INSERT INTO time_slot (day, start_hr, start_min, end_hr, end_min) VALUES ("M", 21, 51, 20, 9);;
INSERT INTO time_slot (day, start_hr, start_min, end_hr, end_min) VALUES ("H", 13, 34, 13, 59);;
INSERT INTO time_slot (day, start_hr, start_min, end_hr, end_min) VALUES ("H", 16, 37, 18, 40);;
INSERT INTO account (username, password, role) VALUES ("QuickSilver", "WoodPecker", "Administrator");;
INSERT INTO account (username, password, role) VALUES ("HawkEye", "OnyxBlack", "Student");;
INSERT INTO account (username, password, role) VALUES ("BearHug", "Password123!", "Instructor");;
INSERT INTO account (username, password, role) VALUES ("NinjaCoder", "TacoTuesday5", "Instructor");;
INSERT INTO account (username, password, role) VALUES ("TideTurner", "SilkRoad", "Administrator");;
INSERT INTO account (username, password, role) VALUES ("CometTrail", "CrystalClear", "Administrator");;
INSERT INTO account (username, password, role) VALUES ("OrangeMan", "RealDoctor3626", "Administrator");;
INSERT INTO account (username, password, role) VALUES ("WhaleSong", "PearlWhite", "Administrator");;
INSERT INTO account (username, password, role) VALUES ("MegaMan", "NylonRope", "Instructor");;
INSERT INTO account (username, password, role) VALUES ("DolphinDive", "StrawBerry1", "Student");;
INSERT INTO account (username, password, role) VALUES ("TurboBoost", "CanvasArt", "Instructor");;
INSERT INTO account (username, password, role) VALUES ("RapidRush", "CandyLand55", "Student");;
INSERT INTO account (username, password, role) VALUES ("SpeedDemon", "LakeSide34", "Student");;
INSERT INTO account (username, password, role) VALUES ("RocketRacer", "CottonCandy", "Instructor");;
INSERT INTO account (username, password, role) VALUES ("KelpKing", "OpalShimmer", "Instructor");;
INSERT INTO account (username, password, role) VALUES ("aroddy", "VelvetTouch", "Administrator");;
INSERT INTO account (username, password, role) VALUES ("EagleEye", "DesertHeat6", "Student");;
INSERT INTO account (username, password, role) VALUES ("AstroNaut", "BreadBasket3", "Administrator");;
INSERT INTO account (username, password, role) VALUES ("NebulaSeeker", "FleeceBlanket", "Administrator");;
INSERT INTO account (username, password, role) VALUES ("FrostBite", "SaladBowl42", "Instructor");;
INSERT INTO account (username, password, role) VALUES ("GammaRay", "IceCream44", "Instructor");;
INSERT INTO account (username, password, role) VALUES ("Drew2000", "SecureP@ss", "Student");;
INSERT INTO account (username, password, role) VALUES ("WaveRider", "GoldenGate", "Student");;
INSERT INTO account (username, password, role) VALUES ("ChiChamp", "RaspberryJam", "Student");;
INSERT INTO account (username, password, role) VALUES ("DrMario", "JadeDragon", "Administrator");;
INSERT INTO account (username, password, role) VALUES ("FoxTrot", "PaperPlane", "Student");;
INSERT INTO account (username, password, role) VALUES ("SlickShot", "LimeGreen44", "Student");;
INSERT INTO account (username, password, role) VALUES ("PhiPhoenix", "PapayaSun34", "Instructor");;
INSERT INTO account (username, password, role) VALUES ("EpsilonEdge", "Summit9000", "Administrator");;
INSERT INTO account (username, password, role) VALUES ("HailHammer", "RiverFlow12", "Instructor");;
INSERT INTO account (username, password, role) VALUES ("NeonKnight", "ArcticCold5", "Student");;
INSERT INTO account (username, password, role) VALUES ("CrabCrawl", "Mountain567", "Administrator");;
INSERT INTO account (username, password, role) VALUES ("AvalancheArt", "PlumCrazy88", "Instructor");;
INSERT INTO account (username, password, role) VALUES ("DeepDiver", "CakeDay1111", "Administrator");;
INSERT INTO account (username, password, role) VALUES ("LobsterLock", "SapphireSea", "Administrator");;
INSERT INTO account (username, password, role) VALUES ("dropKick2000", "OrangePeel", "Administrator");;
INSERT INTO account (username, password, role) VALUES ("OctoTenta", "TigerLily88", "Student");;
INSERT INTO account (username, password, role) VALUES ("SigmaSolo", "Valley5678", "Student");;
INSERT INTO account (username, password, role) VALUES ("BetaTester", "KiwiGold12", "Administrator");;
INSERT INTO account (username, password, role) VALUES ("UltraViolet", "EmeraldIsle", "Instructor");;
INSERT INTO account (username, password, role) VALUES ("BlazingFast", "PlasticMan", "Administrator");;
INSERT INTO account (username, password, role) VALUES ("FalconWing", "Drop73Drop12!", "Administrator");;
INSERT INTO account (username, password, role) VALUES ("FogFinder", "LemonZest33", "Administrator");;
INSERT INTO account (username, password, role) VALUES ("SteelTitan", "CookieJar33", "Student");;
INSERT INTO account (username, password, role) VALUES ("OmegaPrime", "CoconutMilk5", "Administrator");;
INSERT INTO account (username, password, role) VALUES ("FireFury", "GannonGannon88", "Student");;
INSERT INTO account (username, password, role) VALUES ("IronFist", "RiceBowl99", "Administrator");;
INSERT INTO account (username, password, role) VALUES ("SunChaser", "GrapeVine66", "Instructor");;
INSERT INTO account (username, password, role) VALUES ("LionHeart", "DiamondEye", "Student");;
INSERT INTO account (username, password, role) VALUES ("MatrixMind", "BronzeMedal", "Administrator");;
INSERT INTO account (username, password, role) VALUES ("SuperCool", "MangoTango99", "Student");;
INSERT INTO account (username, password, role) VALUES ("RabbitRun", "SushiRoll44", "Administrator");;
INSERT INTO account (username, password, role) VALUES ("DeerDash", "DrewPass99", "Administrator");;
INSERT INTO account (username, password, role) VALUES ("IceBreaker", "BananaSplit7", "Administrator");;
INSERT INTO account (username, password, role) VALUES ("SkyWalker", "DenimJeans", "Student");;
INSERT INTO account (username, password, role) VALUES ("TigerClaw", "GrayWolf42", "Administrator");;
INSERT INTO account (username, password, role) VALUES ("Caleb999", "PieChart22", "Instructor");;
INSERT INTO account (username, password, role) VALUES ("SharpShooter", "TopazTan", "Instructor");;
INSERT INTO account (username, password, role) VALUES ("MoonRider", "LeatherBound", "Student");;
INSERT INTO account (username, password, role) VALUES ("ThunderBolt", "PinkPanther", "Student");;
INSERT INTO account (username, password, role) VALUES ("AlphaOmega", "AmberGlow", "Instructor");;
INSERT INTO account (username, password, role) VALUES ("GalaxyExplorer", "PolyesterMix", "Instructor");;
INSERT INTO account (username, password, role) VALUES ("OwlNight", "IronMan88", "Administrator");;
INSERT INTO account (username, password, role) VALUES ("NovaStar", "RedRose99", "Administrator");;
INSERT INTO account (username, password, role) VALUES ("Ganondworf", "BlackCat13", "Instructor");;
INSERT INTO account (username, password, role) VALUES ("RavenBlack", "WhiteSnow", "Administrator");;
INSERT INTO account (username, password, role) VALUES ("Link", "Coolest!", "Administrator");;
INSERT INTO account (username, password, role) VALUES ("SwiftStrike", "BeachDay89", "Administrator");;
INSERT INTO account (username, password, role) VALUES ("coolGuy77", "RubberBand", "Administrator");;
INSERT INTO account (username, password, role) VALUES ("SeaStar", "BlueBerry2", "Instructor");;
INSERT INTO account (username, password, role) VALUES ("SilverBullet", "StoneCold", "Student");;
INSERT INTO account (username, password, role) VALUES ("DigitalDragon", "123892138", "Administrator");;
INSERT INTO account (username, password, role) VALUES ("CyberFox", "YellowBird", "Instructor");;
INSERT INTO account (username, password, role) VALUES ("WolfPack", "MetalMouth", "Instructor");;
INSERT INTO account (username, password, role) VALUES ("ZeroHero", "SilverSpoon", "Student");;
INSERT INTO account (username, password, role) VALUES ("JellyJolt", "ForestGreen7", "Administrator");;
INSERT INTO account (username, password, role) VALUES ("StormBreaker", "CherryPop55", "Instructor");;
INSERT INTO account (username, password, role) VALUES ("ShadowHunter", "SatinSheets", "Instructor");;
INSERT INTO account (username, password, role) VALUES ("QuantumLeap", "LinenShirt", "Administrator");;
INSERT INTO account (username, password, role) VALUES ("SnowFlake", "FavoriteColor", "Administrator");;
INSERT INTO account (username, password, role) VALUES ("CrowCaller", "GlassHouse", "Administrator");;
INSERT INTO account (username, password, role) VALUES ("GoldenEagle", "CalebCalebCaleb", "Administrator");;
INSERT INTO account (username, password, role) VALUES ("MistMaker", "Linkus", "Administrator");;
INSERT INTO account (username, password, role) VALUES ("ZetaZone", "PeachFuzz77", "Instructor");;
INSERT INTO account (username, password, role) VALUES ("VoidWanderer", "WoolSweater", "Administrator");;
INSERT INTO account (username, password, role) VALUES ("CoralReef", "MyK3ySt0ne", "Instructor");;
INSERT INTO account (username, password, role) VALUES ("StarGazer", "SoupDuJour22", "Student");;
INSERT INTO account (username, password, role) VALUES ("TundraTrack", "GreenField", "Administrator");;
INSERT INTO account (username, password, role) VALUES ("CodeSamurai", "RubyRed", "Administrator");;
INSERT INTO account (username, password, role) VALUES ("TurtleShell", "PurpleRain", "Administrator");;
INSERT INTO account (username, password, role) VALUES ("LightningLord", "AppleCore42", "Administrator");;
INSERT INTO account (username, password, role) VALUES ("ByteMaster", "PastaFagioli", "Student");;
INSERT INTO account (username, password, role) VALUES ("FrostGiant", "BlueSky2024", "Instructor");;
INSERT INTO account (username, password, role) VALUES ("GlacierGuard", "PizzaSlice22", "Student");;
INSERT INTO account (username, password, role) VALUES ("SharkBite", "BurgerTime33", "Administrator");;
INSERT INTO account (username, password, role) VALUES ("DeltaForce", "Pineapple99", "Student");;
INSERT INTO account (username, password, role) VALUES ("HyperDrive", "CopperCoin", "Instructor");;
INSERT INTO account (username, password, role) VALUES ("BlizzardBlast", "SteelBlade", "Student");;
INSERT INTO account (username, password, role) VALUES ("PixelWizard", "TrulyCool2003", "Instructor");;
INSERT INTO account (username, password, role) VALUES ("SnakeEyes", "Ocean1234", "Administrator");;
INSERT INTO advisor (first_name, last_name, department_ID) VALUES ("Justin", "Coleman", 1);;
INSERT INTO advisor (first_name, last_name, department_ID) VALUES ("Carol", "Briggs", 2);;
INSERT INTO advisor (first_name, last_name, department_ID) VALUES ("Ruth", "Booker", 3);;
INSERT INTO advisor (first_name, last_name, department_ID) VALUES ("Daniel", "Kent", 4);;
INSERT INTO advisor (first_name, last_name, department_ID) VALUES ("Raymond", "Graves", 5);;
INSERT INTO advisor (first_name, last_name, department_ID) VALUES ("Carl", "Marshall", 6);;
INSERT INTO advisor (first_name, last_name, department_ID) VALUES ("Jose", "Carr", 7);;
INSERT INTO advisor (first_name, last_name, department_ID) VALUES ("Emily", "Finley", 8);;
INSERT INTO advisor (first_name, last_name, department_ID) VALUES ("Benjamin", "Beasley", 9);;
INSERT INTO advisor (first_name, last_name, department_ID) VALUES ("Jack", "Decker", 10);;
INSERT INTO advisor (first_name, last_name, department_ID) VALUES ("Melissa", "Hodge", 11);;
INSERT INTO advisor (first_name, last_name, department_ID) VALUES ("Andrew", "Hodge", 12);;
INSERT INTO advisor (first_name, last_name, department_ID) VALUES ("Carl", "Holt", 13);;
INSERT INTO advisor (first_name, last_name, department_ID) VALUES ("Ruth", "Decker", 14);;
INSERT INTO advisor (first_name, last_name, department_ID) VALUES ("Steven", "Davidson", 15);;
INSERT INTO advisor (first_name, last_name, department_ID) VALUES ("Adam", "Chambers", 16);;
INSERT INTO advisor (first_name, last_name, department_ID) VALUES ("Kathleen", "Gilbert", 17);;
INSERT INTO advisor (first_name, last_name, department_ID) VALUES ("Walter", "So", 18);;
INSERT INTO advisor (first_name, last_name, department_ID) VALUES ("Michelle", "Glover", 19);;
INSERT INTO advisor (first_name, last_name, department_ID) VALUES ("Kyle", "Coleman", 20);;
INSERT INTO advisor (first_name, last_name, department_ID) VALUES ("Steven", "Keller", 21);;
INSERT INTO advisor (first_name, last_name, department_ID) VALUES ("Anthony", "McCarthy", 22);;
INSERT INTO advisor (first_name, last_name, department_ID) VALUES ("Mark", "Morneweck", 23);;
INSERT INTO advisor (first_name, last_name, department_ID) VALUES ("Harold", "Jefferson", 24);;
INSERT INTO advisor (first_name, last_name, department_ID) VALUES ("Jose", "Ellison", 25);;
INSERT INTO advisor (first_name, last_name, department_ID) VALUES ("Gary", "Caldwell", 26);;
INSERT INTO advisor (first_name, last_name, department_ID) VALUES ("Donald", "Galloway", 27);;
INSERT INTO advisor (first_name, last_name, department_ID) VALUES ("Anthony", "McCarthy", 28);;
INSERT INTO advisor (first_name, last_name, department_ID) VALUES ("Jerry", "Kent", 29);;
INSERT INTO advisor (first_name, last_name, department_ID) VALUES ("Ryan", "Bradley", 30);;
INSERT INTO advisor (first_name, last_name, department_ID) VALUES ("Jack", "Drake", 31);;
INSERT INTO advisor (first_name, last_name, department_ID) VALUES ("Larry", "Blackwell", 32);;
INSERT INTO advisor (first_name, last_name, department_ID) VALUES ("Craig", "Coleman", 33);;
INSERT INTO advisor (first_name, last_name, department_ID) VALUES ("Jason", "Graves", 34);;
INSERT INTO advisor (first_name, last_name, department_ID) VALUES ("Betty", "Donovan", 35);;
INSERT INTO advisor (first_name, last_name, department_ID) VALUES ("Adam", "Grimes", 36);;
INSERT INTO advisor (first_name, last_name, department_ID) VALUES ("Stephanie", "Blake", 37);;
INSERT INTO advisor (first_name, last_name, department_ID) VALUES ("Linda", "Grimes", 38);;
INSERT INTO advisor (first_name, last_name, department_ID) VALUES ("Mark", "McCarthy", 39);;
INSERT INTO advisor (first_name, last_name, department_ID) VALUES ("Jose", "Briggs", 40);;
INSERT INTO advisor (first_name, last_name, department_ID) VALUES ("Deborah", "Hancock", 41);;
INSERT INTO advisor (first_name, last_name, department_ID) VALUES ("Zachary", "Booker", 42);;
INSERT INTO advisor (first_name, last_name, department_ID) VALUES ("Brandon", "Langley", 43);;
INSERT INTO advisor (first_name, last_name, department_ID) VALUES ("Sarah", "Glover", 44);;
INSERT INTO advisor (first_name, last_name, department_ID) VALUES ("Daniel", "Fitzgerald", 45);;
INSERT INTO advisor (first_name, last_name, department_ID) VALUES ("Benjamin", "Lamb", 46);;
INSERT INTO advisor (first_name, last_name, department_ID) VALUES ("Jacob", "Goodwin", 47);;
INSERT INTO advisor (first_name, last_name, department_ID) VALUES ("Ryan", "Lynch", 48);;
INSERT INTO advisor (first_name, last_name, department_ID) VALUES ("Jason", "Dempsey", 49);;
INSERT INTO advisor (first_name, last_name, department_ID) VALUES ("Pamela", "Redy", 50);;
INSERT INTO advisor (first_name, last_name, department_ID) VALUES ("Joseph", "Dawson", 51);;
INSERT INTO advisor (first_name, last_name, department_ID) VALUES ("Carl", "Blackwell", 52);;
INSERT INTO advisor (first_name, last_name, department_ID) VALUES ("Timothy", "Fleming", 53);;
INSERT INTO advisor (first_name, last_name, department_ID) VALUES ("Kenneth", "Norris", 54);;
INSERT INTO advisor (first_name, last_name, department_ID) VALUES ("Brian", "Lynch", 55);;
INSERT INTO advisor (first_name, last_name, department_ID) VALUES ("Frank", "Levine", 56);;
INSERT INTO advisor (first_name, last_name, department_ID) VALUES ("Matthew", "Coleman", 57);;
INSERT INTO advisor (first_name, last_name, department_ID) VALUES ("Raymond", "Goodman", 58);;
INSERT INTO advisor (first_name, last_name, department_ID) VALUES ("Jessica", "Blake", 59);;
INSERT INTO advisor (first_name, last_name, department_ID) VALUES ("Leah", "Glover", 60);;
INSERT INTO advisor (first_name, last_name, department_ID) VALUES ("Harold", "Johnson", 61);;
INSERT INTO advisor (first_name, last_name, department_ID) VALUES ("Tyler", "Benson", 62);;
INSERT INTO advisor (first_name, last_name, department_ID) VALUES ("Anthony", "Barrett", 63);;
INSERT INTO advisor (first_name, last_name, department_ID) VALUES ("Brandon", "Lamb", 64);;
INSERT INTO advisor (first_name, last_name, department_ID) VALUES ("Eric", "Mayer", 65);;
INSERT INTO advisor (first_name, last_name, department_ID) VALUES ("Henry", "Kane", 66);;
INSERT INTO advisor (first_name, last_name, department_ID) VALUES ("Aaron", "Horton", 67);;
INSERT INTO advisor (first_name, last_name, department_ID) VALUES ("Rebecca", "Nash", 68);;
INSERT INTO advisor (first_name, last_name, department_ID) VALUES ("Sharon", "Burke", 69);;
INSERT INTO advisor (first_name, last_name, department_ID) VALUES ("Stephen", "McCarthy", 70);;
INSERT INTO advisor (first_name, last_name, department_ID) VALUES ("Daniel", "Griffin", 71);;
INSERT INTO advisor (first_name, last_name, department_ID) VALUES ("Ryan", "Finley", 72);;
INSERT INTO advisor (first_name, last_name, department_ID) VALUES ("Christine", "Kent", 73);;
INSERT INTO advisor (first_name, last_name, department_ID) VALUES ("Donna", "Burke", 74);;
INSERT INTO advisor (first_name, last_name, department_ID) VALUES ("Angela", "Everett", 75);;
INSERT INTO advisor (first_name, last_name, department_ID) VALUES ("Nicole", "Ackerman", 76);;
INSERT INTO advisor (first_name, last_name, department_ID) VALUES ("Carl", "So", 77);;
INSERT INTO advisor (first_name, last_name, department_ID) VALUES ("Brenda", "Crawford", 78);;
INSERT INTO advisor (first_name, last_name, department_ID) VALUES ("Jennifer", "Christensen", 79);;
INSERT INTO advisor (first_name, last_name, department_ID) VALUES ("Linda", "Christensen", 80);;
INSERT INTO advisor (first_name, last_name, department_ID) VALUES ("Donald", "Lane", 81);;
INSERT INTO advisor (first_name, last_name, department_ID) VALUES ("Gary", "Johnson", 82);;
INSERT INTO advisor (first_name, last_name, department_ID) VALUES ("Ruth", "Redy", 83);;
INSERT INTO advisor (first_name, last_name, department_ID) VALUES ("Kyle", "Jefferson", 84);;
INSERT INTO advisor (first_name, last_name, department_ID) VALUES ("Raymond", "Hunter", 85);;
INSERT INTO advisor (first_name, last_name, department_ID) VALUES ("Nicholas", "Gibson", 86);;
INSERT INTO advisor (first_name, last_name, department_ID) VALUES ("Dorothy", "Ellison", 87);;
INSERT INTO advisor (first_name, last_name, department_ID) VALUES ("Harold", "Downey", 88);;
INSERT INTO advisor (first_name, last_name, department_ID) VALUES ("Shirley", "Glover", 89);;
INSERT INTO advisor (first_name, last_name, department_ID) VALUES ("Donna", "Hancock", 90);;
INSERT INTO advisor (first_name, last_name, department_ID) VALUES ("Jack", "Carr", 91);;
INSERT INTO advisor (first_name, last_name, department_ID) VALUES ("Karen", "Donovan", 92);;
INSERT INTO advisor (first_name, last_name, department_ID) VALUES ("Peter", "Lowry", 93);;
INSERT INTO advisor (first_name, last_name, department_ID) VALUES ("Pamela", "Cervantes", 94);;
INSERT INTO advisor (first_name, last_name, department_ID) VALUES ("Stephanie", "Keller", 95);;
INSERT INTO advisor (first_name, last_name, department_ID) VALUES ("Lisa", "Fox", 96);;
INSERT INTO advisor (first_name, last_name, department_ID) VALUES ("TJ", "Farmer", 97);;
INSERT INTO advisor (first_name, last_name, department_ID) VALUES ("Brenda", "Carr", 98);;
INSERT INTO advisor (first_name, last_name, department_ID) VALUES ("Kathleen", "Marshall", 99);;
INSERT INTO advisor (first_name, last_name, department_ID) VALUES ("Kyle", "Burke", 100);;
INSERT INTO course (title, department_ID, credits) VALUES ("US History", 1, 56);;
INSERT INTO course (title, department_ID, credits) VALUES ("Abstract Algebra", 2, 3);;
INSERT INTO course (title, department_ID, credits) VALUES ("Technical Writing", 3, 18);;
INSERT INTO course (title, department_ID, credits) VALUES ("Elementary German", 4, 74);;
INSERT INTO course (title, department_ID, credits) VALUES ("Social Psychology", 5, 46);;
INSERT INTO course (title, department_ID, credits) VALUES ("Comparative Politics", 6, 68);;
INSERT INTO course (title, department_ID, credits) VALUES ("Operating Systems", 7, 94);;
INSERT INTO course (title, department_ID, credits) VALUES ("Computer Networks", 8, 52);;
INSERT INTO course (title, department_ID, credits) VALUES ("Macroeconomics", 9, 2);;
INSERT INTO course (title, department_ID, credits) VALUES ("Macroeconomics", 10, 83);;
INSERT INTO course (title, department_ID, credits) VALUES ("European History", 11, 89);;
INSERT INTO course (title, department_ID, credits) VALUES ("Optics", 12, 12);;
INSERT INTO course (title, department_ID, credits) VALUES ("Econometrics", 13, 16);;
INSERT INTO course (title, department_ID, credits) VALUES ("British Literature", 14, 27);;
INSERT INTO course (title, department_ID, credits) VALUES ("General Chemistry", 15, 82);;
INSERT INTO course (title, department_ID, credits) VALUES ("Shakespeare", 16, 82);;
INSERT INTO course (title, department_ID, credits) VALUES ("Intro to Music Theory", 17, 29);;
INSERT INTO course (title, department_ID, credits) VALUES ("Computer Architecture", 18, 68);;
INSERT INTO course (title, department_ID, credits) VALUES ("Graph Theory", 19, 34);;
INSERT INTO course (title, department_ID, credits) VALUES ("Statistics II", 20, 76);;
INSERT INTO course (title, department_ID, credits) VALUES ("Calculus III", 21, 93);;
INSERT INTO course (title, department_ID, credits) VALUES ("Biochemistry", 22, 79);;
INSERT INTO course (title, department_ID, credits) VALUES ("Ethics", 23, 62);;
INSERT INTO course (title, department_ID, credits) VALUES ("Organic Chemistry", 24, 29);;
INSERT INTO course (title, department_ID, credits) VALUES ("Electromagnetism", 25, 41);;
INSERT INTO course (title, department_ID, credits) VALUES ("Topology", 26, 11);;
INSERT INTO course (title, department_ID, credits) VALUES ("Algorithms", 27, 92);;
INSERT INTO course (title, department_ID, credits) VALUES ("Elementary Spanish 2", 28, 14);;
INSERT INTO course (title, department_ID, credits) VALUES ("Intro to Music Theory", 29, 35);;
INSERT INTO course (title, department_ID, credits) VALUES ("Composition I", 30, 28);;
INSERT INTO course (title, department_ID, credits) VALUES ("Complex Analysis", 31, 24);;
INSERT INTO course (title, department_ID, credits) VALUES ("Statistics II", 32, 75);;
INSERT INTO course (title, department_ID, credits) VALUES ("Statistics I", 33, 47);;
INSERT INTO course (title, department_ID, credits) VALUES ("Intro to Nursing", 34, 20);;
INSERT INTO course (title, department_ID, credits) VALUES ("Computer Architecture", 35, 16);;
INSERT INTO course (title, department_ID, credits) VALUES ("American Government", 36, 49);;
INSERT INTO course (title, department_ID, credits) VALUES ("CS4", 37, 52);;
INSERT INTO course (title, department_ID, credits) VALUES ("Nuclear Physics", 38, 65);;
INSERT INTO course (title, department_ID, credits) VALUES ("Creative Writing", 39, 30);;
INSERT INTO course (title, department_ID, credits) VALUES ("Algorithms", 40, 25);;
INSERT INTO course (title, department_ID, credits) VALUES ("Astrophysics", 41, 24);;
INSERT INTO course (title, department_ID, credits) VALUES ("Linear Algebra", 42, 79);;
INSERT INTO course (title, department_ID, credits) VALUES ("Shakespeare", 43, 26);;
INSERT INTO course (title, department_ID, credits) VALUES ("Intro to Music Theory", 44, 10);;
INSERT INTO course (title, department_ID, credits) VALUES ("Cultural Anthropology", 45, 63);;
INSERT INTO course (title, department_ID, credits) VALUES ("General Chemistry", 46, 53);;
INSERT INTO course (title, department_ID, credits) VALUES ("Cell Biology", 47, 61);;
INSERT INTO course (title, department_ID, credits) VALUES ("CS2", 48, 34);;
INSERT INTO course (title, department_ID, credits) VALUES ("Human Anatomy", 49, 59);;
INSERT INTO course (title, department_ID, credits) VALUES ("Cloud Computing", 50, 93);;
INSERT INTO course (title, department_ID, credits) VALUES ("Ancient History", 51, 99);;
INSERT INTO course (title, department_ID, credits) VALUES ("Intro to Databases", 52, 75);;
INSERT INTO course (title, department_ID, credits) VALUES ("Modern History", 53, 78);;
INSERT INTO course (title, department_ID, credits) VALUES ("Technical Writing", 54, 55);;
INSERT INTO course (title, department_ID, credits) VALUES ("World History", 55, 43);;
INSERT INTO course (title, department_ID, credits) VALUES ("Intro to Sociology", 56, 99);;
INSERT INTO course (title, department_ID, credits) VALUES ("Microbiology", 57, 99);;
INSERT INTO course (title, department_ID, credits) VALUES ("Web Development", 58, 48);;
INSERT INTO course (title, department_ID, credits) VALUES ("Pharmacology", 59, 32);;
INSERT INTO course (title, department_ID, credits) VALUES ("Astrophysics", 60, 91);;
INSERT INTO course (title, department_ID, credits) VALUES ("Intermediate Spanish", 61, 73);;
INSERT INTO course (title, department_ID, credits) VALUES ("Nuclear Physics", 62, 56);;
INSERT INTO course (title, department_ID, credits) VALUES ("CS3", 63, 6);;
INSERT INTO course (title, department_ID, credits) VALUES ("Social Psychology", 64, 30);;
INSERT INTO course (title, department_ID, credits) VALUES ("Complex Analysis", 65, 93);;
INSERT INTO course (title, department_ID, credits) VALUES ("Graph Theory", 66, 47);;
INSERT INTO course (title, department_ID, credits) VALUES ("Statistics I", 67, 95);;
INSERT INTO course (title, department_ID, credits) VALUES ("General Chemistry", 68, 74);;
INSERT INTO course (title, department_ID, credits) VALUES ("British Literature", 69, 76);;
INSERT INTO course (title, department_ID, credits) VALUES ("Intermediate French", 70, 39);;
INSERT INTO course (title, department_ID, credits) VALUES ("Cloud Computing", 71, 22);;
INSERT INTO course (title, department_ID, credits) VALUES ("Comparative Politics", 72, 45);;
INSERT INTO course (title, department_ID, credits) VALUES ("Statistics I", 73, 18);;
INSERT INTO course (title, department_ID, credits) VALUES ("Artificial Intelligence", 74, 62);;
INSERT INTO course (title, department_ID, credits) VALUES ("Elementary Spanish 2", 75, 15);;
INSERT INTO course (title, department_ID, credits) VALUES ("Intermediate Spanish", 76, 41);;
INSERT INTO course (title, department_ID, credits) VALUES ("Organic Chemistry", 77, 63);;
INSERT INTO course (title, department_ID, credits) VALUES ("CS4", 78, 66);;
INSERT INTO course (title, department_ID, credits) VALUES ("Algorithms", 79, 90);;
INSERT INTO course (title, department_ID, credits) VALUES ("Calculus III", 80, 61);;
INSERT INTO course (title, department_ID, credits) VALUES ("World Literature", 81, 53);;
INSERT INTO course (title, department_ID, credits) VALUES ("World History", 82, 16);;
INSERT INTO course (title, department_ID, credits) VALUES ("Intro to Music Theory", 83, 9);;
INSERT INTO course (title, department_ID, credits) VALUES ("Calculus II", 84, 14);;
INSERT INTO course (title, department_ID, credits) VALUES ("Differential Equations", 85, 20);;
INSERT INTO course (title, department_ID, credits) VALUES ("Mobile App Development", 86, 73);;
INSERT INTO course (title, department_ID, credits) VALUES ("Analytical Chemistry", 87, 28);;
INSERT INTO course (title, department_ID, credits) VALUES ("Intermediate French", 88, 72);;
INSERT INTO course (title, department_ID, credits) VALUES ("Ecology", 89, 6);;
INSERT INTO course (title, department_ID, credits) VALUES ("European History", 90, 39);;
INSERT INTO course (title, department_ID, credits) VALUES ("Developmental Psychology", 91, 77);;
INSERT INTO course (title, department_ID, credits) VALUES ("General Chemistry", 92, 88);;
INSERT INTO course (title, department_ID, credits) VALUES ("Classical Mechanics", 93, 92);;
INSERT INTO course (title, department_ID, credits) VALUES ("Physical Chemistry", 94, 75);;
INSERT INTO course (title, department_ID, credits) VALUES ("Cell Biology", 95, 31);;
INSERT INTO course (title, department_ID, credits) VALUES ("Human Physiology", 96, 45);;
INSERT INTO course (title, department_ID, credits) VALUES ("Machine Learning", 97, 88);;
INSERT INTO course (title, department_ID, credits) VALUES ("World History", 98, 73);;
INSERT INTO course (title, department_ID, credits) VALUES ("Computer Networks", 99, 32);;
INSERT INTO course (title, department_ID, credits) VALUES ("Calculus I", 100, 25);;
INSERT INTO instructor (first_name, last_name, department_ID, salary) VALUES ("Jamal", "Phares", 1, 239845.23);;
INSERT INTO instructor (first_name, last_name, department_ID, salary) VALUES ("Ahmed", "Haddad", 2, 107391.10);;
INSERT INTO instructor (first_name, last_name, department_ID, salary) VALUES ("Magnus", "Ito", 3, 834292.83);;
INSERT INTO instructor (first_name, last_name, department_ID, salary) VALUES ("Chen", "Obregon", 4, 790645.79);;
INSERT INTO instructor (first_name, last_name, department_ID, salary) VALUES ("Xavier", "Phares", 5, 944143.94);;
INSERT INTO instructor (first_name, last_name, department_ID, salary) VALUES ("Klaus", "Uchida", 6, 457279.45);;
INSERT INTO instructor (first_name, last_name, department_ID, salary) VALUES ("Otto", "Nilsson", 7, 481938.48);;
INSERT INTO instructor (first_name, last_name, department_ID, salary) VALUES ("Alan", "Nakagawa", 8, 734642.73);;
INSERT INTO instructor (first_name, last_name, department_ID, salary) VALUES ("Carlos", "Ueno", 9, 696870.69);;
INSERT INTO instructor (first_name, last_name, department_ID, salary) VALUES ("Vera", "Xu", 10, 267357.26);;
INSERT INTO instructor (first_name, last_name, department_ID, salary) VALUES ("Ravi", "Cortez", 11, 902695.90);;
INSERT INTO instructor (first_name, last_name, department_ID, salary) VALUES ("Otto", "Kirby", 12, 196491.19);;
INSERT INTO instructor (first_name, last_name, department_ID, salary) VALUES ("Oksana", "Ortega", 13, 993982.99);;
INSERT INTO instructor (first_name, last_name, department_ID, salary) VALUES ("Karen", "Jung", 14, 436988.43);;
INSERT INTO instructor (first_name, last_name, department_ID, salary) VALUES ("Haruki", "Tremblay", 15, 939954.93);;
INSERT INTO instructor (first_name, last_name, department_ID, salary) VALUES ("Ravi", "Peters", 16, 124917.12);;
INSERT INTO instructor (first_name, last_name, department_ID, salary) VALUES ("Javed", "Ishikawa", 17, 379563.37);;
INSERT INTO instructor (first_name, last_name, department_ID, salary) VALUES ("Wesley", "Volkov", 18, 733976.73);;
INSERT INTO instructor (first_name, last_name, department_ID, salary) VALUES ("Hans", "Vega", 19, 942031.94);;
INSERT INTO instructor (first_name, last_name, department_ID, salary) VALUES ("Felipe", "Ahmed", 20, 573787.57);;
INSERT INTO instructor (first_name, last_name, department_ID, salary) VALUES ("Wesley", "Ishikawa", 21, 401138.40);;
INSERT INTO instructor (first_name, last_name, department_ID, salary) VALUES ("Rosa", "Weber", 22, 937390.93);;
INSERT INTO instructor (first_name, last_name, department_ID, salary) VALUES ("Viktor", "Gagnon", 23, 317819.31);;
INSERT INTO instructor (first_name, last_name, department_ID, salary) VALUES ("Pavel", "Mueller", 24, 450643.45);;
INSERT INTO instructor (first_name, last_name, department_ID, salary) VALUES ("Cyrus", "Dubois", 25, 285215.28);;
INSERT INTO instructor (first_name, last_name, department_ID, salary) VALUES ("Bianca", "Fiore", 26, 458964.45);;
INSERT INTO instructor (first_name, last_name, department_ID, salary) VALUES ("Ivan", "Ahmed", 27, 896670.89);;
INSERT INTO instructor (first_name, last_name, department_ID, salary) VALUES ("Kenji", "Goldberg", 28, 885196.88);;
INSERT INTO instructor (first_name, last_name, department_ID, salary) VALUES ("Felipe", "Toma", 29, 601483.60);;
INSERT INTO instructor (first_name, last_name, department_ID, salary) VALUES ("Magnus", "Leclerc", 30, 259019.25);;
INSERT INTO instructor (first_name, last_name, department_ID, salary) VALUES ("Bianca", "Costa", 31, 273795.27);;
INSERT INTO instructor (first_name, last_name, department_ID, salary) VALUES ("Soren", "Ito", 32, 962330.96);;
INSERT INTO instructor (first_name, last_name, department_ID, salary) VALUES ("Ivan", "Silva", 33, 967479.96);;
INSERT INTO instructor (first_name, last_name, department_ID, salary) VALUES ("Orla", "Engel", 34, 424070.42);;
INSERT INTO instructor (first_name, last_name, department_ID, salary) VALUES ("Fatima", "Ishikawa", 35, 581983.58);;
INSERT INTO instructor (first_name, last_name, department_ID, salary) VALUES ("Bianca", "Obregon", 36, 311362.31);;
INSERT INTO instructor (first_name, last_name, department_ID, salary) VALUES ("Otto", "Wallace", 37, 802116.80);;
INSERT INTO instructor (first_name, last_name, department_ID, salary) VALUES ("Julia", "Vega", 38, 632603.63);;
INSERT INTO instructor (first_name, last_name, department_ID, salary) VALUES ("Ahmed", "Koval", 39, 778615.77);;
INSERT INTO instructor (first_name, last_name, department_ID, salary) VALUES ("Kofi", "Xiong", 40, 336040.33);;
INSERT INTO instructor (first_name, last_name, department_ID, salary) VALUES ("Julia", "Fontaine", 41, 491254.49);;
INSERT INTO instructor (first_name, last_name, department_ID, salary) VALUES ("Ravi", "Chan", 42, 955980.95);;
INSERT INTO instructor (first_name, last_name, department_ID, salary) VALUES ("Arun", "Peters", 43, 489996.48);;
INSERT INTO instructor (first_name, last_name, department_ID, salary) VALUES ("Zara", "Gagnon", 44, 181555.18);;
INSERT INTO instructor (first_name, last_name, department_ID, salary) VALUES ("Thiago", "Chowdhury", 45, 954620.95);;
INSERT INTO instructor (first_name, last_name, department_ID, salary) VALUES ("Arun", "Jensen", 46, 790407.79);;
INSERT INTO instructor (first_name, last_name, department_ID, salary) VALUES ("Wendy", "Obregon", 47, 349331.34);;
INSERT INTO instructor (first_name, last_name, department_ID, salary) VALUES ("Haruki", "Romero", 48, 893483.89);;
INSERT INTO instructor (first_name, last_name, department_ID, salary) VALUES ("Abdul", "Dubois", 49, 299826.29);;
INSERT INTO instructor (first_name, last_name, department_ID, salary) VALUES ("Yolanda", "Palmer", 50, 277729.27);;
INSERT INTO instructor (first_name, last_name, department_ID, salary) VALUES ("Fatima", "Zhukov", 51, 213943.21);;
INSERT INTO instructor (first_name, last_name, department_ID, salary) VALUES ("Vivian", "Yildiz", 52, 306896.30);;
INSERT INTO instructor (first_name, last_name, department_ID, salary) VALUES ("Eduardo", "Toma", 53, 558732.55);;
INSERT INTO instructor (first_name, last_name, department_ID, salary) VALUES ("Diana", "Nakagawa", 54, 142557.14);;
INSERT INTO instructor (first_name, last_name, department_ID, salary) VALUES ("Helena", "Xiong", 55, 848396.84);;
INSERT INTO instructor (first_name, last_name, department_ID, salary) VALUES ("Edith", "Becker", 56, 565744.56);;
INSERT INTO instructor (first_name, last_name, department_ID, salary) VALUES ("Quincy", "Toma", 57, 184478.18);;
INSERT INTO instructor (first_name, last_name, department_ID, salary) VALUES ("Dario", "Malik", 58, 408755.40);;
INSERT INTO instructor (first_name, last_name, department_ID, salary) VALUES ("Haruki", "Goldberg", 59, 226291.22);;
INSERT INTO instructor (first_name, last_name, department_ID, salary) VALUES ("Ursula", "Schmidt", 60, 469299.46);;
INSERT INTO instructor (first_name, last_name, department_ID, salary) VALUES ("Klaus", "Nakagawa", 61, 579791.57);;
INSERT INTO instructor (first_name, last_name, department_ID, salary) VALUES ("Hiroshi", "Koval", 62, 333927.33);;
INSERT INTO instructor (first_name, last_name, department_ID, salary) VALUES ("Ravi", "Kahn", 63, 432090.43);;
INSERT INTO instructor (first_name, last_name, department_ID, salary) VALUES ("Jorge", "Romero", 64, 842250.84);;
INSERT INTO instructor (first_name, last_name, department_ID, salary) VALUES ("Kofi", "Fiore", 65, 360327.36);;
INSERT INTO instructor (first_name, last_name, department_ID, salary) VALUES ("Diana", "Santos", 66, 553885.55);;
INSERT INTO instructor (first_name, last_name, department_ID, salary) VALUES ("Diana", "Zhukov", 67, 859235.85);;
INSERT INTO instructor (first_name, last_name, department_ID, salary) VALUES ("Arun", "Cortez", 68, 322078.32);;
INSERT INTO instructor (first_name, last_name, department_ID, salary) VALUES ("Omar", "Larsen", 69, 168337.16);;
INSERT INTO instructor (first_name, last_name, department_ID, salary) VALUES ("Pedro", "Park", 70, 764171.76);;
INSERT INTO instructor (first_name, last_name, department_ID, salary) VALUES ("Rachel", "Jensen", 71, 497162.49);;
INSERT INTO instructor (first_name, last_name, department_ID, salary) VALUES ("Svetlana", "Jakobsen", 72, 927390.92);;
INSERT INTO instructor (first_name, last_name, department_ID, salary) VALUES ("Zara", "Quintero", 73, 481003.48);;
INSERT INTO instructor (first_name, last_name, department_ID, salary) VALUES ("Fatima", "Jung", 74, 128867.12);;
INSERT INTO instructor (first_name, last_name, department_ID, salary) VALUES ("Beatrice", "Tremblay", 75, 262211.26);;
INSERT INTO instructor (first_name, last_name, department_ID, salary) VALUES ("Zhang", "Chowdhury", 76, 988143.98);;
INSERT INTO instructor (first_name, last_name, department_ID, salary) VALUES ("Eduardo", "Yamamoto", 77, 688643.68);;
INSERT INTO instructor (first_name, last_name, department_ID, salary) VALUES ("Yolanda", "Fischer", 78, 483464.48);;
INSERT INTO instructor (first_name, last_name, department_ID, salary) VALUES ("Eduardo", "Bonomi", 79, 677394.67);;
INSERT INTO instructor (first_name, last_name, department_ID, salary) VALUES ("Vera", "Jakobsen", 80, 760708.76);;
INSERT INTO instructor (first_name, last_name, department_ID, salary) VALUES ("Wendy", "Xu", 81, 266550.26);;
INSERT INTO instructor (first_name, last_name, department_ID, salary) VALUES ("Ulrich", "Kowalski", 82, 795575.79);;
INSERT INTO instructor (first_name, last_name, department_ID, salary) VALUES ("Catalina", "OBrien", 83, 882579.88);;
INSERT INTO instructor (first_name, last_name, department_ID, salary) VALUES ("Brigitte", "Tanaka", 84, 756961.75);;
INSERT INTO instructor (first_name, last_name, department_ID, salary) VALUES ("Xiomara", "Kirby", 85, 704296.70);;
INSERT INTO instructor (first_name, last_name, department_ID, salary) VALUES ("Tariq", "Takahashi", 86, 397074.39);;
INSERT INTO instructor (first_name, last_name, department_ID, salary) VALUES ("Vlad", "Rossi", 87, 470811.47);;
INSERT INTO instructor (first_name, last_name, department_ID, salary) VALUES ("Alan", "Petrov", 88, 669965.66);;
INSERT INTO instructor (first_name, last_name, department_ID, salary) VALUES ("Yara", "Jung", 89, 629758.62);;
INSERT INTO instructor (first_name, last_name, department_ID, salary) VALUES ("Rachel", "Bonomi", 90, 628831.62);;
INSERT INTO instructor (first_name, last_name, department_ID, salary) VALUES ("Giovanni", "Chowdhury", 91, 639965.63);;
INSERT INTO instructor (first_name, last_name, department_ID, salary) VALUES ("Otto", "Villanueva", 92, 492127.49);;
INSERT INTO instructor (first_name, last_name, department_ID, salary) VALUES ("Leonid", "Gagnon", 93, 443905.44);;
INSERT INTO instructor (first_name, last_name, department_ID, salary) VALUES ("Fatima", "Petrov", 94, 561151.56);;
INSERT INTO instructor (first_name, last_name, department_ID, salary) VALUES ("Elena", "Santos", 95, 573250.57);;
INSERT INTO instructor (first_name, last_name, department_ID, salary) VALUES ("Leonid", "Mehta", 96, 498409.49);;
INSERT INTO instructor (first_name, last_name, department_ID, salary) VALUES ("Priya", "Silva", 97, 544674.54);;
INSERT INTO instructor (first_name, last_name, department_ID, salary) VALUES ("Hiroshi", "Dubois", 98, 366033.36);;
INSERT INTO instructor (first_name, last_name, department_ID, salary) VALUES ("Miguel", "Dubois", 99, 965202.96);;
INSERT INTO instructor (first_name, last_name, department_ID, salary) VALUES ("Leonid", "Ahmed", 100, 442755.44);;
INSERT INTO section (course_ID, semester, year, building_ID, time_slot_ID) VALUES (1, "Spring", 1709, 1, 1);;
INSERT INTO section (course_ID, semester, year, building_ID, time_slot_ID) VALUES (2, "Winter", 1979, 2, 2);;
INSERT INTO section (course_ID, semester, year, building_ID, time_slot_ID) VALUES (3, "Winter", 1820, 3, 3);;
INSERT INTO section (course_ID, semester, year, building_ID, time_slot_ID) VALUES (4, "Spring", 2001, 4, 4);;
INSERT INTO section (course_ID, semester, year, building_ID, time_slot_ID) VALUES (5, "Winter", 2003, 5, 5);;
INSERT INTO section (course_ID, semester, year, building_ID, time_slot_ID) VALUES (6, "Winter", 1759, 6, 6);;
INSERT INTO section (course_ID, semester, year, building_ID, time_slot_ID) VALUES (7, "Summer", 1776, 7, 7);;
INSERT INTO section (course_ID, semester, year, building_ID, time_slot_ID) VALUES (8, "Spring", 1808, 8, 8);;
INSERT INTO section (course_ID, semester, year, building_ID, time_slot_ID) VALUES (9, "Fall", 1810, 9, 9);;
INSERT INTO section (course_ID, semester, year, building_ID, time_slot_ID) VALUES (10, "Winter", 2052, 10, 10);;
INSERT INTO section (course_ID, semester, year, building_ID, time_slot_ID) VALUES (11, "Fall", 1734, 11, 11);;
INSERT INTO section (course_ID, semester, year, building_ID, time_slot_ID) VALUES (12, "Spring", 1940, 12, 12);;
INSERT INTO section (course_ID, semester, year, building_ID, time_slot_ID) VALUES (13, "Summer", 1785, 13, 13);;
INSERT INTO section (course_ID, semester, year, building_ID, time_slot_ID) VALUES (14, "Spring", 1739, 14, 14);;
INSERT INTO section (course_ID, semester, year, building_ID, time_slot_ID) VALUES (15, "Fall", 1945, 15, 15);;
INSERT INTO section (course_ID, semester, year, building_ID, time_slot_ID) VALUES (16, "Spring", 1878, 16, 16);;
INSERT INTO section (course_ID, semester, year, building_ID, time_slot_ID) VALUES (17, "Winter", 1794, 17, 17);;
INSERT INTO section (course_ID, semester, year, building_ID, time_slot_ID) VALUES (18, "Spring", 1756, 18, 18);;
INSERT INTO section (course_ID, semester, year, building_ID, time_slot_ID) VALUES (19, "Spring", 1924, 19, 19);;
INSERT INTO section (course_ID, semester, year, building_ID, time_slot_ID) VALUES (20, "Winter", 1821, 20, 20);;
INSERT INTO section (course_ID, semester, year, building_ID, time_slot_ID) VALUES (21, "Spring", 1850, 21, 21);;
INSERT INTO section (course_ID, semester, year, building_ID, time_slot_ID) VALUES (22, "Fall", 1783, 22, 22);;
INSERT INTO section (course_ID, semester, year, building_ID, time_slot_ID) VALUES (23, "Winter", 1917, 23, 23);;
INSERT INTO section (course_ID, semester, year, building_ID, time_slot_ID) VALUES (24, "Fall", 1829, 24, 24);;
INSERT INTO section (course_ID, semester, year, building_ID, time_slot_ID) VALUES (25, "Spring", 1761, 25, 25);;
INSERT INTO section (course_ID, semester, year, building_ID, time_slot_ID) VALUES (26, "Summer", 2011, 26, 26);;
INSERT INTO section (course_ID, semester, year, building_ID, time_slot_ID) VALUES (27, "Winter", 1980, 27, 27);;
INSERT INTO section (course_ID, semester, year, building_ID, time_slot_ID) VALUES (28, "Spring", 2077, 28, 28);;
INSERT INTO section (course_ID, semester, year, building_ID, time_slot_ID) VALUES (29, "Winter", 2036, 29, 29);;
INSERT INTO section (course_ID, semester, year, building_ID, time_slot_ID) VALUES (30, "Summer", 2092, 30, 30);;
INSERT INTO section (course_ID, semester, year, building_ID, time_slot_ID) VALUES (31, "Winter", 1973, 31, 31);;
INSERT INTO section (course_ID, semester, year, building_ID, time_slot_ID) VALUES (32, "Winter", 1785, 32, 32);;
INSERT INTO section (course_ID, semester, year, building_ID, time_slot_ID) VALUES (33, "Spring", 2045, 33, 33);;
INSERT INTO section (course_ID, semester, year, building_ID, time_slot_ID) VALUES (34, "Spring", 2062, 34, 34);;
INSERT INTO section (course_ID, semester, year, building_ID, time_slot_ID) VALUES (35, "Winter", 1730, 35, 35);;
INSERT INTO section (course_ID, semester, year, building_ID, time_slot_ID) VALUES (36, "Winter", 1722, 36, 36);;
INSERT INTO section (course_ID, semester, year, building_ID, time_slot_ID) VALUES (37, "Summer", 2060, 37, 37);;
INSERT INTO section (course_ID, semester, year, building_ID, time_slot_ID) VALUES (38, "Winter", 2075, 38, 38);;
INSERT INTO section (course_ID, semester, year, building_ID, time_slot_ID) VALUES (39, "Fall", 1986, 39, 39);;
INSERT INTO section (course_ID, semester, year, building_ID, time_slot_ID) VALUES (40, "Spring", 2080, 40, 40);;
INSERT INTO section (course_ID, semester, year, building_ID, time_slot_ID) VALUES (41, "Winter", 2099, 41, 41);;
INSERT INTO section (course_ID, semester, year, building_ID, time_slot_ID) VALUES (42, "Summer", 1807, 42, 42);;
INSERT INTO section (course_ID, semester, year, building_ID, time_slot_ID) VALUES (43, "Fall", 2009, 43, 43);;
INSERT INTO section (course_ID, semester, year, building_ID, time_slot_ID) VALUES (44, "Fall", 1915, 44, 44);;
INSERT INTO section (course_ID, semester, year, building_ID, time_slot_ID) VALUES (45, "Summer", 1847, 45, 45);;
INSERT INTO section (course_ID, semester, year, building_ID, time_slot_ID) VALUES (46, "Spring", 1992, 46, 46);;
INSERT INTO section (course_ID, semester, year, building_ID, time_slot_ID) VALUES (47, "Spring", 2008, 47, 47);;
INSERT INTO section (course_ID, semester, year, building_ID, time_slot_ID) VALUES (48, "Summer", 1828, 48, 48);;
INSERT INTO section (course_ID, semester, year, building_ID, time_slot_ID) VALUES (49, "Winter", 2042, 49, 49);;
INSERT INTO section (course_ID, semester, year, building_ID, time_slot_ID) VALUES (50, "Winter", 1767, 50, 50);;
INSERT INTO section (course_ID, semester, year, building_ID, time_slot_ID) VALUES (51, "Winter", 1793, 51, 51);;
INSERT INTO section (course_ID, semester, year, building_ID, time_slot_ID) VALUES (52, "Winter", 1896, 52, 52);;
INSERT INTO section (course_ID, semester, year, building_ID, time_slot_ID) VALUES (53, "Summer", 1850, 53, 53);;
INSERT INTO section (course_ID, semester, year, building_ID, time_slot_ID) VALUES (54, "Spring", 1701, 54, 54);;
INSERT INTO section (course_ID, semester, year, building_ID, time_slot_ID) VALUES (55, "Fall", 1857, 55, 55);;
INSERT INTO section (course_ID, semester, year, building_ID, time_slot_ID) VALUES (56, "Fall", 1954, 56, 56);;
INSERT INTO section (course_ID, semester, year, building_ID, time_slot_ID) VALUES (57, "Spring", 1809, 57, 57);;
INSERT INTO section (course_ID, semester, year, building_ID, time_slot_ID) VALUES (58, "Fall", 1715, 58, 58);;
INSERT INTO section (course_ID, semester, year, building_ID, time_slot_ID) VALUES (59, "Winter", 1956, 59, 59);;
INSERT INTO section (course_ID, semester, year, building_ID, time_slot_ID) VALUES (60, "Spring", 1745, 60, 60);;
INSERT INTO section (course_ID, semester, year, building_ID, time_slot_ID) VALUES (61, "Winter", 1922, 61, 61);;
INSERT INTO section (course_ID, semester, year, building_ID, time_slot_ID) VALUES (62, "Fall", 1965, 62, 62);;
INSERT INTO section (course_ID, semester, year, building_ID, time_slot_ID) VALUES (63, "Winter", 1786, 63, 63);;
INSERT INTO section (course_ID, semester, year, building_ID, time_slot_ID) VALUES (64, "Spring", 1990, 64, 64);;
INSERT INTO section (course_ID, semester, year, building_ID, time_slot_ID) VALUES (65, "Spring", 1780, 65, 65);;
INSERT INTO section (course_ID, semester, year, building_ID, time_slot_ID) VALUES (66, "Fall", 2055, 66, 66);;
INSERT INTO section (course_ID, semester, year, building_ID, time_slot_ID) VALUES (67, "Fall", 1871, 67, 67);;
INSERT INTO section (course_ID, semester, year, building_ID, time_slot_ID) VALUES (68, "Spring", 1751, 68, 68);;
INSERT INTO section (course_ID, semester, year, building_ID, time_slot_ID) VALUES (69, "Spring", 1813, 69, 69);;
INSERT INTO section (course_ID, semester, year, building_ID, time_slot_ID) VALUES (70, "Spring", 1828, 70, 70);;
INSERT INTO section (course_ID, semester, year, building_ID, time_slot_ID) VALUES (71, "Spring", 1746, 71, 71);;
INSERT INTO section (course_ID, semester, year, building_ID, time_slot_ID) VALUES (72, "Spring", 1762, 72, 72);;
INSERT INTO section (course_ID, semester, year, building_ID, time_slot_ID) VALUES (73, "Winter", 1822, 73, 73);;
INSERT INTO section (course_ID, semester, year, building_ID, time_slot_ID) VALUES (74, "Spring", 1895, 74, 74);;
INSERT INTO section (course_ID, semester, year, building_ID, time_slot_ID) VALUES (75, "Winter", 1809, 75, 75);;
INSERT INTO section (course_ID, semester, year, building_ID, time_slot_ID) VALUES (76, "Winter", 2098, 76, 76);;
INSERT INTO section (course_ID, semester, year, building_ID, time_slot_ID) VALUES (77, "Summer", 1730, 77, 77);;
INSERT INTO section (course_ID, semester, year, building_ID, time_slot_ID) VALUES (78, "Fall", 1719, 78, 78);;
INSERT INTO section (course_ID, semester, year, building_ID, time_slot_ID) VALUES (79, "Summer", 2079, 79, 79);;
INSERT INTO section (course_ID, semester, year, building_ID, time_slot_ID) VALUES (80, "Spring", 2007, 80, 80);;
INSERT INTO section (course_ID, semester, year, building_ID, time_slot_ID) VALUES (81, "Winter", 1972, 81, 81);;
INSERT INTO section (course_ID, semester, year, building_ID, time_slot_ID) VALUES (82, "Winter", 1911, 82, 82);;
INSERT INTO section (course_ID, semester, year, building_ID, time_slot_ID) VALUES (83, "Winter", 2047, 83, 83);;
INSERT INTO section (course_ID, semester, year, building_ID, time_slot_ID) VALUES (84, "Winter", 1788, 84, 84);;
INSERT INTO section (course_ID, semester, year, building_ID, time_slot_ID) VALUES (85, "Spring", 2091, 85, 85);;
INSERT INTO section (course_ID, semester, year, building_ID, time_slot_ID) VALUES (86, "Spring", 1806, 86, 86);;
INSERT INTO section (course_ID, semester, year, building_ID, time_slot_ID) VALUES (87, "Winter", 2024, 87, 87);;
INSERT INTO section (course_ID, semester, year, building_ID, time_slot_ID) VALUES (88, "Summer", 1965, 88, 88);;
INSERT INTO section (course_ID, semester, year, building_ID, time_slot_ID) VALUES (89, "Summer", 2048, 89, 89);;
INSERT INTO section (course_ID, semester, year, building_ID, time_slot_ID) VALUES (90, "Summer", 2051, 90, 90);;
INSERT INTO section (course_ID, semester, year, building_ID, time_slot_ID) VALUES (91, "Spring", 1907, 91, 91);;
INSERT INTO section (course_ID, semester, year, building_ID, time_slot_ID) VALUES (92, "Spring", 1860, 92, 92);;
INSERT INTO section (course_ID, semester, year, building_ID, time_slot_ID) VALUES (93, "Summer", 1856, 93, 93);;
INSERT INTO section (course_ID, semester, year, building_ID, time_slot_ID) VALUES (94, "Fall", 1994, 94, 94);;
INSERT INTO section (course_ID, semester, year, building_ID, time_slot_ID) VALUES (95, "Fall", 1727, 95, 95);;
INSERT INTO section (course_ID, semester, year, building_ID, time_slot_ID) VALUES (96, "Spring", 1717, 96, 96);;
INSERT INTO section (course_ID, semester, year, building_ID, time_slot_ID) VALUES (97, "Spring", 2005, 97, 97);;
INSERT INTO section (course_ID, semester, year, building_ID, time_slot_ID) VALUES (98, "Spring", 1969, 98, 98);;
INSERT INTO section (course_ID, semester, year, building_ID, time_slot_ID) VALUES (99, "Summer", 1814, 99, 99);;
INSERT INTO section (course_ID, semester, year, building_ID, time_slot_ID) VALUES (100, "Winter", 1781, 100, 100);;
INSERT INTO student (first_name, last_name, department_ID, total_cred, advisor_ID) VALUES ("Gabriel", "Bailey", 1, 88, 1);;
INSERT INTO student (first_name, last_name, department_ID, total_cred, advisor_ID) VALUES ("Harper", "Allen", 2, 164, 2);;
INSERT INTO student (first_name, last_name, department_ID, total_cred, advisor_ID) VALUES ("Penelope", "Gonzalez", 3, 157, 3);;
INSERT INTO student (first_name, last_name, department_ID, total_cred, advisor_ID) VALUES ("Zoey", "Hughes", 4, 25, 4);;
INSERT INTO student (first_name, last_name, department_ID, total_cred, advisor_ID) VALUES ("Victoria", "Watson", 5, 18, 5);;
INSERT INTO student (first_name, last_name, department_ID, total_cred, advisor_ID) VALUES ("Savannah", "Alvarez", 6, 53, 6);;
INSERT INTO student (first_name, last_name, department_ID, total_cred, advisor_ID) VALUES ("Mateo", "Jackson", 7, 156, 7);;
INSERT INTO student (first_name, last_name, department_ID, total_cred, advisor_ID) VALUES ("Grace", "Green", 8, 143, 8);;
INSERT INTO student (first_name, last_name, department_ID, total_cred, advisor_ID) VALUES ("Sofia", "Morgan", 9, 65, 9);;
INSERT INTO student (first_name, last_name, department_ID, total_cred, advisor_ID) VALUES ("Anthony", "Wright", 10, 134, 10);;
INSERT INTO student (first_name, last_name, department_ID, total_cred, advisor_ID) VALUES ("Olivia", "Murphy", 11, 13, 11);;
INSERT INTO student (first_name, last_name, department_ID, total_cred, advisor_ID) VALUES ("Olivia", "Hernandez", 12, 79, 12);;
INSERT INTO student (first_name, last_name, department_ID, total_cred, advisor_ID) VALUES ("Oliver", "Clark", 13, 12, 13);;
INSERT INTO student (first_name, last_name, department_ID, total_cred, advisor_ID) VALUES ("Christopher", "Reyes", 14, 202, 14);;
INSERT INTO student (first_name, last_name, department_ID, total_cred, advisor_ID) VALUES ("Lincoln", "White", 15, 125, 15);;
INSERT INTO student (first_name, last_name, department_ID, total_cred, advisor_ID) VALUES ("Daniel", "Rogers", 16, 146, 16);;
INSERT INTO student (first_name, last_name, department_ID, total_cred, advisor_ID) VALUES ("Elijah", "Edwards", 17, 167, 17);;
INSERT INTO student (first_name, last_name, department_ID, total_cred, advisor_ID) VALUES ("Evelyn", "Williams", 18, 233, 18);;
INSERT INTO student (first_name, last_name, department_ID, total_cred, advisor_ID) VALUES ("Savannah", "Mitchell", 19, 169, 19);;
INSERT INTO student (first_name, last_name, department_ID, total_cred, advisor_ID) VALUES ("Mateo", "Mendoza", 20, 128, 20);;
INSERT INTO student (first_name, last_name, department_ID, total_cred, advisor_ID) VALUES ("Brooklyn", "Ramirez", 21, 92, 21);;
INSERT INTO student (first_name, last_name, department_ID, total_cred, advisor_ID) VALUES ("Owen", "Wilson", 22, 104, 22);;
INSERT INTO student (first_name, last_name, department_ID, total_cred, advisor_ID) VALUES ("Bella", "Gonzalez", 23, 132, 23);;
INSERT INTO student (first_name, last_name, department_ID, total_cred, advisor_ID) VALUES ("Luke", "Stewart", 24, 78, 24);;
INSERT INTO student (first_name, last_name, department_ID, total_cred, advisor_ID) VALUES ("Addison", "Thompson", 25, 148, 25);;
INSERT INTO student (first_name, last_name, department_ID, total_cred, advisor_ID) VALUES ("Jack", "Diaz", 26, 16, 26);;
INSERT INTO student (first_name, last_name, department_ID, total_cred, advisor_ID) VALUES ("Andrew", "Mendoza", 27, 138, 27);;
INSERT INTO student (first_name, last_name, department_ID, total_cred, advisor_ID) VALUES ("Jayden", "Mendoza", 28, 163, 28);;
INSERT INTO student (first_name, last_name, department_ID, total_cred, advisor_ID) VALUES ("Andrew", "Myers", 29, 15, 29);;
INSERT INTO student (first_name, last_name, department_ID, total_cred, advisor_ID) VALUES ("Chloe", "Martinez", 30, 233, 30);;
INSERT INTO student (first_name, last_name, department_ID, total_cred, advisor_ID) VALUES ("David", "Martinez", 31, 0, 31);;
INSERT INTO student (first_name, last_name, department_ID, total_cred, advisor_ID) VALUES ("Daniel", "Flores", 32, 55, 32);;
INSERT INTO student (first_name, last_name, department_ID, total_cred, advisor_ID) VALUES ("Violet", "Stanberry", 33, 155, 33);;
INSERT INTO student (first_name, last_name, department_ID, total_cred, advisor_ID) VALUES ("Michael", "Carter", 34, 93, 34);;
INSERT INTO student (first_name, last_name, department_ID, total_cred, advisor_ID) VALUES ("Aaron", "Gonzalez", 35, 84, 35);;
INSERT INTO student (first_name, last_name, department_ID, total_cred, advisor_ID) VALUES ("Daniel", "White", 36, 66, 36);;
INSERT INTO student (first_name, last_name, department_ID, total_cred, advisor_ID) VALUES ("Ava", "Gray", 37, 62, 37);;
INSERT INTO student (first_name, last_name, department_ID, total_cred, advisor_ID) VALUES ("Samuel", "Reyes", 38, 177, 38);;
INSERT INTO student (first_name, last_name, department_ID, total_cred, advisor_ID) VALUES ("Mason", "Wood", 39, 3, 39);;
INSERT INTO student (first_name, last_name, department_ID, total_cred, advisor_ID) VALUES ("Jackson", "Torres", 40, 151, 40);;
INSERT INTO student (first_name, last_name, department_ID, total_cred, advisor_ID) VALUES ("Harper", "Hughes", 41, 102, 41);;
INSERT INTO student (first_name, last_name, department_ID, total_cred, advisor_ID) VALUES ("Emma", "Morales", 42, 137, 42);;
INSERT INTO student (first_name, last_name, department_ID, total_cred, advisor_ID) VALUES ("Andrew", "Thompson", 43, 217, 43);;
INSERT INTO student (first_name, last_name, department_ID, total_cred, advisor_ID) VALUES ("Layla", "Brooks", 44, 142, 44);;
INSERT INTO student (first_name, last_name, department_ID, total_cred, advisor_ID) VALUES ("Oliver", "Senol", 45, 101, 45);;
INSERT INTO student (first_name, last_name, department_ID, total_cred, advisor_ID) VALUES ("Ethan", "Sanchez", 46, 56, 46);;
INSERT INTO student (first_name, last_name, department_ID, total_cred, advisor_ID) VALUES ("Michael", "Kim", 47, 228, 47);;
INSERT INTO student (first_name, last_name, department_ID, total_cred, advisor_ID) VALUES ("Michael", "Alvarez", 48, 136, 48);;
INSERT INTO student (first_name, last_name, department_ID, total_cred, advisor_ID) VALUES ("Wyatt", "Cruz", 49, 45, 49);;
INSERT INTO student (first_name, last_name, department_ID, total_cred, advisor_ID) VALUES ("Elijah", "Scott", 50, 234, 50);;
INSERT INTO student (first_name, last_name, department_ID, total_cred, advisor_ID) VALUES ("Christopher", "Morris", 51, 231, 51);;
INSERT INTO student (first_name, last_name, department_ID, total_cred, advisor_ID) VALUES ("Logan", "Morales", 52, 71, 52);;
INSERT INTO student (first_name, last_name, department_ID, total_cred, advisor_ID) VALUES ("Stella", "White", 53, 162, 53);;
INSERT INTO student (first_name, last_name, department_ID, total_cred, advisor_ID) VALUES ("Layla", "Reyes", 54, 137, 54);;
INSERT INTO student (first_name, last_name, department_ID, total_cred, advisor_ID) VALUES ("Connor", "Long", 55, 28, 55);;
INSERT INTO student (first_name, last_name, department_ID, total_cred, advisor_ID) VALUES ("Sebastian", "Thomas", 56, 143, 56);;
INSERT INTO student (first_name, last_name, department_ID, total_cred, advisor_ID) VALUES ("Riley", "Williams", 57, 182, 57);;
INSERT INTO student (first_name, last_name, department_ID, total_cred, advisor_ID) VALUES ("John", "Ramos", 58, 17, 58);;
INSERT INTO student (first_name, last_name, department_ID, total_cred, advisor_ID) VALUES ("Connor", "Wilson", 59, 61, 59);;
INSERT INTO student (first_name, last_name, department_ID, total_cred, advisor_ID) VALUES ("Oliver", "Ramirez", 60, 32, 60);;
INSERT INTO student (first_name, last_name, department_ID, total_cred, advisor_ID) VALUES ("Hazel", "Allen", 61, 99, 61);;
INSERT INTO student (first_name, last_name, department_ID, total_cred, advisor_ID) VALUES ("Andrew", "Cox", 62, 28, 62);;
INSERT INTO student (first_name, last_name, department_ID, total_cred, advisor_ID) VALUES ("Benjamin", "Myers", 63, 10, 63);;
INSERT INTO student (first_name, last_name, department_ID, total_cred, advisor_ID) VALUES ("Noah", "Patel", 64, 148, 64);;
INSERT INTO student (first_name, last_name, department_ID, total_cred, advisor_ID) VALUES ("Lillian", "Hill", 65, 45, 65);;
INSERT INTO student (first_name, last_name, department_ID, total_cred, advisor_ID) VALUES ("Riley", "Torres", 66, 75, 66);;
INSERT INTO student (first_name, last_name, department_ID, total_cred, advisor_ID) VALUES ("Amelia", "Garcia", 67, 232, 67);;
INSERT INTO student (first_name, last_name, department_ID, total_cred, advisor_ID) VALUES ("Wyatt", "Lopez", 68, 41, 68);;
INSERT INTO student (first_name, last_name, department_ID, total_cred, advisor_ID) VALUES ("Noah", "Garcia", 69, 198, 69);;
INSERT INTO student (first_name, last_name, department_ID, total_cred, advisor_ID) VALUES ("Logan", "Ortiz", 70, 24, 70);;
INSERT INTO student (first_name, last_name, department_ID, total_cred, advisor_ID) VALUES ("Stella", "Chavez", 71, 21, 71);;
INSERT INTO student (first_name, last_name, department_ID, total_cred, advisor_ID) VALUES ("Evelyn", "Roberts", 72, 236, 72);;
INSERT INTO student (first_name, last_name, department_ID, total_cred, advisor_ID) VALUES ("Audrey", "Ramos", 73, 230, 73);;
INSERT INTO student (first_name, last_name, department_ID, total_cred, advisor_ID) VALUES ("Victoria", "Gonzalez", 74, 82, 74);;
INSERT INTO student (first_name, last_name, department_ID, total_cred, advisor_ID) VALUES ("Benjamin", "Miller", 75, 89, 75);;
INSERT INTO student (first_name, last_name, department_ID, total_cred, advisor_ID) VALUES ("Liam", "Hill", 76, 123, 76);;
INSERT INTO student (first_name, last_name, department_ID, total_cred, advisor_ID) VALUES ("Victoria", "Carter", 77, 162, 77);;
INSERT INTO student (first_name, last_name, department_ID, total_cred, advisor_ID) VALUES ("Zoe", "Williams", 78, 24, 78);;
INSERT INTO student (first_name, last_name, department_ID, total_cred, advisor_ID) VALUES ("Emma", "Green", 79, 229, 79);;
INSERT INTO student (first_name, last_name, department_ID, total_cred, advisor_ID) VALUES ("Charlotte", "Ramos", 80, 104, 80);;
INSERT INTO student (first_name, last_name, department_ID, total_cred, advisor_ID) VALUES ("Charlotte", "Ruiz", 81, 228, 81);;
INSERT INTO student (first_name, last_name, department_ID, total_cred, advisor_ID) VALUES ("Jacob", "Martin", 82, 149, 82);;
INSERT INTO student (first_name, last_name, department_ID, total_cred, advisor_ID) VALUES ("Harper", "Morales", 83, 67, 83);;
INSERT INTO student (first_name, last_name, department_ID, total_cred, advisor_ID) VALUES ("Lincoln", "Hall", 84, 175, 84);;
INSERT INTO student (first_name, last_name, department_ID, total_cred, advisor_ID) VALUES ("Stella", "Mendoza", 85, 89, 85);;
INSERT INTO student (first_name, last_name, department_ID, total_cred, advisor_ID) VALUES ("Harper", "Watson", 86, 218, 86);;
INSERT INTO student (first_name, last_name, department_ID, total_cred, advisor_ID) VALUES ("Elizabeth", "Baker", 87, 40, 87);;
INSERT INTO student (first_name, last_name, department_ID, total_cred, advisor_ID) VALUES ("Lucas", "Garcia", 88, 40, 88);;
INSERT INTO student (first_name, last_name, department_ID, total_cred, advisor_ID) VALUES ("Julian", "Lopez", 89, 35, 89);;
INSERT INTO student (first_name, last_name, department_ID, total_cred, advisor_ID) VALUES ("Eli", "Ruiz", 90, 181, 90);;
INSERT INTO student (first_name, last_name, department_ID, total_cred, advisor_ID) VALUES ("Ezra", "Bennett", 91, 178, 91);;
INSERT INTO student (first_name, last_name, department_ID, total_cred, advisor_ID) VALUES ("Layla", "Campbell", 92, 205, 92);;
INSERT INTO student (first_name, last_name, department_ID, total_cred, advisor_ID) VALUES ("Natalie", "Morales", 93, 194, 93);;
INSERT INTO student (first_name, last_name, department_ID, total_cred, advisor_ID) VALUES ("Lillian", "Senol", 94, 199, 94);;
INSERT INTO student (first_name, last_name, department_ID, total_cred, advisor_ID) VALUES ("Ellie", "Gomez", 95, 156, 95);;
INSERT INTO student (first_name, last_name, department_ID, total_cred, advisor_ID) VALUES ("Theodore", "Hill", 96, 18, 96);;
INSERT INTO student (first_name, last_name, department_ID, total_cred, advisor_ID) VALUES ("Michael", "Ruiz", 97, 17, 97);;
INSERT INTO student (first_name, last_name, department_ID, total_cred, advisor_ID) VALUES ("Elijah", "Thomas", 98, 116, 98);;
INSERT INTO student (first_name, last_name, department_ID, total_cred, advisor_ID) VALUES ("Aurora", "Perez", 99, 132, 99);;
INSERT INTO student (first_name, last_name, department_ID, total_cred, advisor_ID) VALUES ("Mason", "Cox", 100, 93, 100);;
INSERT INTO teaches (instructor_ID, section_ID) VALUES (1, 1);;
INSERT INTO teaches (instructor_ID, section_ID) VALUES (2, 2);;
INSERT INTO teaches (instructor_ID, section_ID) VALUES (3, 3);;
INSERT INTO teaches (instructor_ID, section_ID) VALUES (4, 4);;
INSERT INTO teaches (instructor_ID, section_ID) VALUES (5, 5);;
INSERT INTO teaches (instructor_ID, section_ID) VALUES (6, 6);;
INSERT INTO teaches (instructor_ID, section_ID) VALUES (7, 7);;
INSERT INTO teaches (instructor_ID, section_ID) VALUES (8, 8);;
INSERT INTO teaches (instructor_ID, section_ID) VALUES (9, 9);;
INSERT INTO teaches (instructor_ID, section_ID) VALUES (10, 10);;
INSERT INTO teaches (instructor_ID, section_ID) VALUES (11, 11);;
INSERT INTO teaches (instructor_ID, section_ID) VALUES (12, 12);;
INSERT INTO teaches (instructor_ID, section_ID) VALUES (13, 13);;
INSERT INTO teaches (instructor_ID, section_ID) VALUES (14, 14);;
INSERT INTO teaches (instructor_ID, section_ID) VALUES (15, 15);;
INSERT INTO teaches (instructor_ID, section_ID) VALUES (16, 16);;
INSERT INTO teaches (instructor_ID, section_ID) VALUES (17, 17);;
INSERT INTO teaches (instructor_ID, section_ID) VALUES (18, 18);;
INSERT INTO teaches (instructor_ID, section_ID) VALUES (19, 19);;
INSERT INTO teaches (instructor_ID, section_ID) VALUES (20, 20);;
INSERT INTO teaches (instructor_ID, section_ID) VALUES (21, 21);;
INSERT INTO teaches (instructor_ID, section_ID) VALUES (22, 22);;
INSERT INTO teaches (instructor_ID, section_ID) VALUES (23, 23);;
INSERT INTO teaches (instructor_ID, section_ID) VALUES (24, 24);;
INSERT INTO teaches (instructor_ID, section_ID) VALUES (25, 25);;
INSERT INTO teaches (instructor_ID, section_ID) VALUES (26, 26);;
INSERT INTO teaches (instructor_ID, section_ID) VALUES (27, 27);;
INSERT INTO teaches (instructor_ID, section_ID) VALUES (28, 28);;
INSERT INTO teaches (instructor_ID, section_ID) VALUES (29, 29);;
INSERT INTO teaches (instructor_ID, section_ID) VALUES (30, 30);;
INSERT INTO teaches (instructor_ID, section_ID) VALUES (31, 31);;
INSERT INTO teaches (instructor_ID, section_ID) VALUES (32, 32);;
INSERT INTO teaches (instructor_ID, section_ID) VALUES (33, 33);;
INSERT INTO teaches (instructor_ID, section_ID) VALUES (34, 34);;
INSERT INTO teaches (instructor_ID, section_ID) VALUES (35, 35);;
INSERT INTO teaches (instructor_ID, section_ID) VALUES (36, 36);;
INSERT INTO teaches (instructor_ID, section_ID) VALUES (37, 37);;
INSERT INTO teaches (instructor_ID, section_ID) VALUES (38, 38);;
INSERT INTO teaches (instructor_ID, section_ID) VALUES (39, 39);;
INSERT INTO teaches (instructor_ID, section_ID) VALUES (40, 40);;
INSERT INTO teaches (instructor_ID, section_ID) VALUES (41, 41);;
INSERT INTO teaches (instructor_ID, section_ID) VALUES (42, 42);;
INSERT INTO teaches (instructor_ID, section_ID) VALUES (43, 43);;
INSERT INTO teaches (instructor_ID, section_ID) VALUES (44, 44);;
INSERT INTO teaches (instructor_ID, section_ID) VALUES (45, 45);;
INSERT INTO teaches (instructor_ID, section_ID) VALUES (46, 46);;
INSERT INTO teaches (instructor_ID, section_ID) VALUES (47, 47);;
INSERT INTO teaches (instructor_ID, section_ID) VALUES (48, 48);;
INSERT INTO teaches (instructor_ID, section_ID) VALUES (49, 49);;
INSERT INTO teaches (instructor_ID, section_ID) VALUES (50, 50);;
INSERT INTO teaches (instructor_ID, section_ID) VALUES (51, 51);;
INSERT INTO teaches (instructor_ID, section_ID) VALUES (52, 52);;
INSERT INTO teaches (instructor_ID, section_ID) VALUES (53, 53);;
INSERT INTO teaches (instructor_ID, section_ID) VALUES (54, 54);;
INSERT INTO teaches (instructor_ID, section_ID) VALUES (55, 55);;
INSERT INTO teaches (instructor_ID, section_ID) VALUES (56, 56);;
INSERT INTO teaches (instructor_ID, section_ID) VALUES (57, 57);;
INSERT INTO teaches (instructor_ID, section_ID) VALUES (58, 58);;
INSERT INTO teaches (instructor_ID, section_ID) VALUES (59, 59);;
INSERT INTO teaches (instructor_ID, section_ID) VALUES (60, 60);;
INSERT INTO teaches (instructor_ID, section_ID) VALUES (61, 61);;
INSERT INTO teaches (instructor_ID, section_ID) VALUES (62, 62);;
INSERT INTO teaches (instructor_ID, section_ID) VALUES (63, 63);;
INSERT INTO teaches (instructor_ID, section_ID) VALUES (64, 64);;
INSERT INTO teaches (instructor_ID, section_ID) VALUES (65, 65);;
INSERT INTO teaches (instructor_ID, section_ID) VALUES (66, 66);;
INSERT INTO teaches (instructor_ID, section_ID) VALUES (67, 67);;
INSERT INTO teaches (instructor_ID, section_ID) VALUES (68, 68);;
INSERT INTO teaches (instructor_ID, section_ID) VALUES (69, 69);;
INSERT INTO teaches (instructor_ID, section_ID) VALUES (70, 70);;
INSERT INTO teaches (instructor_ID, section_ID) VALUES (71, 71);;
INSERT INTO teaches (instructor_ID, section_ID) VALUES (72, 72);;
INSERT INTO teaches (instructor_ID, section_ID) VALUES (73, 73);;
INSERT INTO teaches (instructor_ID, section_ID) VALUES (74, 74);;
INSERT INTO teaches (instructor_ID, section_ID) VALUES (75, 75);;
INSERT INTO teaches (instructor_ID, section_ID) VALUES (76, 76);;
INSERT INTO teaches (instructor_ID, section_ID) VALUES (77, 77);;
INSERT INTO teaches (instructor_ID, section_ID) VALUES (78, 78);;
INSERT INTO teaches (instructor_ID, section_ID) VALUES (79, 79);;
INSERT INTO teaches (instructor_ID, section_ID) VALUES (80, 80);;
INSERT INTO teaches (instructor_ID, section_ID) VALUES (81, 81);;
INSERT INTO teaches (instructor_ID, section_ID) VALUES (82, 82);;
INSERT INTO teaches (instructor_ID, section_ID) VALUES (83, 83);;
INSERT INTO teaches (instructor_ID, section_ID) VALUES (84, 84);;
INSERT INTO teaches (instructor_ID, section_ID) VALUES (85, 85);;
INSERT INTO teaches (instructor_ID, section_ID) VALUES (86, 86);;
INSERT INTO teaches (instructor_ID, section_ID) VALUES (87, 87);;
INSERT INTO teaches (instructor_ID, section_ID) VALUES (88, 88);;
INSERT INTO teaches (instructor_ID, section_ID) VALUES (89, 89);;
INSERT INTO teaches (instructor_ID, section_ID) VALUES (90, 90);;
INSERT INTO teaches (instructor_ID, section_ID) VALUES (91, 91);;
INSERT INTO teaches (instructor_ID, section_ID) VALUES (92, 92);;
INSERT INTO teaches (instructor_ID, section_ID) VALUES (93, 93);;
INSERT INTO teaches (instructor_ID, section_ID) VALUES (94, 94);;
INSERT INTO teaches (instructor_ID, section_ID) VALUES (95, 95);;
INSERT INTO teaches (instructor_ID, section_ID) VALUES (96, 96);;
INSERT INTO teaches (instructor_ID, section_ID) VALUES (97, 97);;
INSERT INTO teaches (instructor_ID, section_ID) VALUES (98, 98);;
INSERT INTO teaches (instructor_ID, section_ID) VALUES (99, 99);;
INSERT INTO teaches (instructor_ID, section_ID) VALUES (100, 100);;
INSERT INTO takes (student_ID, section_ID, grades) VALUES (1, 1, "D-");;
INSERT INTO takes (student_ID, section_ID, grades) VALUES (2, 2, "A+");;
INSERT INTO takes (student_ID, section_ID, grades) VALUES (3, 3, "A-");;
INSERT INTO takes (student_ID, section_ID, grades) VALUES (4, 4, "D+");;
INSERT INTO takes (student_ID, section_ID, grades) VALUES (5, 5, "A+");;
INSERT INTO takes (student_ID, section_ID, grades) VALUES (6, 6, "A");;
INSERT INTO takes (student_ID, section_ID, grades) VALUES (7, 7, "B-");;
INSERT INTO takes (student_ID, section_ID, grades) VALUES (8, 8, "D-");;
INSERT INTO takes (student_ID, section_ID, grades) VALUES (9, 9, "B+");;
INSERT INTO takes (student_ID, section_ID, grades) VALUES (10, 10, "D-");;
INSERT INTO takes (student_ID, section_ID, grades) VALUES (11, 11, "D+");;
INSERT INTO takes (student_ID, section_ID, grades) VALUES (12, 12, "B");;
INSERT INTO takes (student_ID, section_ID, grades) VALUES (13, 13, "A+");;
INSERT INTO takes (student_ID, section_ID, grades) VALUES (14, 14, "C+");;
INSERT INTO takes (student_ID, section_ID, grades) VALUES (15, 15, "D+");;
INSERT INTO takes (student_ID, section_ID, grades) VALUES (16, 16, "A+");;
INSERT INTO takes (student_ID, section_ID, grades) VALUES (17, 17, "A-");;
INSERT INTO takes (student_ID, section_ID, grades) VALUES (18, 18, "A+");;
INSERT INTO takes (student_ID, section_ID, grades) VALUES (19, 19, "C");;
INSERT INTO takes (student_ID, section_ID, grades) VALUES (20, 20, "B-");;
INSERT INTO takes (student_ID, section_ID, grades) VALUES (21, 21, "D");;
INSERT INTO takes (student_ID, section_ID, grades) VALUES (22, 22, "D-");;
INSERT INTO takes (student_ID, section_ID, grades) VALUES (23, 23, "B-");;
INSERT INTO takes (student_ID, section_ID, grades) VALUES (24, 24, "D");;
INSERT INTO takes (student_ID, section_ID, grades) VALUES (25, 25, "A");;
INSERT INTO takes (student_ID, section_ID, grades) VALUES (26, 26, "F");;
INSERT INTO takes (student_ID, section_ID, grades) VALUES (27, 27, "D-");;
INSERT INTO takes (student_ID, section_ID, grades) VALUES (28, 28, "D+");;
INSERT INTO takes (student_ID, section_ID, grades) VALUES (29, 29, "B-");;
INSERT INTO takes (student_ID, section_ID, grades) VALUES (30, 30, "D+");;
INSERT INTO takes (student_ID, section_ID, grades) VALUES (31, 31, "C");;
INSERT INTO takes (student_ID, section_ID, grades) VALUES (32, 32, "B");;
INSERT INTO takes (student_ID, section_ID, grades) VALUES (33, 33, "B");;
INSERT INTO takes (student_ID, section_ID, grades) VALUES (34, 34, "A-");;
INSERT INTO takes (student_ID, section_ID, grades) VALUES (35, 35, "B-");;
INSERT INTO takes (student_ID, section_ID, grades) VALUES (36, 36, "C");;
INSERT INTO takes (student_ID, section_ID, grades) VALUES (37, 37, "D-");;
INSERT INTO takes (student_ID, section_ID, grades) VALUES (38, 38, "F");;
INSERT INTO takes (student_ID, section_ID, grades) VALUES (39, 39, "F");;
INSERT INTO takes (student_ID, section_ID, grades) VALUES (40, 40, "F");;
INSERT INTO takes (student_ID, section_ID, grades) VALUES (41, 41, "A");;
INSERT INTO takes (student_ID, section_ID, grades) VALUES (42, 42, "F");;
INSERT INTO takes (student_ID, section_ID, grades) VALUES (43, 43, "C+");;
INSERT INTO takes (student_ID, section_ID, grades) VALUES (44, 44, "C+");;
INSERT INTO takes (student_ID, section_ID, grades) VALUES (45, 45, "B+");;
INSERT INTO takes (student_ID, section_ID, grades) VALUES (46, 46, "D");;
INSERT INTO takes (student_ID, section_ID, grades) VALUES (47, 47, "D");;
INSERT INTO takes (student_ID, section_ID, grades) VALUES (48, 48, "D-");;
INSERT INTO takes (student_ID, section_ID, grades) VALUES (49, 49, "A");;
INSERT INTO takes (student_ID, section_ID, grades) VALUES (50, 50, "D");;
INSERT INTO takes (student_ID, section_ID, grades) VALUES (51, 51, "A-");;
INSERT INTO takes (student_ID, section_ID, grades) VALUES (52, 52, "B+");;
INSERT INTO takes (student_ID, section_ID, grades) VALUES (53, 53, "A");;
INSERT INTO takes (student_ID, section_ID, grades) VALUES (54, 54, "F");;
INSERT INTO takes (student_ID, section_ID, grades) VALUES (55, 55, "C+");;
INSERT INTO takes (student_ID, section_ID, grades) VALUES (56, 56, "A+");;
INSERT INTO takes (student_ID, section_ID, grades) VALUES (57, 57, "C+");;
INSERT INTO takes (student_ID, section_ID, grades) VALUES (58, 58, "A+");;
INSERT INTO takes (student_ID, section_ID, grades) VALUES (59, 59, "B+");;
INSERT INTO takes (student_ID, section_ID, grades) VALUES (60, 60, "C");;
INSERT INTO takes (student_ID, section_ID, grades) VALUES (61, 61, "D+");;
INSERT INTO takes (student_ID, section_ID, grades) VALUES (62, 62, "A");;
INSERT INTO takes (student_ID, section_ID, grades) VALUES (63, 63, "A-");;
INSERT INTO takes (student_ID, section_ID, grades) VALUES (64, 64, "D");;
INSERT INTO takes (student_ID, section_ID, grades) VALUES (65, 65, "F");;
INSERT INTO takes (student_ID, section_ID, grades) VALUES (66, 66, "A-");;
INSERT INTO takes (student_ID, section_ID, grades) VALUES (67, 67, "D");;
INSERT INTO takes (student_ID, section_ID, grades) VALUES (68, 68, "C-");;
INSERT INTO takes (student_ID, section_ID, grades) VALUES (69, 69, "F");;
INSERT INTO takes (student_ID, section_ID, grades) VALUES (70, 70, "B");;
INSERT INTO takes (student_ID, section_ID, grades) VALUES (71, 71, "A");;
INSERT INTO takes (student_ID, section_ID, grades) VALUES (72, 72, "A-");;
INSERT INTO takes (student_ID, section_ID, grades) VALUES (73, 73, "F");;
INSERT INTO takes (student_ID, section_ID, grades) VALUES (74, 74, "C+");;
INSERT INTO takes (student_ID, section_ID, grades) VALUES (75, 75, "B+");;
INSERT INTO takes (student_ID, section_ID, grades) VALUES (76, 76, "C");;
INSERT INTO takes (student_ID, section_ID, grades) VALUES (77, 77, "D-");;
INSERT INTO takes (student_ID, section_ID, grades) VALUES (78, 78, "B+");;
INSERT INTO takes (student_ID, section_ID, grades) VALUES (79, 79, "B+");;
INSERT INTO takes (student_ID, section_ID, grades) VALUES (80, 80, "D");;
INSERT INTO takes (student_ID, section_ID, grades) VALUES (81, 81, "A+");;
INSERT INTO takes (student_ID, section_ID, grades) VALUES (82, 82, "B+");;
INSERT INTO takes (student_ID, section_ID, grades) VALUES (83, 83, "B-");;
INSERT INTO takes (student_ID, section_ID, grades) VALUES (84, 84, "B+");;
INSERT INTO takes (student_ID, section_ID, grades) VALUES (85, 85, "B-");;
INSERT INTO takes (student_ID, section_ID, grades) VALUES (86, 86, "B+");;
INSERT INTO takes (student_ID, section_ID, grades) VALUES (87, 87, "A+");;
INSERT INTO takes (student_ID, section_ID, grades) VALUES (88, 88, "D+");;
INSERT INTO takes (student_ID, section_ID, grades) VALUES (89, 89, "A");;
INSERT INTO takes (student_ID, section_ID, grades) VALUES (90, 90, "D+");;
INSERT INTO takes (student_ID, section_ID, grades) VALUES (91, 91, "C+");;
INSERT INTO takes (student_ID, section_ID, grades) VALUES (92, 92, "B+");;
INSERT INTO takes (student_ID, section_ID, grades) VALUES (93, 93, "A+");;
INSERT INTO takes (student_ID, section_ID, grades) VALUES (94, 94, "B-");;
INSERT INTO takes (student_ID, section_ID, grades) VALUES (95, 95, "A+");;
INSERT INTO takes (student_ID, section_ID, grades) VALUES (96, 96, "D");;
INSERT INTO takes (student_ID, section_ID, grades) VALUES (97, 97, "D+");;
INSERT INTO takes (student_ID, section_ID, grades) VALUES (98, 98, "C-");;
INSERT INTO takes (student_ID, section_ID, grades) VALUES (99, 99, "C");;
INSERT INTO takes (student_ID, section_ID, grades) VALUES (100, 100, "B");;
INSERT INTO advises (student_ID, advisor_ID) VALUES (1, 1);;
INSERT INTO advises (student_ID, advisor_ID) VALUES (2, 2);;
INSERT INTO advises (student_ID, advisor_ID) VALUES (3, 3);;
INSERT INTO advises (student_ID, advisor_ID) VALUES (4, 4);;
INSERT INTO advises (student_ID, advisor_ID) VALUES (5, 5);;
INSERT INTO advises (student_ID, advisor_ID) VALUES (6, 6);;
INSERT INTO advises (student_ID, advisor_ID) VALUES (7, 7);;
INSERT INTO advises (student_ID, advisor_ID) VALUES (8, 8);;
INSERT INTO advises (student_ID, advisor_ID) VALUES (9, 9);;
INSERT INTO advises (student_ID, advisor_ID) VALUES (10, 10);;
INSERT INTO advises (student_ID, advisor_ID) VALUES (11, 11);;
INSERT INTO advises (student_ID, advisor_ID) VALUES (12, 12);;
INSERT INTO advises (student_ID, advisor_ID) VALUES (13, 13);;
INSERT INTO advises (student_ID, advisor_ID) VALUES (14, 14);;
INSERT INTO advises (student_ID, advisor_ID) VALUES (15, 15);;
INSERT INTO advises (student_ID, advisor_ID) VALUES (16, 16);;
INSERT INTO advises (student_ID, advisor_ID) VALUES (17, 17);;
INSERT INTO advises (student_ID, advisor_ID) VALUES (18, 18);;
INSERT INTO advises (student_ID, advisor_ID) VALUES (19, 19);;
INSERT INTO advises (student_ID, advisor_ID) VALUES (20, 20);;
INSERT INTO advises (student_ID, advisor_ID) VALUES (21, 21);;
INSERT INTO advises (student_ID, advisor_ID) VALUES (22, 22);;
INSERT INTO advises (student_ID, advisor_ID) VALUES (23, 23);;
INSERT INTO advises (student_ID, advisor_ID) VALUES (24, 24);;
INSERT INTO advises (student_ID, advisor_ID) VALUES (25, 25);;
INSERT INTO advises (student_ID, advisor_ID) VALUES (26, 26);;
INSERT INTO advises (student_ID, advisor_ID) VALUES (27, 27);;
INSERT INTO advises (student_ID, advisor_ID) VALUES (28, 28);;
INSERT INTO advises (student_ID, advisor_ID) VALUES (29, 29);;
INSERT INTO advises (student_ID, advisor_ID) VALUES (30, 30);;
INSERT INTO advises (student_ID, advisor_ID) VALUES (31, 31);;
INSERT INTO advises (student_ID, advisor_ID) VALUES (32, 32);;
INSERT INTO advises (student_ID, advisor_ID) VALUES (33, 33);;
INSERT INTO advises (student_ID, advisor_ID) VALUES (34, 34);;
INSERT INTO advises (student_ID, advisor_ID) VALUES (35, 35);;
INSERT INTO advises (student_ID, advisor_ID) VALUES (36, 36);;
INSERT INTO advises (student_ID, advisor_ID) VALUES (37, 37);;
INSERT INTO advises (student_ID, advisor_ID) VALUES (38, 38);;
INSERT INTO advises (student_ID, advisor_ID) VALUES (39, 39);;
INSERT INTO advises (student_ID, advisor_ID) VALUES (40, 40);;
INSERT INTO advises (student_ID, advisor_ID) VALUES (41, 41);;
INSERT INTO advises (student_ID, advisor_ID) VALUES (42, 42);;
INSERT INTO advises (student_ID, advisor_ID) VALUES (43, 43);;
INSERT INTO advises (student_ID, advisor_ID) VALUES (44, 44);;
INSERT INTO advises (student_ID, advisor_ID) VALUES (45, 45);;
INSERT INTO advises (student_ID, advisor_ID) VALUES (46, 46);;
INSERT INTO advises (student_ID, advisor_ID) VALUES (47, 47);;
INSERT INTO advises (student_ID, advisor_ID) VALUES (48, 48);;
INSERT INTO advises (student_ID, advisor_ID) VALUES (49, 49);;
INSERT INTO advises (student_ID, advisor_ID) VALUES (50, 50);;
INSERT INTO advises (student_ID, advisor_ID) VALUES (51, 51);;
INSERT INTO advises (student_ID, advisor_ID) VALUES (52, 52);;
INSERT INTO advises (student_ID, advisor_ID) VALUES (53, 53);;
INSERT INTO advises (student_ID, advisor_ID) VALUES (54, 54);;
INSERT INTO advises (student_ID, advisor_ID) VALUES (55, 55);;
INSERT INTO advises (student_ID, advisor_ID) VALUES (56, 56);;
INSERT INTO advises (student_ID, advisor_ID) VALUES (57, 57);;
INSERT INTO advises (student_ID, advisor_ID) VALUES (58, 58);;
INSERT INTO advises (student_ID, advisor_ID) VALUES (59, 59);;
INSERT INTO advises (student_ID, advisor_ID) VALUES (60, 60);;
INSERT INTO advises (student_ID, advisor_ID) VALUES (61, 61);;
INSERT INTO advises (student_ID, advisor_ID) VALUES (62, 62);;
INSERT INTO advises (student_ID, advisor_ID) VALUES (63, 63);;
INSERT INTO advises (student_ID, advisor_ID) VALUES (64, 64);;
INSERT INTO advises (student_ID, advisor_ID) VALUES (65, 65);;
INSERT INTO advises (student_ID, advisor_ID) VALUES (66, 66);;
INSERT INTO advises (student_ID, advisor_ID) VALUES (67, 67);;
INSERT INTO advises (student_ID, advisor_ID) VALUES (68, 68);;
INSERT INTO advises (student_ID, advisor_ID) VALUES (69, 69);;
INSERT INTO advises (student_ID, advisor_ID) VALUES (70, 70);;
INSERT INTO advises (student_ID, advisor_ID) VALUES (71, 71);;
INSERT INTO advises (student_ID, advisor_ID) VALUES (72, 72);;
INSERT INTO advises (student_ID, advisor_ID) VALUES (73, 73);;
INSERT INTO advises (student_ID, advisor_ID) VALUES (74, 74);;
INSERT INTO advises (student_ID, advisor_ID) VALUES (75, 75);;
INSERT INTO advises (student_ID, advisor_ID) VALUES (76, 76);;
INSERT INTO advises (student_ID, advisor_ID) VALUES (77, 77);;
INSERT INTO advises (student_ID, advisor_ID) VALUES (78, 78);;
INSERT INTO advises (student_ID, advisor_ID) VALUES (79, 79);;
INSERT INTO advises (student_ID, advisor_ID) VALUES (80, 80);;
INSERT INTO advises (student_ID, advisor_ID) VALUES (81, 81);;
INSERT INTO advises (student_ID, advisor_ID) VALUES (82, 82);;
INSERT INTO advises (student_ID, advisor_ID) VALUES (83, 83);;
INSERT INTO advises (student_ID, advisor_ID) VALUES (84, 84);;
INSERT INTO advises (student_ID, advisor_ID) VALUES (85, 85);;
INSERT INTO advises (student_ID, advisor_ID) VALUES (86, 86);;
INSERT INTO advises (student_ID, advisor_ID) VALUES (87, 87);;
INSERT INTO advises (student_ID, advisor_ID) VALUES (88, 88);;
INSERT INTO advises (student_ID, advisor_ID) VALUES (89, 89);;
INSERT INTO advises (student_ID, advisor_ID) VALUES (90, 90);;
INSERT INTO advises (student_ID, advisor_ID) VALUES (91, 91);;
INSERT INTO advises (student_ID, advisor_ID) VALUES (92, 92);;
INSERT INTO advises (student_ID, advisor_ID) VALUES (93, 93);;
INSERT INTO advises (student_ID, advisor_ID) VALUES (94, 94);;
INSERT INTO advises (student_ID, advisor_ID) VALUES (95, 95);;
INSERT INTO advises (student_ID, advisor_ID) VALUES (96, 96);;
INSERT INTO advises (student_ID, advisor_ID) VALUES (97, 97);;
INSERT INTO advises (student_ID, advisor_ID) VALUES (98, 98);;
INSERT INTO advises (student_ID, advisor_ID) VALUES (99, 99);;
INSERT INTO advises (student_ID, advisor_ID) VALUES (100, 100);;
INSERT INTO prereq (base_course_ID, requires_course_ID) VALUES (1, 1);;
INSERT INTO prereq (base_course_ID, requires_course_ID) VALUES (2, 2);;
INSERT INTO prereq (base_course_ID, requires_course_ID) VALUES (3, 3);;
INSERT INTO prereq (base_course_ID, requires_course_ID) VALUES (4, 4);;
INSERT INTO prereq (base_course_ID, requires_course_ID) VALUES (5, 5);;
INSERT INTO prereq (base_course_ID, requires_course_ID) VALUES (6, 6);;
INSERT INTO prereq (base_course_ID, requires_course_ID) VALUES (7, 7);;
INSERT INTO prereq (base_course_ID, requires_course_ID) VALUES (8, 8);;
INSERT INTO prereq (base_course_ID, requires_course_ID) VALUES (9, 9);;
INSERT INTO prereq (base_course_ID, requires_course_ID) VALUES (10, 10);;
INSERT INTO prereq (base_course_ID, requires_course_ID) VALUES (11, 11);;
INSERT INTO prereq (base_course_ID, requires_course_ID) VALUES (12, 12);;
INSERT INTO prereq (base_course_ID, requires_course_ID) VALUES (13, 13);;
INSERT INTO prereq (base_course_ID, requires_course_ID) VALUES (14, 14);;
INSERT INTO prereq (base_course_ID, requires_course_ID) VALUES (15, 15);;
INSERT INTO prereq (base_course_ID, requires_course_ID) VALUES (16, 16);;
INSERT INTO prereq (base_course_ID, requires_course_ID) VALUES (17, 17);;
INSERT INTO prereq (base_course_ID, requires_course_ID) VALUES (18, 18);;
INSERT INTO prereq (base_course_ID, requires_course_ID) VALUES (19, 19);;
INSERT INTO prereq (base_course_ID, requires_course_ID) VALUES (20, 20);;
INSERT INTO prereq (base_course_ID, requires_course_ID) VALUES (21, 21);;
INSERT INTO prereq (base_course_ID, requires_course_ID) VALUES (22, 22);;
INSERT INTO prereq (base_course_ID, requires_course_ID) VALUES (23, 23);;
INSERT INTO prereq (base_course_ID, requires_course_ID) VALUES (24, 24);;
INSERT INTO prereq (base_course_ID, requires_course_ID) VALUES (25, 25);;
INSERT INTO prereq (base_course_ID, requires_course_ID) VALUES (26, 26);;
INSERT INTO prereq (base_course_ID, requires_course_ID) VALUES (27, 27);;
INSERT INTO prereq (base_course_ID, requires_course_ID) VALUES (28, 28);;
INSERT INTO prereq (base_course_ID, requires_course_ID) VALUES (29, 29);;
INSERT INTO prereq (base_course_ID, requires_course_ID) VALUES (30, 30);;
INSERT INTO prereq (base_course_ID, requires_course_ID) VALUES (31, 31);;
INSERT INTO prereq (base_course_ID, requires_course_ID) VALUES (32, 32);;
INSERT INTO prereq (base_course_ID, requires_course_ID) VALUES (33, 33);;
INSERT INTO prereq (base_course_ID, requires_course_ID) VALUES (34, 34);;
INSERT INTO prereq (base_course_ID, requires_course_ID) VALUES (35, 35);;
INSERT INTO prereq (base_course_ID, requires_course_ID) VALUES (36, 36);;
INSERT INTO prereq (base_course_ID, requires_course_ID) VALUES (37, 37);;
INSERT INTO prereq (base_course_ID, requires_course_ID) VALUES (38, 38);;
INSERT INTO prereq (base_course_ID, requires_course_ID) VALUES (39, 39);;
INSERT INTO prereq (base_course_ID, requires_course_ID) VALUES (40, 40);;
INSERT INTO prereq (base_course_ID, requires_course_ID) VALUES (41, 41);;
INSERT INTO prereq (base_course_ID, requires_course_ID) VALUES (42, 42);;
INSERT INTO prereq (base_course_ID, requires_course_ID) VALUES (43, 43);;
INSERT INTO prereq (base_course_ID, requires_course_ID) VALUES (44, 44);;
INSERT INTO prereq (base_course_ID, requires_course_ID) VALUES (45, 45);;
INSERT INTO prereq (base_course_ID, requires_course_ID) VALUES (46, 46);;
INSERT INTO prereq (base_course_ID, requires_course_ID) VALUES (47, 47);;
INSERT INTO prereq (base_course_ID, requires_course_ID) VALUES (48, 48);;
INSERT INTO prereq (base_course_ID, requires_course_ID) VALUES (49, 49);;
INSERT INTO prereq (base_course_ID, requires_course_ID) VALUES (50, 50);;
INSERT INTO prereq (base_course_ID, requires_course_ID) VALUES (51, 51);;
INSERT INTO prereq (base_course_ID, requires_course_ID) VALUES (52, 52);;
INSERT INTO prereq (base_course_ID, requires_course_ID) VALUES (53, 53);;
INSERT INTO prereq (base_course_ID, requires_course_ID) VALUES (54, 54);;
INSERT INTO prereq (base_course_ID, requires_course_ID) VALUES (55, 55);;
INSERT INTO prereq (base_course_ID, requires_course_ID) VALUES (56, 56);;
INSERT INTO prereq (base_course_ID, requires_course_ID) VALUES (57, 57);;
INSERT INTO prereq (base_course_ID, requires_course_ID) VALUES (58, 58);;
INSERT INTO prereq (base_course_ID, requires_course_ID) VALUES (59, 59);;
INSERT INTO prereq (base_course_ID, requires_course_ID) VALUES (60, 60);;
INSERT INTO prereq (base_course_ID, requires_course_ID) VALUES (61, 61);;
INSERT INTO prereq (base_course_ID, requires_course_ID) VALUES (62, 62);;
INSERT INTO prereq (base_course_ID, requires_course_ID) VALUES (63, 63);;
INSERT INTO prereq (base_course_ID, requires_course_ID) VALUES (64, 64);;
INSERT INTO prereq (base_course_ID, requires_course_ID) VALUES (65, 65);;
INSERT INTO prereq (base_course_ID, requires_course_ID) VALUES (66, 66);;
INSERT INTO prereq (base_course_ID, requires_course_ID) VALUES (67, 67);;
INSERT INTO prereq (base_course_ID, requires_course_ID) VALUES (68, 68);;
INSERT INTO prereq (base_course_ID, requires_course_ID) VALUES (69, 69);;
INSERT INTO prereq (base_course_ID, requires_course_ID) VALUES (70, 70);;
INSERT INTO prereq (base_course_ID, requires_course_ID) VALUES (71, 71);;
INSERT INTO prereq (base_course_ID, requires_course_ID) VALUES (72, 72);;
INSERT INTO prereq (base_course_ID, requires_course_ID) VALUES (73, 73);;
INSERT INTO prereq (base_course_ID, requires_course_ID) VALUES (74, 74);;
INSERT INTO prereq (base_course_ID, requires_course_ID) VALUES (75, 75);;
INSERT INTO prereq (base_course_ID, requires_course_ID) VALUES (76, 76);;
INSERT INTO prereq (base_course_ID, requires_course_ID) VALUES (77, 77);;
INSERT INTO prereq (base_course_ID, requires_course_ID) VALUES (78, 78);;
INSERT INTO prereq (base_course_ID, requires_course_ID) VALUES (79, 79);;
INSERT INTO prereq (base_course_ID, requires_course_ID) VALUES (80, 80);;
INSERT INTO prereq (base_course_ID, requires_course_ID) VALUES (81, 81);;
INSERT INTO prereq (base_course_ID, requires_course_ID) VALUES (82, 82);;
INSERT INTO prereq (base_course_ID, requires_course_ID) VALUES (83, 83);;
INSERT INTO prereq (base_course_ID, requires_course_ID) VALUES (84, 84);;
INSERT INTO prereq (base_course_ID, requires_course_ID) VALUES (85, 85);;
INSERT INTO prereq (base_course_ID, requires_course_ID) VALUES (86, 86);;
INSERT INTO prereq (base_course_ID, requires_course_ID) VALUES (87, 87);;
INSERT INTO prereq (base_course_ID, requires_course_ID) VALUES (88, 88);;
INSERT INTO prereq (base_course_ID, requires_course_ID) VALUES (89, 89);;
INSERT INTO prereq (base_course_ID, requires_course_ID) VALUES (90, 90);;
INSERT INTO prereq (base_course_ID, requires_course_ID) VALUES (91, 91);;
INSERT INTO prereq (base_course_ID, requires_course_ID) VALUES (92, 92);;
INSERT INTO prereq (base_course_ID, requires_course_ID) VALUES (93, 93);;
INSERT INTO prereq (base_course_ID, requires_course_ID) VALUES (94, 94);;
INSERT INTO prereq (base_course_ID, requires_course_ID) VALUES (95, 95);;
INSERT INTO prereq (base_course_ID, requires_course_ID) VALUES (96, 96);;
INSERT INTO prereq (base_course_ID, requires_course_ID) VALUES (97, 97);;
INSERT INTO prereq (base_course_ID, requires_course_ID) VALUES (98, 98);;
INSERT INTO prereq (base_course_ID, requires_course_ID) VALUES (99, 99);;
INSERT INTO prereq (base_course_ID, requires_course_ID) VALUES (100, 100);;
