INSERT INTO building (building_name) VALUES ("White");;
INSERT INTO building (building_name) VALUES ("MSB");;
INSERT INTO building (building_name) VALUES ("Smith");;
INSERT INTO building (building_name) VALUES ("DI");;
INSERT INTO building (building_name) VALUES ("MSB");;
INSERT INTO building (building_name) VALUES ("DI");;
INSERT INTO building (building_name) VALUES ("DI");;
INSERT INTO building (building_name) VALUES ("Smith");;
INSERT INTO building (building_name) VALUES ("Smith");;
INSERT INTO building (building_name) VALUES ("White");;
INSERT INTO classroom (building_ID, room_number, capacity) VALUES (1, 819, 6670);;
INSERT INTO classroom (building_ID, room_number, capacity) VALUES (2, 364, 4059);;
INSERT INTO classroom (building_ID, room_number, capacity) VALUES (3, 220, 1461);;
INSERT INTO classroom (building_ID, room_number, capacity) VALUES (4, 193, 9230);;
INSERT INTO classroom (building_ID, room_number, capacity) VALUES (5, 409, 3178);;
INSERT INTO classroom (building_ID, room_number, capacity) VALUES (6, 271, 5025);;
INSERT INTO classroom (building_ID, room_number, capacity) VALUES (7, 547, 1058);;
INSERT INTO classroom (building_ID, room_number, capacity) VALUES (8, 5, 5406);;
INSERT INTO classroom (building_ID, room_number, capacity) VALUES (9, 379, 9211);;
INSERT INTO classroom (building_ID, room_number, capacity) VALUES (10, 447, 7602);;
INSERT INTO department (department_name, building_ID, budget) VALUES ("CS", 1, 5464129400.54);;
INSERT INTO department (department_name, building_ID, budget) VALUES ("BIO", 2, 4539722553.45);;
INSERT INTO department (department_name, building_ID, budget) VALUES ("MATH", 3, 8515428389.85);;
INSERT INTO department (department_name, building_ID, budget) VALUES ("CHEM", 4, 5497251449.54);;
INSERT INTO department (department_name, building_ID, budget) VALUES ("NURS", 5, 2975414960.29);;
INSERT INTO department (department_name, building_ID, budget) VALUES ("PHYS", 6, 2423345625.24);;
INSERT INTO department (department_name, building_ID, budget) VALUES ("ENGL", 7, 2679870595.26);;
INSERT INTO department (department_name, building_ID, budget) VALUES ("FRNC", 8, 8059187066.80);;
INSERT INTO department (department_name, building_ID, budget) VALUES ("JAPN", 9, 7427061707.74);;
INSERT INTO department (department_name, building_ID, budget) VALUES ("BOTN", 10, 6808284235.68);;
INSERT INTO time_slot (day, start_hr, start_min, end_hr, end_min) VALUES ("W", 20, 58, 2, 33);;
INSERT INTO time_slot (day, start_hr, start_min, end_hr, end_min) VALUES ("F", 7, 52, 12, 52);;
INSERT INTO time_slot (day, start_hr, start_min, end_hr, end_min) VALUES ("H", 5, 2, 22, 36);;
INSERT INTO time_slot (day, start_hr, start_min, end_hr, end_min) VALUES ("F", 13, 39, 14, 7);;
INSERT INTO time_slot (day, start_hr, start_min, end_hr, end_min) VALUES ("M", 21, 18, 0, 37);;
INSERT INTO time_slot (day, start_hr, start_min, end_hr, end_min) VALUES ("H", 16, 53, 22, 35);;
INSERT INTO time_slot (day, start_hr, start_min, end_hr, end_min) VALUES ("M", 11, 45, 15, 13);;
INSERT INTO time_slot (day, start_hr, start_min, end_hr, end_min) VALUES ("F", 8, 3, 8, 11);;
INSERT INTO time_slot (day, start_hr, start_min, end_hr, end_min) VALUES ("F", 12, 40, 3, 3);;
INSERT INTO time_slot (day, start_hr, start_min, end_hr, end_min) VALUES ("F", 20, 38, 17, 49);;
INSERT INTO account (username, password, role) VALUES ("Drew2000", "TrulyCool2003", "Administrator");;
INSERT INTO account (username, password, role) VALUES ("Link", "GannonGannon88", "Administrator");;
INSERT INTO account (username, password, role) VALUES ("dropKick2000", "CalebCalebCaleb", "Instructor");;
INSERT INTO account (username, password, role) VALUES ("aroddy", "Coolest!", "Instructor");;
INSERT INTO account (username, password, role) VALUES ("Ganondworf", "123892138", "Administrator");;
INSERT INTO account (username, password, role) VALUES ("OrangeMan", "Drop73Drop12!", "Instructor");;
INSERT INTO account (username, password, role) VALUES ("SuperCool", "RealDoctor3626", "Student");;
INSERT INTO account (username, password, role) VALUES ("DrMario", "Linkus", "Administrator");;
INSERT INTO account (username, password, role) VALUES ("coolGuy77", "DrewPass99", "Instructor");;
INSERT INTO account (username, password, role) VALUES ("Caleb999", "FavoriteColor", "Administrator");;
INSERT INTO advisor (first_name, last_name, department_ID) VALUES ("Leah", "Johnson", 1);;
INSERT INTO advisor (first_name, last_name, department_ID) VALUES ("Leah", "Morneweck", 2);;
INSERT INTO advisor (first_name, last_name, department_ID) VALUES ("Tommy", "So", 3);;
INSERT INTO advisor (first_name, last_name, department_ID) VALUES ("Tommy", "Redy", 4);;
INSERT INTO advisor (first_name, last_name, department_ID) VALUES ("Craig", "Smith", 5);;
INSERT INTO advisor (first_name, last_name, department_ID) VALUES ("TJ", "Redy", 6);;
INSERT INTO advisor (first_name, last_name, department_ID) VALUES ("Craig", "Raklovits", 7);;
INSERT INTO advisor (first_name, last_name, department_ID) VALUES ("Thomas", "Morneweck", 8);;
INSERT INTO advisor (first_name, last_name, department_ID) VALUES ("Joseph", "Morneweck", 9);;
INSERT INTO advisor (first_name, last_name, department_ID) VALUES ("Tommy", "Smith", 10);;
INSERT INTO course (title, department_ID, credits) VALUES ("Elementary Japanese 1", 1, 15);;
INSERT INTO course (title, department_ID, credits) VALUES ("CS2", 2, 87);;
INSERT INTO course (title, department_ID, credits) VALUES ("Elementary Japanese 1", 3, 37);;
INSERT INTO course (title, department_ID, credits) VALUES ("Elementary Japanese 1", 4, 46);;
INSERT INTO course (title, department_ID, credits) VALUES ("Elementary Japanese 1", 5, 94);;
INSERT INTO course (title, department_ID, credits) VALUES ("Discrete Structures", 6, 49);;
INSERT INTO course (title, department_ID, credits) VALUES ("Discrete Structures", 7, 96);;
INSERT INTO course (title, department_ID, credits) VALUES ("CS2", 8, 5);;
INSERT INTO course (title, department_ID, credits) VALUES ("Elementary Japanese 1", 9, 27);;
INSERT INTO course (title, department_ID, credits) VALUES ("Discrete Structures", 10, 41);;
INSERT INTO instructor (first_name, last_name, department_ID, salary) VALUES ("Giovanni", "Kahn", 1, 340357.34);;
INSERT INTO instructor (first_name, last_name, department_ID, salary) VALUES ("Mikhail", "Nesterenko", 2, 403061.40);;
INSERT INTO instructor (first_name, last_name, department_ID, salary) VALUES ("Giovanni", "Nesterenko", 3, 365719.36);;
INSERT INTO instructor (first_name, last_name, department_ID, salary) VALUES ("Giovanni", "Phares", 4, 817309.81);;
INSERT INTO instructor (first_name, last_name, department_ID, salary) VALUES ("Giovanni", "Phares", 5, 706234.70);;
INSERT INTO instructor (first_name, last_name, department_ID, salary) VALUES ("Javed", "Kahn", 6, 526419.52);;
INSERT INTO instructor (first_name, last_name, department_ID, salary) VALUES ("Mikhail", "Kahn", 7, 600338.60);;
INSERT INTO instructor (first_name, last_name, department_ID, salary) VALUES ("Giovanni", "Kahn", 8, 195888.19);;
INSERT INTO instructor (first_name, last_name, department_ID, salary) VALUES ("Mikhail", "Kahn", 9, 814884.81);;
INSERT INTO instructor (first_name, last_name, department_ID, salary) VALUES ("Javed", "Kahn", 10, 476612.47);;
INSERT INTO section (course_ID, semester, year, building_ID, time_slot_ID) VALUES (1, "Spring", 1971, 1, 1);;
INSERT INTO section (course_ID, semester, year, building_ID, time_slot_ID) VALUES (2, "Spring", 1826, 2, 2);;
INSERT INTO section (course_ID, semester, year, building_ID, time_slot_ID) VALUES (3, "Fall", 1789, 3, 3);;
INSERT INTO section (course_ID, semester, year, building_ID, time_slot_ID) VALUES (4, "Fall", 1895, 4, 4);;
INSERT INTO section (course_ID, semester, year, building_ID, time_slot_ID) VALUES (5, "Winter", 1827, 5, 5);;
INSERT INTO section (course_ID, semester, year, building_ID, time_slot_ID) VALUES (6, "Fall", 1749, 6, 6);;
INSERT INTO section (course_ID, semester, year, building_ID, time_slot_ID) VALUES (7, "Fall", 2038, 7, 7);;
INSERT INTO section (course_ID, semester, year, building_ID, time_slot_ID) VALUES (8, "Summer", 1930, 8, 8);;
INSERT INTO section (course_ID, semester, year, building_ID, time_slot_ID) VALUES (9, "Fall", 1872, 9, 9);;
INSERT INTO section (course_ID, semester, year, building_ID, time_slot_ID) VALUES (10, "Fall", 1762, 10, 10);;
INSERT INTO student (first_name, last_name, department_ID, total_cred, advisor_ID) VALUES ("Logan", "Roddy", 1, 45, 1);;
INSERT INTO student (first_name, last_name, department_ID, total_cred, advisor_ID) VALUES ("Logan", "Roddy", 2, 227, 2);;
INSERT INTO student (first_name, last_name, department_ID, total_cred, advisor_ID) VALUES ("Andrew", "Roddy", 3, 163, 3);;
INSERT INTO student (first_name, last_name, department_ID, total_cred, advisor_ID) VALUES ("Logan", "Roddy", 4, 86, 4);;
INSERT INTO student (first_name, last_name, department_ID, total_cred, advisor_ID) VALUES ("Logan", "Roddy", 5, 190, 5);;
INSERT INTO student (first_name, last_name, department_ID, total_cred, advisor_ID) VALUES ("Caleb", "Senol", 6, 106, 6);;
INSERT INTO student (first_name, last_name, department_ID, total_cred, advisor_ID) VALUES ("Caleb", "Roddy", 7, 71, 7);;
INSERT INTO student (first_name, last_name, department_ID, total_cred, advisor_ID) VALUES ("Caleb", "Senol", 8, 81, 8);;
INSERT INTO student (first_name, last_name, department_ID, total_cred, advisor_ID) VALUES ("Andrew", "Roddy", 9, 181, 9);;
INSERT INTO student (first_name, last_name, department_ID, total_cred, advisor_ID) VALUES ("Andrew", "Stanberry", 10, 237, 10);;
INSERT INTO teaches (instructor_ID, section_ID) VALUES (1, 1);;
INSERT INTO teaches (instructor_ID, section_ID) VALUES (2, 2);;
INSERT INTO teaches (instructor_ID, section_ID) VALUES (3, 3);;
INSERT INTO teaches (instructor_ID, section_ID) VALUES (4, 4);;
INSERT INTO teaches (instructor_ID, section_ID) VALUES (5, 5);;
INSERT INTO teaches (instructor_ID, section_ID) VALUES (6, 6);;
INSERT INTO teaches (instructor_ID, section_ID) VALUES (7, 7);;
INSERT INTO teaches (instructor_ID, section_ID) VALUES (8, 8);;
INSERT INTO teaches (instructor_ID, section_ID) VALUES (9, 9);;
INSERT INTO teaches (instructor_ID, section_ID) VALUES (10, 10);;
INSERT INTO takes (student_ID, section_ID, grades) VALUES (1, 1, "F");;
INSERT INTO takes (student_ID, section_ID, grades) VALUES (2, 2, "A-");;
INSERT INTO takes (student_ID, section_ID, grades) VALUES (3, 3, "A+");;
INSERT INTO takes (student_ID, section_ID, grades) VALUES (4, 4, "B");;
INSERT INTO takes (student_ID, section_ID, grades) VALUES (5, 5, "B-");;
INSERT INTO takes (student_ID, section_ID, grades) VALUES (6, 6, "B+");;
INSERT INTO takes (student_ID, section_ID, grades) VALUES (7, 7, "C+");;
INSERT INTO takes (student_ID, section_ID, grades) VALUES (8, 8, "B+");;
INSERT INTO takes (student_ID, section_ID, grades) VALUES (9, 9, "F");;
INSERT INTO takes (student_ID, section_ID, grades) VALUES (10, 10, "A-");;
INSERT INTO advises (student_ID, advisor_ID) VALUES (1, 1);;
INSERT INTO advises (student_ID, advisor_ID) VALUES (2, 2);;
INSERT INTO advises (student_ID, advisor_ID) VALUES (3, 3);;
INSERT INTO advises (student_ID, advisor_ID) VALUES (4, 4);;
INSERT INTO advises (student_ID, advisor_ID) VALUES (5, 5);;
INSERT INTO advises (student_ID, advisor_ID) VALUES (6, 6);;
INSERT INTO advises (student_ID, advisor_ID) VALUES (7, 7);;
INSERT INTO advises (student_ID, advisor_ID) VALUES (8, 8);;
INSERT INTO advises (student_ID, advisor_ID) VALUES (9, 9);;
INSERT INTO advises (student_ID, advisor_ID) VALUES (10, 10);;
INSERT INTO prereq (base_course_ID, requires_course_ID) VALUES (1, 1);;
INSERT INTO prereq (base_course_ID, requires_course_ID) VALUES (2, 2);;
INSERT INTO prereq (base_course_ID, requires_course_ID) VALUES (3, 3);;
INSERT INTO prereq (base_course_ID, requires_course_ID) VALUES (4, 4);;
INSERT INTO prereq (base_course_ID, requires_course_ID) VALUES (5, 5);;
INSERT INTO prereq (base_course_ID, requires_course_ID) VALUES (6, 6);;
INSERT INTO prereq (base_course_ID, requires_course_ID) VALUES (7, 7);;
INSERT INTO prereq (base_course_ID, requires_course_ID) VALUES (8, 8);;
INSERT INTO prereq (base_course_ID, requires_course_ID) VALUES (9, 9);;
INSERT INTO prereq (base_course_ID, requires_course_ID) VALUES (10, 10);;
