INSERT INTO building (building_name) VALUES ("White");;
INSERT INTO building (building_name) VALUES ("MSB");;
INSERT INTO building (building_name) VALUES ("MSB");;
INSERT INTO building (building_name) VALUES ("Smith");;
INSERT INTO building (building_name) VALUES ("Smith");;
INSERT INTO building (building_name) VALUES ("White");;
INSERT INTO building (building_name) VALUES ("Smith");;
INSERT INTO building (building_name) VALUES ("Smith");;
INSERT INTO building (building_name) VALUES ("Smith");;
INSERT INTO building (building_name) VALUES ("Smith");;
INSERT INTO classroom (building_ID, room_number, capacity) VALUES (1, 915, 6304);;
INSERT INTO classroom (building_ID, room_number, capacity) VALUES (2, 284, 5457);;
INSERT INTO classroom (building_ID, room_number, capacity) VALUES (3, 631, 6081);;
INSERT INTO classroom (building_ID, room_number, capacity) VALUES (4, 377, 7086);;
INSERT INTO classroom (building_ID, room_number, capacity) VALUES (5, 559, 6654);;
INSERT INTO classroom (building_ID, room_number, capacity) VALUES (6, 549, 6895);;
INSERT INTO classroom (building_ID, room_number, capacity) VALUES (7, 636, 3799);;
INSERT INTO classroom (building_ID, room_number, capacity) VALUES (8, 49, 5758);;
INSERT INTO classroom (building_ID, room_number, capacity) VALUES (9, 721, 321);;
INSERT INTO classroom (building_ID, room_number, capacity) VALUES (10, 128, 611);;
INSERT INTO department (department_name, building_ID, budget) VALUES ("CS", 1, 9370130876.93);;
INSERT INTO department (department_name, building_ID, budget) VALUES ("BIO", 2, 2367912193.23);;
INSERT INTO department (department_name, building_ID, budget) VALUES ("MATH", 3, 8106492829.81);;
INSERT INTO department (department_name, building_ID, budget) VALUES ("CHEM", 4, 5357414156.53);;
INSERT INTO department (department_name, building_ID, budget) VALUES ("NURS", 5, 5917535665.59);;
INSERT INTO department (department_name, building_ID, budget) VALUES ("PHYS", 6, 3686533717.36);;
INSERT INTO department (department_name, building_ID, budget) VALUES ("ENGL", 7, 7706986100.77);;
INSERT INTO department (department_name, building_ID, budget) VALUES ("FRNC", 8, 9589893879.95);;
INSERT INTO department (department_name, building_ID, budget) VALUES ("JAPN", 9, 9237935422.92);;
INSERT INTO department (department_name, building_ID, budget) VALUES ("BOTN", 10, 1623138084.16);;
INSERT INTO time_slot (day, start_hr, start_min, end_hr, end_min) VALUES ("W", 11, 34, 20, 46);;
INSERT INTO time_slot (day, start_hr, start_min, end_hr, end_min) VALUES ("H", 6, 49, 10, 21);;
INSERT INTO time_slot (day, start_hr, start_min, end_hr, end_min) VALUES ("F", 13, 21, 4, 26);;
INSERT INTO time_slot (day, start_hr, start_min, end_hr, end_min) VALUES ("W", 4, 19, 17, 57);;
INSERT INTO time_slot (day, start_hr, start_min, end_hr, end_min) VALUES ("M", 11, 42, 21, 12);;
INSERT INTO time_slot (day, start_hr, start_min, end_hr, end_min) VALUES ("W", 15, 22, 12, 36);;
INSERT INTO time_slot (day, start_hr, start_min, end_hr, end_min) VALUES ("W", 21, 57, 14, 51);;
INSERT INTO time_slot (day, start_hr, start_min, end_hr, end_min) VALUES ("M", 18, 40, 11, 44);;
INSERT INTO time_slot (day, start_hr, start_min, end_hr, end_min) VALUES ("F", 13, 5, 20, 46);;
INSERT INTO time_slot (day, start_hr, start_min, end_hr, end_min) VALUES ("F", 21, 28, 0, 29);;
INSERT INTO account (username, password, role) VALUES ("coolGuy77", "FavoriteColor", "Student");;
INSERT INTO account (username, password, role) VALUES ("Drew2000", "123892138", "Instructor");;
INSERT INTO account (username, password, role) VALUES ("DrMario", "GannonGannon88", "Student");;
INSERT INTO account (username, password, role) VALUES ("Ganondworf", "Linkus", "Administrator");;
INSERT INTO account (username, password, role) VALUES ("aroddy", "Coolest!", "Instructor");;
INSERT INTO account (username, password, role) VALUES ("dropKick2000", "DrewPass99", "Instructor");;
INSERT INTO account (username, password, role) VALUES ("Caleb999", "CalebCalebCaleb", "Instructor");;
INSERT INTO account (username, password, role) VALUES ("SuperCool", "Drop73Drop12!", "Student");;
INSERT INTO account (username, password, role) VALUES ("OrangeMan", "RealDoctor3626", "Student");;
INSERT INTO account (username, password, role) VALUES ("Link", "TrulyCool2003", "Student");;
INSERT INTO advisor (first_name, last_name, department_ID) VALUES ("Tommy", "Redy", 1);;
INSERT INTO advisor (first_name, last_name, department_ID) VALUES ("Tommy", "So", 2);;
INSERT INTO advisor (first_name, last_name, department_ID) VALUES ("Joseph", "Redy", 3);;
INSERT INTO advisor (first_name, last_name, department_ID) VALUES ("Tommy", "Redy", 4);;
INSERT INTO advisor (first_name, last_name, department_ID) VALUES ("Joseph", "So", 5);;
INSERT INTO advisor (first_name, last_name, department_ID) VALUES ("Craig", "Morneweck", 6);;
INSERT INTO advisor (first_name, last_name, department_ID) VALUES ("Thomas", "Johnson", 7);;
INSERT INTO advisor (first_name, last_name, department_ID) VALUES ("TJ", "So", 8);;
INSERT INTO advisor (first_name, last_name, department_ID) VALUES ("Joseph", "Smith", 9);;
INSERT INTO advisor (first_name, last_name, department_ID) VALUES ("Craig", "So", 10);;
INSERT INTO course (title, department_ID, credits) VALUES ("CS3", 1, 85);;
INSERT INTO course (title, department_ID, credits) VALUES ("CS1", 2, 37);;
INSERT INTO course (title, department_ID, credits) VALUES ("CS1", 3, 51);;
INSERT INTO course (title, department_ID, credits) VALUES ("CS4", 4, 4);;
INSERT INTO course (title, department_ID, credits) VALUES ("CS3", 5, 22);;
INSERT INTO course (title, department_ID, credits) VALUES ("Discrete Structures", 6, 77);;
INSERT INTO course (title, department_ID, credits) VALUES ("Elementary Japanese 1", 7, 21);;
INSERT INTO course (title, department_ID, credits) VALUES ("Discrete Structures", 8, 80);;
INSERT INTO course (title, department_ID, credits) VALUES ("CS2", 9, 30);;
INSERT INTO course (title, department_ID, credits) VALUES ("CS1", 10, 49);;
INSERT INTO instructor (first_name, last_name, department_ID, salary) VALUES ("Giovanni", "Phares", 1, 697004.69);;
INSERT INTO instructor (first_name, last_name, department_ID, salary) VALUES ("Mikhail", "Phares", 2, 751404.75);;
INSERT INTO instructor (first_name, last_name, department_ID, salary) VALUES ("Mikhail", "Kahn", 3, 649793.64);;
INSERT INTO instructor (first_name, last_name, department_ID, salary) VALUES ("Mikhail", "Kahn", 4, 300684.30);;
INSERT INTO instructor (first_name, last_name, department_ID, salary) VALUES ("Giovanni", "Kahn", 5, 373558.37);;
INSERT INTO instructor (first_name, last_name, department_ID, salary) VALUES ("Giovanni", "Kahn", 6, 841807.84);;
INSERT INTO instructor (first_name, last_name, department_ID, salary) VALUES ("Giovanni", "Kahn", 7, 309161.30);;
INSERT INTO instructor (first_name, last_name, department_ID, salary) VALUES ("Giovanni", "Phares", 8, 311609.31);;
INSERT INTO instructor (first_name, last_name, department_ID, salary) VALUES ("Giovanni", "Phares", 9, 781991.78);;
INSERT INTO instructor (first_name, last_name, department_ID, salary) VALUES ("Giovanni", "Nesterenko", 10, 959513.95);;
INSERT INTO section (course_ID, semester, year, building_ID, time_slot_ID) VALUES (1, "Summer", 2048, 1, 1);;
INSERT INTO section (course_ID, semester, year, building_ID, time_slot_ID) VALUES (2, "Spring", 1838, 2, 2);;
INSERT INTO section (course_ID, semester, year, building_ID, time_slot_ID) VALUES (3, "Winter", 1774, 3, 3);;
INSERT INTO section (course_ID, semester, year, building_ID, time_slot_ID) VALUES (4, "Spring", 1860, 4, 4);;
INSERT INTO section (course_ID, semester, year, building_ID, time_slot_ID) VALUES (5, "Spring", 2057, 5, 5);;
INSERT INTO section (course_ID, semester, year, building_ID, time_slot_ID) VALUES (6, "Summer", 1893, 6, 6);;
INSERT INTO section (course_ID, semester, year, building_ID, time_slot_ID) VALUES (7, "Summer", 1972, 7, 7);;
INSERT INTO section (course_ID, semester, year, building_ID, time_slot_ID) VALUES (8, "Summer", 1855, 8, 8);;
INSERT INTO section (course_ID, semester, year, building_ID, time_slot_ID) VALUES (9, "Summer", 1832, 9, 9);;
INSERT INTO section (course_ID, semester, year, building_ID, time_slot_ID) VALUES (10, "Summer", 1879, 10, 10);;
INSERT INTO student (first_name, last_name, department_ID, total_cred, advisor_ID) VALUES ("Caleb", "Senol", 1, 21, 1);;
INSERT INTO student (first_name, last_name, department_ID, total_cred, advisor_ID) VALUES ("Caleb", "Stanberry", 2, 184, 2);;
INSERT INTO student (first_name, last_name, department_ID, total_cred, advisor_ID) VALUES ("Andrew", "Senol", 3, 33, 3);;
INSERT INTO student (first_name, last_name, department_ID, total_cred, advisor_ID) VALUES ("Logan", "Roddy", 4, 13, 4);;
INSERT INTO student (first_name, last_name, department_ID, total_cred, advisor_ID) VALUES ("Logan", "Senol", 5, 13, 5);;
INSERT INTO student (first_name, last_name, department_ID, total_cred, advisor_ID) VALUES ("Logan", "Stanberry", 6, 195, 6);;
INSERT INTO student (first_name, last_name, department_ID, total_cred, advisor_ID) VALUES ("Logan", "Roddy", 7, 88, 7);;
INSERT INTO student (first_name, last_name, department_ID, total_cred, advisor_ID) VALUES ("Caleb", "Stanberry", 8, 230, 8);;
INSERT INTO student (first_name, last_name, department_ID, total_cred, advisor_ID) VALUES ("Logan", "Stanberry", 9, 36, 9);;
INSERT INTO student (first_name, last_name, department_ID, total_cred, advisor_ID) VALUES ("Caleb", "Senol", 10, 115, 10);;
INSERT INTO teaches (instructor_ID, section_ID) VALUES (1, 1);;
INSERT INTO teaches (instructor_ID, section_ID) VALUES (2, 2);;
INSERT INTO teaches (instructor_ID, section_ID) VALUES (3, 3);;
INSERT INTO teaches (instructor_ID, section_ID) VALUES (4, 4);;
INSERT INTO teaches (instructor_ID, section_ID) VALUES (5, 5);;
INSERT INTO teaches (instructor_ID, section_ID) VALUES (6, 6);;
INSERT INTO teaches (instructor_ID, section_ID) VALUES (7, 7);;
INSERT INTO teaches (instructor_ID, section_ID) VALUES (8, 8);;
INSERT INTO teaches (instructor_ID, section_ID) VALUES (9, 9);;
INSERT INTO teaches (instructor_ID, section_ID) VALUES (10, 10);;
INSERT INTO takes (student_ID, section_ID, grades) VALUES (1, 1, "D");;
INSERT INTO takes (student_ID, section_ID, grades) VALUES (2, 2, "D+");;
INSERT INTO takes (student_ID, section_ID, grades) VALUES (3, 3, "F");;
INSERT INTO takes (student_ID, section_ID, grades) VALUES (4, 4, "D+");;
INSERT INTO takes (student_ID, section_ID, grades) VALUES (5, 5, "F");;
INSERT INTO takes (student_ID, section_ID, grades) VALUES (6, 6, "D-");;
INSERT INTO takes (student_ID, section_ID, grades) VALUES (7, 7, "C+");;
INSERT INTO takes (student_ID, section_ID, grades) VALUES (8, 8, "D");;
INSERT INTO takes (student_ID, section_ID, grades) VALUES (9, 9, "A");;
INSERT INTO takes (student_ID, section_ID, grades) VALUES (10, 10, "C-");;
INSERT INTO advises (student_ID, advisor_ID) VALUES (1, 1);;
INSERT INTO advises (student_ID, advisor_ID) VALUES (2, 2);;
INSERT INTO advises (student_ID, advisor_ID) VALUES (3, 3);;
INSERT INTO advises (student_ID, advisor_ID) VALUES (4, 4);;
INSERT INTO advises (student_ID, advisor_ID) VALUES (5, 5);;
INSERT INTO advises (student_ID, advisor_ID) VALUES (6, 6);;
INSERT INTO advises (student_ID, advisor_ID) VALUES (7, 7);;
INSERT INTO advises (student_ID, advisor_ID) VALUES (8, 8);;
INSERT INTO advises (student_ID, advisor_ID) VALUES (9, 9);;
INSERT INTO advises (student_ID, advisor_ID) VALUES (10, 10);;
INSERT INTO prereq (base_course_ID, requires_course_ID) VALUES (1, 1);;
INSERT INTO prereq (base_course_ID, requires_course_ID) VALUES (2, 2);;
INSERT INTO prereq (base_course_ID, requires_course_ID) VALUES (3, 3);;
INSERT INTO prereq (base_course_ID, requires_course_ID) VALUES (4, 4);;
INSERT INTO prereq (base_course_ID, requires_course_ID) VALUES (5, 5);;
INSERT INTO prereq (base_course_ID, requires_course_ID) VALUES (6, 6);;
INSERT INTO prereq (base_course_ID, requires_course_ID) VALUES (7, 7);;
INSERT INTO prereq (base_course_ID, requires_course_ID) VALUES (8, 8);;
INSERT INTO prereq (base_course_ID, requires_course_ID) VALUES (9, 9);;
INSERT INTO prereq (base_course_ID, requires_course_ID) VALUES (10, 10);;
