INSERT INTO classroom (building_name, room_number, capacity) VALUES ("DI", 667, 3088);;
INSERT INTO classroom (building_name, room_number, capacity) VALUES ("Smith", 769, 191);;
INSERT INTO classroom (building_name, room_number, capacity) VALUES ("Smith", 457, 7657);;
INSERT INTO classroom (building_name, room_number, capacity) VALUES ("White", 905, 6060);;
INSERT INTO classroom (building_name, room_number, capacity) VALUES ("DI", 881, 728);;
INSERT INTO classroom (building_name, room_number, capacity) VALUES ("Smith", 319, 873);;
INSERT INTO classroom (building_name, room_number, capacity) VALUES ("White", 319, 8910);;
INSERT INTO classroom (building_name, room_number, capacity) VALUES ("MSB", 225, 7264);;
INSERT INTO classroom (building_name, room_number, capacity) VALUES ("White", 99, 9482);;
INSERT INTO classroom (building_name, room_number, capacity) VALUES ("Smith", 18, 7116);;
INSERT INTO department (department_name, building, budget) VALUES ("CS", "MSB", 9856737512.98);;
INSERT INTO department (department_name, building, budget) VALUES ("BIO", "Smith", 7268671188.72);;
INSERT INTO department (department_name, building, budget) VALUES ("MATH", "DI", 2353495224.23);;
INSERT INTO department (department_name, building, budget) VALUES ("CHEM", "MSB", 6985288955.69);;
INSERT INTO department (department_name, building, budget) VALUES ("NURS", "DI", 6287643358.62);;
INSERT INTO department (department_name, building, budget) VALUES ("PHYS", "White", 3762718415.37);;
INSERT INTO department (department_name, building, budget) VALUES ("ENGL", "DI", 6260009617.62);;
INSERT INTO department (department_name, building, budget) VALUES ("FRNC", "MSB", 5350835308.53);;
INSERT INTO department (department_name, building, budget) VALUES ("JAPN", "DI", 8920518707.89);;
INSERT INTO department (department_name, building, budget) VALUES ("BOTN", "Smith", 3219582534.32);;
INSERT INTO time_slot (day, start_hr, start_min, end_hr, end_min) VALUES ("M", 18, 51, 11, 7);;
INSERT INTO time_slot (day, start_hr, start_min, end_hr, end_min) VALUES ("M", 5, 4, 12, 46);;
INSERT INTO time_slot (day, start_hr, start_min, end_hr, end_min) VALUES ("T", 6, 20, 8, 28);;
INSERT INTO time_slot (day, start_hr, start_min, end_hr, end_min) VALUES ("M", 19, 59, 1, 14);;
INSERT INTO time_slot (day, start_hr, start_min, end_hr, end_min) VALUES ("W", 14, 43, 1, 52);;
INSERT INTO time_slot (day, start_hr, start_min, end_hr, end_min) VALUES ("W", 7, 20, 19, 4);;
INSERT INTO time_slot (day, start_hr, start_min, end_hr, end_min) VALUES ("F", 15, 32, 16, 15);;
INSERT INTO time_slot (day, start_hr, start_min, end_hr, end_min) VALUES ("M", 22, 3, 7, 15);;
INSERT INTO time_slot (day, start_hr, start_min, end_hr, end_min) VALUES ("F", 5, 52, 12, 49);;
INSERT INTO time_slot (day, start_hr, start_min, end_hr, end_min) VALUES ("W", 14, 27, 4, 44);;
INSERT INTO advisor (first_name, last_name, department_ID) VALUES ("TJ", "Smith", 1);;
INSERT INTO advisor (first_name, last_name, department_ID) VALUES ("Leah", "Morneweck", 2);;
INSERT INTO advisor (first_name, last_name, department_ID) VALUES ("Joseph", "Morneweck", 3);;
INSERT INTO advisor (first_name, last_name, department_ID) VALUES ("TJ", "Raklovits", 4);;
INSERT INTO advisor (first_name, last_name, department_ID) VALUES ("Craig", "So", 5);;
INSERT INTO advisor (first_name, last_name, department_ID) VALUES ("Leah", "Raklovits", 6);;
INSERT INTO advisor (first_name, last_name, department_ID) VALUES ("TJ", "So", 7);;
INSERT INTO advisor (first_name, last_name, department_ID) VALUES ("Joseph", "Smith", 8);;
INSERT INTO advisor (first_name, last_name, department_ID) VALUES ("Thomas", "Redy", 9);;
INSERT INTO advisor (first_name, last_name, department_ID) VALUES ("Tommy", "Raklovits", 10);;
INSERT INTO course (title, department_ID, credits) VALUES ("Discrete Structures", 1, 65);;
INSERT INTO course (title, department_ID, credits) VALUES ("CS3", 2, 61);;
INSERT INTO course (title, department_ID, credits) VALUES ("CS2", 3, 96);;
INSERT INTO course (title, department_ID, credits) VALUES ("Elementary Japanese 1", 4, 74);;
INSERT INTO course (title, department_ID, credits) VALUES ("Intro to Databases", 5, 94);;
INSERT INTO course (title, department_ID, credits) VALUES ("CS4", 6, 85);;
INSERT INTO course (title, department_ID, credits) VALUES ("CS4", 7, 67);;
INSERT INTO course (title, department_ID, credits) VALUES ("CS1", 8, 61);;
INSERT INTO course (title, department_ID, credits) VALUES ("CS4", 9, 54);;
INSERT INTO course (title, department_ID, credits) VALUES ("Elementary Japanese 1", 10, 3);;
INSERT INTO instructor (first_name, last_name, department_ID, salary) VALUES ("Giovanni", "Phares", 1, 324612.32);;
INSERT INTO instructor (first_name, last_name, department_ID, salary) VALUES ("Javed", "Phares", 2, 922399.92);;
INSERT INTO instructor (first_name, last_name, department_ID, salary) VALUES ("Giovanni", "Kahn", 3, 900631.90);;
INSERT INTO instructor (first_name, last_name, department_ID, salary) VALUES ("Javed", "Kahn", 4, 878971.87);;
INSERT INTO instructor (first_name, last_name, department_ID, salary) VALUES ("Mikhail", "Kahn", 5, 271091.27);;
INSERT INTO instructor (first_name, last_name, department_ID, salary) VALUES ("Mikhail", "Nesterenko", 6, 331743.33);;
INSERT INTO instructor (first_name, last_name, department_ID, salary) VALUES ("Giovanni", "Phares", 7, 919838.91);;
INSERT INTO instructor (first_name, last_name, department_ID, salary) VALUES ("Javed", "Phares", 8, 103526.10);;
INSERT INTO instructor (first_name, last_name, department_ID, salary) VALUES ("Mikhail", "Nesterenko", 9, 670263.67);;
INSERT INTO instructor (first_name, last_name, department_ID, salary) VALUES ("Mikhail", "Nesterenko", 10, 936180.93);;
INSERT INTO section (course_ID, semester, year, building_ID, time_slot_ID) VALUES (1, "Winter", 1823, 1, 1);;
INSERT INTO section (course_ID, semester, year, building_ID, time_slot_ID) VALUES (2, "Winter", 1849, 2, 2);;
INSERT INTO section (course_ID, semester, year, building_ID, time_slot_ID) VALUES (3, "Fall", 2100, 3, 3);;
INSERT INTO section (course_ID, semester, year, building_ID, time_slot_ID) VALUES (4, "Summer", 1824, 4, 4);;
INSERT INTO section (course_ID, semester, year, building_ID, time_slot_ID) VALUES (5, "Fall", 1718, 5, 5);;
INSERT INTO section (course_ID, semester, year, building_ID, time_slot_ID) VALUES (6, "Spring", 1865, 6, 6);;
INSERT INTO section (course_ID, semester, year, building_ID, time_slot_ID) VALUES (7, "Fall", 2068, 7, 7);;
INSERT INTO section (course_ID, semester, year, building_ID, time_slot_ID) VALUES (8, "Spring", 2025, 8, 8);;
INSERT INTO section (course_ID, semester, year, building_ID, time_slot_ID) VALUES (9, "Spring", 1749, 9, 9);;
INSERT INTO section (course_ID, semester, year, building_ID, time_slot_ID) VALUES (10, "Summer", 1736, 10, 10);;
INSERT INTO student (first_name, last_name, department_ID, total_cred, advisor_ID) VALUES ("Caleb", "Senol", 1, 208, 1);;
INSERT INTO student (first_name, last_name, department_ID, total_cred, advisor_ID) VALUES ("Andrew", "Roddy", 2, 222, 2);;
INSERT INTO student (first_name, last_name, department_ID, total_cred, advisor_ID) VALUES ("Caleb", "Stanberry", 3, 98, 3);;
INSERT INTO student (first_name, last_name, department_ID, total_cred, advisor_ID) VALUES ("Andrew", "Roddy", 4, 200, 4);;
INSERT INTO student (first_name, last_name, department_ID, total_cred, advisor_ID) VALUES ("Caleb", "Stanberry", 5, 165, 5);;
INSERT INTO student (first_name, last_name, department_ID, total_cred, advisor_ID) VALUES ("Logan", "Stanberry", 6, 192, 6);;
INSERT INTO student (first_name, last_name, department_ID, total_cred, advisor_ID) VALUES ("Logan", "Roddy", 7, 36, 7);;
INSERT INTO student (first_name, last_name, department_ID, total_cred, advisor_ID) VALUES ("Caleb", "Stanberry", 8, 78, 8);;
INSERT INTO student (first_name, last_name, department_ID, total_cred, advisor_ID) VALUES ("Andrew", "Senol", 9, 232, 9);;
INSERT INTO student (first_name, last_name, department_ID, total_cred, advisor_ID) VALUES ("Logan", "Senol", 10, 161, 10);;
INSERT INTO teaches (instructor_ID, section_ID) VALUES (1, 1);;
INSERT INTO teaches (instructor_ID, section_ID) VALUES (2, 2);;
INSERT INTO teaches (instructor_ID, section_ID) VALUES (3, 3);;
INSERT INTO teaches (instructor_ID, section_ID) VALUES (4, 4);;
INSERT INTO teaches (instructor_ID, section_ID) VALUES (5, 5);;
INSERT INTO teaches (instructor_ID, section_ID) VALUES (6, 6);;
INSERT INTO teaches (instructor_ID, section_ID) VALUES (7, 7);;
INSERT INTO teaches (instructor_ID, section_ID) VALUES (8, 8);;
INSERT INTO teaches (instructor_ID, section_ID) VALUES (9, 9);;
INSERT INTO teaches (instructor_ID, section_ID) VALUES (10, 10);;
INSERT INTO takes (student_ID, section_ID, grades) VALUES (1, 1, "C-");;
INSERT INTO takes (student_ID, section_ID, grades) VALUES (2, 2, "B+");;
INSERT INTO takes (student_ID, section_ID, grades) VALUES (3, 3, "B-");;
INSERT INTO takes (student_ID, section_ID, grades) VALUES (4, 4, "C+");;
INSERT INTO takes (student_ID, section_ID, grades) VALUES (5, 5, "A+");;
INSERT INTO takes (student_ID, section_ID, grades) VALUES (6, 6, "C+");;
INSERT INTO takes (student_ID, section_ID, grades) VALUES (7, 7, "D-");;
INSERT INTO takes (student_ID, section_ID, grades) VALUES (8, 8, "B+");;
INSERT INTO takes (student_ID, section_ID, grades) VALUES (9, 9, "B+");;
INSERT INTO takes (student_ID, section_ID, grades) VALUES (10, 10, "D+");;
INSERT INTO advises (student_ID, advisor_ID) VALUES (1, 1);;
INSERT INTO advises (student_ID, advisor_ID) VALUES (2, 2);;
INSERT INTO advises (student_ID, advisor_ID) VALUES (3, 3);;
INSERT INTO advises (student_ID, advisor_ID) VALUES (4, 4);;
INSERT INTO advises (student_ID, advisor_ID) VALUES (5, 5);;
INSERT INTO advises (student_ID, advisor_ID) VALUES (6, 6);;
INSERT INTO advises (student_ID, advisor_ID) VALUES (7, 7);;
INSERT INTO advises (student_ID, advisor_ID) VALUES (8, 8);;
INSERT INTO advises (student_ID, advisor_ID) VALUES (9, 9);;
INSERT INTO advises (student_ID, advisor_ID) VALUES (10, 10);;
INSERT INTO prereq (base_course_ID, requires_course_ID) VALUES (1, 1);;
INSERT INTO prereq (base_course_ID, requires_course_ID) VALUES (2, 2);;
INSERT INTO prereq (base_course_ID, requires_course_ID) VALUES (3, 3);;
INSERT INTO prereq (base_course_ID, requires_course_ID) VALUES (4, 4);;
INSERT INTO prereq (base_course_ID, requires_course_ID) VALUES (5, 5);;
INSERT INTO prereq (base_course_ID, requires_course_ID) VALUES (6, 6);;
INSERT INTO prereq (base_course_ID, requires_course_ID) VALUES (7, 7);;
INSERT INTO prereq (base_course_ID, requires_course_ID) VALUES (8, 8);;
INSERT INTO prereq (base_course_ID, requires_course_ID) VALUES (9, 9);;
INSERT INTO prereq (base_course_ID, requires_course_ID) VALUES (10, 10);;
