INSERT INTO classroom (building_name, room_number, capacity) VALUES ("MSB", 226, 4001);;
INSERT INTO classroom (building_name, room_number, capacity) VALUES ("MSB", 933, 9089);;
INSERT INTO classroom (building_name, room_number, capacity) VALUES ("Smith", 532, 5628);;
INSERT INTO classroom (building_name, room_number, capacity) VALUES ("White", 39, 3895);;
INSERT INTO classroom (building_name, room_number, capacity) VALUES ("White", 667, 9478);;
INSERT INTO classroom (building_name, room_number, capacity) VALUES ("White", 181, 8376);;
INSERT INTO classroom (building_name, room_number, capacity) VALUES ("DI", 491, 1669);;
INSERT INTO classroom (building_name, room_number, capacity) VALUES ("MSB", 613, 6059);;
INSERT INTO classroom (building_name, room_number, capacity) VALUES ("MSB", 146, 3185);;
INSERT INTO classroom (building_name, room_number, capacity) VALUES ("DI", 686, 5282);;
INSERT INTO department (department_name, building, budget) VALUES ("CS", "Smith", 2844375540.28);;
INSERT INTO department (department_name, building, budget) VALUES ("BIO", "DI", 5735850548.57);;
INSERT INTO department (department_name, building, budget) VALUES ("MATH", "Smith", 6811681981.68);;
INSERT INTO department (department_name, building, budget) VALUES ("CHEM", "MSB", 6917830395.69);;
INSERT INTO department (department_name, building, budget) VALUES ("NURS", "MSB", 5429991029.54);;
INSERT INTO department (department_name, building, budget) VALUES ("PHYS", "DI", 4302670583.43);;
INSERT INTO department (department_name, building, budget) VALUES ("ENGL", "MSB", 9467303520.94);;
INSERT INTO department (department_name, building, budget) VALUES ("FRNC", "Smith", 4226759373.42);;
INSERT INTO department (department_name, building, budget) VALUES ("JAPN", "Smith", 8479216087.84);;
INSERT INTO department (department_name, building, budget) VALUES ("BOTN", "DI", 3245984862.32);;
INSERT INTO time_slot (day, start_hr, start_min, end_hr, end_min) VALUES ("T", 15, 10, 11, 51);;
INSERT INTO time_slot (day, start_hr, start_min, end_hr, end_min) VALUES ("M", 1, 37, 18, 39);;
INSERT INTO time_slot (day, start_hr, start_min, end_hr, end_min) VALUES ("M", 5, 4, 4, 59);;
INSERT INTO time_slot (day, start_hr, start_min, end_hr, end_min) VALUES ("H", 20, 6, 12, 50);;
INSERT INTO time_slot (day, start_hr, start_min, end_hr, end_min) VALUES ("F", 16, 43, 19, 28);;
INSERT INTO time_slot (day, start_hr, start_min, end_hr, end_min) VALUES ("W", 10, 28, 11, 8);;
INSERT INTO time_slot (day, start_hr, start_min, end_hr, end_min) VALUES ("M", 8, 3, 23, 58);;
INSERT INTO time_slot (day, start_hr, start_min, end_hr, end_min) VALUES ("F", 7, 56, 3, 10);;
INSERT INTO time_slot (day, start_hr, start_min, end_hr, end_min) VALUES ("T", 3, 22, 8, 42);;
INSERT INTO time_slot (day, start_hr, start_min, end_hr, end_min) VALUES ("T", 1, 33, 18, 51);;
INSERT INTO advisor (first_name, last_name, department_ID) VALUES ("Tommy", "So", 1);;
INSERT INTO advisor (first_name, last_name, department_ID) VALUES ("Leah", "Redy", 2);;
INSERT INTO advisor (first_name, last_name, department_ID) VALUES ("Leah", "So", 3);;
INSERT INTO advisor (first_name, last_name, department_ID) VALUES ("Craig", "Raklovits", 4);;
INSERT INTO advisor (first_name, last_name, department_ID) VALUES ("Thomas", "Smith", 5);;
INSERT INTO advisor (first_name, last_name, department_ID) VALUES ("Leah", "Johnson", 6);;
INSERT INTO advisor (first_name, last_name, department_ID) VALUES ("TJ", "Redy", 7);;
INSERT INTO advisor (first_name, last_name, department_ID) VALUES ("Leah", "Morneweck", 8);;
INSERT INTO advisor (first_name, last_name, department_ID) VALUES ("Tommy", "Raklovits", 9);;
INSERT INTO advisor (first_name, last_name, department_ID) VALUES ("Leah", "Raklovits", 10);;
INSERT INTO course (title, department_ID, credits) VALUES ("CS1", 1, 25);;
INSERT INTO course (title, department_ID, credits) VALUES ("Discrete Structures", 2, 1);;
INSERT INTO course (title, department_ID, credits) VALUES ("Elementary Japanese 1", 3, 33);;
INSERT INTO course (title, department_ID, credits) VALUES ("Elementary Japanese 1", 4, 5);;
INSERT INTO course (title, department_ID, credits) VALUES ("Elementary Japanese 1", 5, 98);;
INSERT INTO course (title, department_ID, credits) VALUES ("CS1", 6, 7);;
INSERT INTO course (title, department_ID, credits) VALUES ("Discrete Structures", 7, 17);;
INSERT INTO course (title, department_ID, credits) VALUES ("CS1", 8, 56);;
INSERT INTO course (title, department_ID, credits) VALUES ("CS4", 9, 67);;
INSERT INTO course (title, department_ID, credits) VALUES ("Elementary Japanese 1", 10, 76);;
INSERT INTO instructor (first_name, last_name, department_ID, salary) VALUES ("Giovanni", "Phares", 1, 808571.80);;
INSERT INTO instructor (first_name, last_name, department_ID, salary) VALUES ("Giovanni", "Phares", 2, 524048.52);;
INSERT INTO instructor (first_name, last_name, department_ID, salary) VALUES ("Javed", "Kahn", 3, 391193.39);;
INSERT INTO instructor (first_name, last_name, department_ID, salary) VALUES ("Mikhail", "Nesterenko", 4, 343626.34);;
INSERT INTO instructor (first_name, last_name, department_ID, salary) VALUES ("Javed", "Phares", 5, 346656.34);;
INSERT INTO instructor (first_name, last_name, department_ID, salary) VALUES ("Giovanni", "Kahn", 6, 869649.86);;
INSERT INTO instructor (first_name, last_name, department_ID, salary) VALUES ("Mikhail", "Nesterenko", 7, 408683.40);;
INSERT INTO instructor (first_name, last_name, department_ID, salary) VALUES ("Giovanni", "Phares", 8, 115139.11);;
INSERT INTO instructor (first_name, last_name, department_ID, salary) VALUES ("Mikhail", "Nesterenko", 9, 647905.64);;
INSERT INTO instructor (first_name, last_name, department_ID, salary) VALUES ("Mikhail", "Kahn", 10, 145878.14);;
INSERT INTO section (course_ID, semester, year, building_ID, time_slot_ID) VALUES (1, "Summer", 1985, 1, 1);;
INSERT INTO section (course_ID, semester, year, building_ID, time_slot_ID) VALUES (2, "Fall", 1799, 2, 2);;
INSERT INTO section (course_ID, semester, year, building_ID, time_slot_ID) VALUES (3, "Fall", 1807, 3, 3);;
INSERT INTO section (course_ID, semester, year, building_ID, time_slot_ID) VALUES (4, "Winter", 1742, 4, 4);;
INSERT INTO section (course_ID, semester, year, building_ID, time_slot_ID) VALUES (5, "Fall", 2013, 5, 5);;
INSERT INTO section (course_ID, semester, year, building_ID, time_slot_ID) VALUES (6, "Summer", 1822, 6, 6);;
INSERT INTO section (course_ID, semester, year, building_ID, time_slot_ID) VALUES (7, "Spring", 1873, 7, 7);;
INSERT INTO section (course_ID, semester, year, building_ID, time_slot_ID) VALUES (8, "Winter", 1903, 8, 8);;
INSERT INTO section (course_ID, semester, year, building_ID, time_slot_ID) VALUES (9, "Fall", 1705, 9, 9);;
INSERT INTO section (course_ID, semester, year, building_ID, time_slot_ID) VALUES (10, "Summer", 2087, 10, 10);;
INSERT INTO student (first_name, last_name, department_ID, total_cred, advisor_ID) VALUES ("Logan", "Senol", 1, 13, 1);;
INSERT INTO student (first_name, last_name, department_ID, total_cred, advisor_ID) VALUES ("Andrew", "Senol", 2, 216, 2);;
INSERT INTO student (first_name, last_name, department_ID, total_cred, advisor_ID) VALUES ("Logan", "Senol", 3, 97, 3);;
INSERT INTO student (first_name, last_name, department_ID, total_cred, advisor_ID) VALUES ("Caleb", "Senol", 4, 134, 4);;
INSERT INTO student (first_name, last_name, department_ID, total_cred, advisor_ID) VALUES ("Caleb", "Senol", 5, 9, 5);;
INSERT INTO student (first_name, last_name, department_ID, total_cred, advisor_ID) VALUES ("Logan", "Senol", 6, 194, 6);;
INSERT INTO student (first_name, last_name, department_ID, total_cred, advisor_ID) VALUES ("Caleb", "Stanberry", 7, 69, 7);;
INSERT INTO student (first_name, last_name, department_ID, total_cred, advisor_ID) VALUES ("Logan", "Roddy", 8, 101, 8);;
INSERT INTO student (first_name, last_name, department_ID, total_cred, advisor_ID) VALUES ("Andrew", "Senol", 9, 9, 9);;
INSERT INTO student (first_name, last_name, department_ID, total_cred, advisor_ID) VALUES ("Andrew", "Stanberry", 10, 131, 10);;
INSERT INTO teaches (instructor_ID, section_ID) VALUES (1, 1);;
INSERT INTO teaches (instructor_ID, section_ID) VALUES (2, 2);;
INSERT INTO teaches (instructor_ID, section_ID) VALUES (3, 3);;
INSERT INTO teaches (instructor_ID, section_ID) VALUES (4, 4);;
INSERT INTO teaches (instructor_ID, section_ID) VALUES (5, 5);;
INSERT INTO teaches (instructor_ID, section_ID) VALUES (6, 6);;
INSERT INTO teaches (instructor_ID, section_ID) VALUES (7, 7);;
INSERT INTO teaches (instructor_ID, section_ID) VALUES (8, 8);;
INSERT INTO teaches (instructor_ID, section_ID) VALUES (9, 9);;
INSERT INTO teaches (instructor_ID, section_ID) VALUES (10, 10);;
INSERT INTO takes (student_ID, section_ID, grades) VALUES (1, 1, "C");;
INSERT INTO takes (student_ID, section_ID, grades) VALUES (2, 2, "C-");;
INSERT INTO takes (student_ID, section_ID, grades) VALUES (3, 3, "C+");;
INSERT INTO takes (student_ID, section_ID, grades) VALUES (4, 4, "D+");;
INSERT INTO takes (student_ID, section_ID, grades) VALUES (5, 5, "D+");;
INSERT INTO takes (student_ID, section_ID, grades) VALUES (6, 6, "D+");;
INSERT INTO takes (student_ID, section_ID, grades) VALUES (7, 7, "A");;
INSERT INTO takes (student_ID, section_ID, grades) VALUES (8, 8, "B");;
INSERT INTO takes (student_ID, section_ID, grades) VALUES (9, 9, "C+");;
INSERT INTO takes (student_ID, section_ID, grades) VALUES (10, 10, "A+");;
INSERT INTO advises (student_ID, advisor_ID) VALUES (1, 1);;
INSERT INTO advises (student_ID, advisor_ID) VALUES (2, 2);;
INSERT INTO advises (student_ID, advisor_ID) VALUES (3, 3);;
INSERT INTO advises (student_ID, advisor_ID) VALUES (4, 4);;
INSERT INTO advises (student_ID, advisor_ID) VALUES (5, 5);;
INSERT INTO advises (student_ID, advisor_ID) VALUES (6, 6);;
INSERT INTO advises (student_ID, advisor_ID) VALUES (7, 7);;
INSERT INTO advises (student_ID, advisor_ID) VALUES (8, 8);;
INSERT INTO advises (student_ID, advisor_ID) VALUES (9, 9);;
INSERT INTO advises (student_ID, advisor_ID) VALUES (10, 10);;
INSERT INTO prereq (base_course_ID, requires_course_ID) VALUES (1, 1);;
INSERT INTO prereq (base_course_ID, requires_course_ID) VALUES (2, 2);;
INSERT INTO prereq (base_course_ID, requires_course_ID) VALUES (3, 3);;
INSERT INTO prereq (base_course_ID, requires_course_ID) VALUES (4, 4);;
INSERT INTO prereq (base_course_ID, requires_course_ID) VALUES (5, 5);;
INSERT INTO prereq (base_course_ID, requires_course_ID) VALUES (6, 6);;
INSERT INTO prereq (base_course_ID, requires_course_ID) VALUES (7, 7);;
INSERT INTO prereq (base_course_ID, requires_course_ID) VALUES (8, 8);;
INSERT INTO prereq (base_course_ID, requires_course_ID) VALUES (9, 9);;
INSERT INTO prereq (base_course_ID, requires_course_ID) VALUES (10, 10);;
