INSERT INTO building (building_name) VALUES ("White");;
INSERT INTO building (building_name) VALUES ("DI");;
INSERT INTO building (building_name) VALUES ("Smith");;
INSERT INTO building (building_name) VALUES ("MSB");;
INSERT INTO building (building_name) VALUES ("Smith");;
INSERT INTO building (building_name) VALUES ("White");;
INSERT INTO building (building_name) VALUES ("White");;
INSERT INTO building (building_name) VALUES ("DI");;
INSERT INTO building (building_name) VALUES ("DI");;
INSERT INTO building (building_name) VALUES ("White");;
INSERT INTO classroom (building_ID, room_number, capacity) VALUES (1, 976, 748);;
INSERT INTO classroom (building_ID, room_number, capacity) VALUES (2, 151, 9651);;
INSERT INTO classroom (building_ID, room_number, capacity) VALUES (3, 601, 9293);;
INSERT INTO classroom (building_ID, room_number, capacity) VALUES (4, 158, 9557);;
INSERT INTO classroom (building_ID, room_number, capacity) VALUES (5, 519, 1411);;
INSERT INTO classroom (building_ID, room_number, capacity) VALUES (6, 189, 2391);;
INSERT INTO classroom (building_ID, room_number, capacity) VALUES (7, 64, 47);;
INSERT INTO classroom (building_ID, room_number, capacity) VALUES (8, 225, 8028);;
INSERT INTO classroom (building_ID, room_number, capacity) VALUES (9, 402, 3170);;
INSERT INTO classroom (building_ID, room_number, capacity) VALUES (10, 277, 4268);;
INSERT INTO department (department_name, building_ID, budget) VALUES ("CS", 1, 4215819188.42);;
INSERT INTO department (department_name, building_ID, budget) VALUES ("BIO", 2, 1462538936.14);;
INSERT INTO department (department_name, building_ID, budget) VALUES ("MATH", 3, 1266359681.12);;
INSERT INTO department (department_name, building_ID, budget) VALUES ("CHEM", 4, 7997312893.79);;
INSERT INTO department (department_name, building_ID, budget) VALUES ("NURS", 5, 8562418097.85);;
INSERT INTO department (department_name, building_ID, budget) VALUES ("PHYS", 6, 6440834458.64);;
INSERT INTO department (department_name, building_ID, budget) VALUES ("ENGL", 7, 6370989896.63);;
INSERT INTO department (department_name, building_ID, budget) VALUES ("FRNC", 8, 7380928198.73);;
INSERT INTO department (department_name, building_ID, budget) VALUES ("JAPN", 9, 5425561424.54);;
INSERT INTO department (department_name, building_ID, budget) VALUES ("BOTN", 10, 6329445851.63);;
INSERT INTO time_slot (day, start_hr, start_min, end_hr, end_min) VALUES ("W", 10, 5, 14, 34);;
INSERT INTO time_slot (day, start_hr, start_min, end_hr, end_min) VALUES ("W", 11, 4, 5, 21);;
INSERT INTO time_slot (day, start_hr, start_min, end_hr, end_min) VALUES ("H", 12, 48, 16, 40);;
INSERT INTO time_slot (day, start_hr, start_min, end_hr, end_min) VALUES ("W", 23, 56, 0, 55);;
INSERT INTO time_slot (day, start_hr, start_min, end_hr, end_min) VALUES ("M", 8, 48, 8, 42);;
INSERT INTO time_slot (day, start_hr, start_min, end_hr, end_min) VALUES ("M", 17, 9, 8, 15);;
INSERT INTO time_slot (day, start_hr, start_min, end_hr, end_min) VALUES ("F", 3, 36, 5, 28);;
INSERT INTO time_slot (day, start_hr, start_min, end_hr, end_min) VALUES ("T", 2, 30, 13, 27);;
INSERT INTO time_slot (day, start_hr, start_min, end_hr, end_min) VALUES ("H", 6, 5, 18, 3);;
INSERT INTO time_slot (day, start_hr, start_min, end_hr, end_min) VALUES ("W", 17, 10, 18, 22);;
INSERT INTO account (username, password, role) VALUES ("Drew2000", "GannonGannon88", "Student");;
INSERT INTO account (username, password, role) VALUES ("OrangeMan", "FavoriteColor", "Administrator");;
INSERT INTO account (username, password, role) VALUES ("Caleb999", "Coolest!", "Student");;
INSERT INTO account (username, password, role) VALUES ("coolGuy77", "Linkus", "Student");;
INSERT INTO account (username, password, role) VALUES ("Ganondworf", "TrulyCool2003", "Instructor");;
INSERT INTO account (username, password, role) VALUES ("aroddy", "Drop73Drop12!", "Administrator");;
INSERT INTO account (username, password, role) VALUES ("Link", "DrewPass99", "Student");;
INSERT INTO account (username, password, role) VALUES ("dropKick2000", "RealDoctor3626", "Student");;
INSERT INTO account (username, password, role) VALUES ("SuperCool", "123892138", "Student");;
INSERT INTO account (username, password, role) VALUES ("DrMario", "CalebCalebCaleb", "Instructor");;
INSERT INTO advisor (first_name, last_name, department_ID) VALUES ("Leah", "Smith", 1);;
INSERT INTO advisor (first_name, last_name, department_ID) VALUES ("Craig", "Raklovits", 2);;
INSERT INTO advisor (first_name, last_name, department_ID) VALUES ("Craig", "Smith", 3);;
INSERT INTO advisor (first_name, last_name, department_ID) VALUES ("TJ", "Raklovits", 4);;
INSERT INTO advisor (first_name, last_name, department_ID) VALUES ("Thomas", "Redy", 5);;
INSERT INTO advisor (first_name, last_name, department_ID) VALUES ("Joseph", "Smith", 6);;
INSERT INTO advisor (first_name, last_name, department_ID) VALUES ("Thomas", "Johnson", 7);;
INSERT INTO advisor (first_name, last_name, department_ID) VALUES ("Thomas", "Raklovits", 8);;
INSERT INTO advisor (first_name, last_name, department_ID) VALUES ("Tommy", "Smith", 9);;
INSERT INTO advisor (first_name, last_name, department_ID) VALUES ("Thomas", "So", 10);;
INSERT INTO course (title, department_ID, credits) VALUES ("Discrete Structures", 1, 96);;
INSERT INTO course (title, department_ID, credits) VALUES ("Elementary Japanese 1", 2, 47);;
INSERT INTO course (title, department_ID, credits) VALUES ("CS2", 3, 33);;
INSERT INTO course (title, department_ID, credits) VALUES ("CS1", 4, 70);;
INSERT INTO course (title, department_ID, credits) VALUES ("CS4", 5, 82);;
INSERT INTO course (title, department_ID, credits) VALUES ("Intro to Databases", 6, 2);;
INSERT INTO course (title, department_ID, credits) VALUES ("CS3", 7, 3);;
INSERT INTO course (title, department_ID, credits) VALUES ("CS4", 8, 55);;
INSERT INTO course (title, department_ID, credits) VALUES ("CS1", 9, 55);;
INSERT INTO course (title, department_ID, credits) VALUES ("Elementary Japanese 1", 10, 36);;
INSERT INTO instructor (first_name, last_name, department_ID, salary) VALUES ("Javed", "Phares", 1, 236228.23);;
INSERT INTO instructor (first_name, last_name, department_ID, salary) VALUES ("Mikhail", "Nesterenko", 2, 402711.40);;
INSERT INTO instructor (first_name, last_name, department_ID, salary) VALUES ("Javed", "Phares", 3, 500311.50);;
INSERT INTO instructor (first_name, last_name, department_ID, salary) VALUES ("Javed", "Phares", 4, 488131.48);;
INSERT INTO instructor (first_name, last_name, department_ID, salary) VALUES ("Mikhail", "Phares", 5, 767259.76);;
INSERT INTO instructor (first_name, last_name, department_ID, salary) VALUES ("Mikhail", "Nesterenko", 6, 480118.48);;
INSERT INTO instructor (first_name, last_name, department_ID, salary) VALUES ("Mikhail", "Kahn", 7, 615724.61);;
INSERT INTO instructor (first_name, last_name, department_ID, salary) VALUES ("Giovanni", "Phares", 8, 184676.18);;
INSERT INTO instructor (first_name, last_name, department_ID, salary) VALUES ("Javed", "Kahn", 9, 388865.38);;
INSERT INTO instructor (first_name, last_name, department_ID, salary) VALUES ("Giovanni", "Kahn", 10, 908103.90);;
INSERT INTO section (course_ID, semester, year, building_ID, time_slot_ID) VALUES (1, "Spring", 1771, 1, 1);;
INSERT INTO section (course_ID, semester, year, building_ID, time_slot_ID) VALUES (2, "Winter", 1979, 2, 2);;
INSERT INTO section (course_ID, semester, year, building_ID, time_slot_ID) VALUES (3, "Spring", 1752, 3, 3);;
INSERT INTO section (course_ID, semester, year, building_ID, time_slot_ID) VALUES (4, "Winter", 1712, 4, 4);;
INSERT INTO section (course_ID, semester, year, building_ID, time_slot_ID) VALUES (5, "Winter", 1989, 5, 5);;
INSERT INTO section (course_ID, semester, year, building_ID, time_slot_ID) VALUES (6, "Fall", 1886, 6, 6);;
INSERT INTO section (course_ID, semester, year, building_ID, time_slot_ID) VALUES (7, "Spring", 1781, 7, 7);;
INSERT INTO section (course_ID, semester, year, building_ID, time_slot_ID) VALUES (8, "Spring", 1971, 8, 8);;
INSERT INTO section (course_ID, semester, year, building_ID, time_slot_ID) VALUES (9, "Spring", 1889, 9, 9);;
INSERT INTO section (course_ID, semester, year, building_ID, time_slot_ID) VALUES (10, "Spring", 1931, 10, 10);;
INSERT INTO student (first_name, last_name, department_ID, total_cred, advisor_ID) VALUES ("Logan", "Stanberry", 1, 31, 1);;
INSERT INTO student (first_name, last_name, department_ID, total_cred, advisor_ID) VALUES ("Andrew", "Stanberry", 2, 53, 2);;
INSERT INTO student (first_name, last_name, department_ID, total_cred, advisor_ID) VALUES ("Logan", "Senol", 3, 210, 3);;
INSERT INTO student (first_name, last_name, department_ID, total_cred, advisor_ID) VALUES ("Andrew", "Roddy", 4, 215, 4);;
INSERT INTO student (first_name, last_name, department_ID, total_cred, advisor_ID) VALUES ("Caleb", "Stanberry", 5, 96, 5);;
INSERT INTO student (first_name, last_name, department_ID, total_cred, advisor_ID) VALUES ("Caleb", "Senol", 6, 213, 6);;
INSERT INTO student (first_name, last_name, department_ID, total_cred, advisor_ID) VALUES ("Andrew", "Senol", 7, 183, 7);;
INSERT INTO student (first_name, last_name, department_ID, total_cred, advisor_ID) VALUES ("Logan", "Stanberry", 8, 116, 8);;
INSERT INTO student (first_name, last_name, department_ID, total_cred, advisor_ID) VALUES ("Logan", "Roddy", 9, 13, 9);;
INSERT INTO student (first_name, last_name, department_ID, total_cred, advisor_ID) VALUES ("Logan", "Stanberry", 10, 178, 10);;
INSERT INTO teaches (instructor_ID, section_ID) VALUES (1, 1);;
INSERT INTO teaches (instructor_ID, section_ID) VALUES (2, 2);;
INSERT INTO teaches (instructor_ID, section_ID) VALUES (3, 3);;
INSERT INTO teaches (instructor_ID, section_ID) VALUES (4, 4);;
INSERT INTO teaches (instructor_ID, section_ID) VALUES (5, 5);;
INSERT INTO teaches (instructor_ID, section_ID) VALUES (6, 6);;
INSERT INTO teaches (instructor_ID, section_ID) VALUES (7, 7);;
INSERT INTO teaches (instructor_ID, section_ID) VALUES (8, 8);;
INSERT INTO teaches (instructor_ID, section_ID) VALUES (9, 9);;
INSERT INTO teaches (instructor_ID, section_ID) VALUES (10, 10);;
INSERT INTO takes (student_ID, section_ID, grades) VALUES (1, 1, "B+");;
INSERT INTO takes (student_ID, section_ID, grades) VALUES (2, 2, "F");;
INSERT INTO takes (student_ID, section_ID, grades) VALUES (3, 3, "D+");;
INSERT INTO takes (student_ID, section_ID, grades) VALUES (4, 4, "C-");;
INSERT INTO takes (student_ID, section_ID, grades) VALUES (5, 5, "B-");;
INSERT INTO takes (student_ID, section_ID, grades) VALUES (6, 6, "C+");;
INSERT INTO takes (student_ID, section_ID, grades) VALUES (7, 7, "D-");;
INSERT INTO takes (student_ID, section_ID, grades) VALUES (8, 8, "D-");;
INSERT INTO takes (student_ID, section_ID, grades) VALUES (9, 9, "B+");;
INSERT INTO takes (student_ID, section_ID, grades) VALUES (10, 10, "D");;
INSERT INTO advises (student_ID, advisor_ID) VALUES (1, 1);;
INSERT INTO advises (student_ID, advisor_ID) VALUES (2, 2);;
INSERT INTO advises (student_ID, advisor_ID) VALUES (3, 3);;
INSERT INTO advises (student_ID, advisor_ID) VALUES (4, 4);;
INSERT INTO advises (student_ID, advisor_ID) VALUES (5, 5);;
INSERT INTO advises (student_ID, advisor_ID) VALUES (6, 6);;
INSERT INTO advises (student_ID, advisor_ID) VALUES (7, 7);;
INSERT INTO advises (student_ID, advisor_ID) VALUES (8, 8);;
INSERT INTO advises (student_ID, advisor_ID) VALUES (9, 9);;
INSERT INTO advises (student_ID, advisor_ID) VALUES (10, 10);;
INSERT INTO prereq (base_course_ID, requires_course_ID) VALUES (1, 1);;
INSERT INTO prereq (base_course_ID, requires_course_ID) VALUES (2, 2);;
INSERT INTO prereq (base_course_ID, requires_course_ID) VALUES (3, 3);;
INSERT INTO prereq (base_course_ID, requires_course_ID) VALUES (4, 4);;
INSERT INTO prereq (base_course_ID, requires_course_ID) VALUES (5, 5);;
INSERT INTO prereq (base_course_ID, requires_course_ID) VALUES (6, 6);;
INSERT INTO prereq (base_course_ID, requires_course_ID) VALUES (7, 7);;
INSERT INTO prereq (base_course_ID, requires_course_ID) VALUES (8, 8);;
INSERT INTO prereq (base_course_ID, requires_course_ID) VALUES (9, 9);;
INSERT INTO prereq (base_course_ID, requires_course_ID) VALUES (10, 10);;
