INSERT INTO building (building_name) VALUES ("Smith");;
INSERT INTO building (building_name) VALUES ("MSB");;
INSERT INTO building (building_name) VALUES ("DI");;
INSERT INTO building (building_name) VALUES ("Smith");;
INSERT INTO building (building_name) VALUES ("Smith");;
INSERT INTO building (building_name) VALUES ("DI");;
INSERT INTO building (building_name) VALUES ("White");;
INSERT INTO building (building_name) VALUES ("MSB");;
INSERT INTO building (building_name) VALUES ("White");;
INSERT INTO building (building_name) VALUES ("White");;
INSERT INTO classroom (building_ID, room_number, capacity) VALUES (1, 246, 6811);;
INSERT INTO classroom (building_ID, room_number, capacity) VALUES (2, 203, 2505);;
INSERT INTO classroom (building_ID, room_number, capacity) VALUES (3, 94, 1152);;
INSERT INTO classroom (building_ID, room_number, capacity) VALUES (4, 26, 8678);;
INSERT INTO classroom (building_ID, room_number, capacity) VALUES (5, 564, 9421);;
INSERT INTO classroom (building_ID, room_number, capacity) VALUES (6, 274, 1250);;
INSERT INTO classroom (building_ID, room_number, capacity) VALUES (7, 949, 1639);;
INSERT INTO classroom (building_ID, room_number, capacity) VALUES (8, 290, 6038);;
INSERT INTO classroom (building_ID, room_number, capacity) VALUES (9, 823, 6615);;
INSERT INTO classroom (building_ID, room_number, capacity) VALUES (10, 532, 9999);;
INSERT INTO department (department_name, building_ID, budget) VALUES ("CS", 1, 8875755331.88);;
INSERT INTO department (department_name, building_ID, budget) VALUES ("BIO", 2, 1607673357.16);;
INSERT INTO department (department_name, building_ID, budget) VALUES ("MATH", 3, 7316885312.73);;
INSERT INTO department (department_name, building_ID, budget) VALUES ("CHEM", 4, 4745937508.47);;
INSERT INTO department (department_name, building_ID, budget) VALUES ("NURS", 5, 2164063291.21);;
INSERT INTO department (department_name, building_ID, budget) VALUES ("PHYS", 6, 8308017652.83);;
INSERT INTO department (department_name, building_ID, budget) VALUES ("ENGL", 7, 2156866277.21);;
INSERT INTO department (department_name, building_ID, budget) VALUES ("FRNC", 8, 6660233240.66);;
INSERT INTO department (department_name, building_ID, budget) VALUES ("JAPN", 9, 2310693522.23);;
INSERT INTO department (department_name, building_ID, budget) VALUES ("BOTN", 10, 3028264943.30);;
INSERT INTO time_slot (day, start_hr, start_min, end_hr, end_min) VALUES ("F", 20, 31, 6, 21);;
INSERT INTO time_slot (day, start_hr, start_min, end_hr, end_min) VALUES ("F", 15, 38, 2, 47);;
INSERT INTO time_slot (day, start_hr, start_min, end_hr, end_min) VALUES ("W", 4, 46, 12, 31);;
INSERT INTO time_slot (day, start_hr, start_min, end_hr, end_min) VALUES ("H", 5, 20, 21, 51);;
INSERT INTO time_slot (day, start_hr, start_min, end_hr, end_min) VALUES ("T", 21, 1, 6, 9);;
INSERT INTO time_slot (day, start_hr, start_min, end_hr, end_min) VALUES ("M", 15, 9, 22, 41);;
INSERT INTO time_slot (day, start_hr, start_min, end_hr, end_min) VALUES ("W", 7, 34, 13, 30);;
INSERT INTO time_slot (day, start_hr, start_min, end_hr, end_min) VALUES ("W", 8, 53, 14, 52);;
INSERT INTO time_slot (day, start_hr, start_min, end_hr, end_min) VALUES ("H", 9, 1, 17, 21);;
INSERT INTO time_slot (day, start_hr, start_min, end_hr, end_min) VALUES ("M", 4, 47, 0, 7);;
INSERT INTO account (username, password, role) VALUES ("coolGuy77", "FavoriteColor", "Student");;
INSERT INTO account (username, password, role) VALUES ("OrangeMan", "Coolest!", "Student");;
INSERT INTO account (username, password, role) VALUES ("SuperCool", "CalebCalebCaleb", "Instructor");;
INSERT INTO account (username, password, role) VALUES ("DrMario", "123892138", "Administrator");;
INSERT INTO account (username, password, role) VALUES ("dropKick2000", "Drop73Drop12!", "Instructor");;
INSERT INTO account (username, password, role) VALUES ("aroddy", "TrulyCool2003", "Instructor");;
INSERT INTO account (username, password, role) VALUES ("Link", "GannonGannon88", "Student");;
INSERT INTO account (username, password, role) VALUES ("Caleb999", "Linkus", "Student");;
INSERT INTO account (username, password, role) VALUES ("Ganondworf", "DrewPass99", "Instructor");;
INSERT INTO account (username, password, role) VALUES ("Drew2000", "RealDoctor3626", "Student");;
INSERT INTO advisor (first_name, last_name, department_ID) VALUES ("Tommy", "Morneweck", 1);;
INSERT INTO advisor (first_name, last_name, department_ID) VALUES ("Thomas", "Johnson", 2);;
INSERT INTO advisor (first_name, last_name, department_ID) VALUES ("Thomas", "Smith", 3);;
INSERT INTO advisor (first_name, last_name, department_ID) VALUES ("Joseph", "Raklovits", 4);;
INSERT INTO advisor (first_name, last_name, department_ID) VALUES ("Thomas", "Smith", 5);;
INSERT INTO advisor (first_name, last_name, department_ID) VALUES ("Thomas", "So", 6);;
INSERT INTO advisor (first_name, last_name, department_ID) VALUES ("Craig", "Smith", 7);;
INSERT INTO advisor (first_name, last_name, department_ID) VALUES ("Joseph", "Raklovits", 8);;
INSERT INTO advisor (first_name, last_name, department_ID) VALUES ("Craig", "Redy", 9);;
INSERT INTO advisor (first_name, last_name, department_ID) VALUES ("Thomas", "Johnson", 10);;
INSERT INTO course (title, department_ID, credits) VALUES ("Elementary Japanese 1", 1, 39);;
INSERT INTO course (title, department_ID, credits) VALUES ("Intro to Databases", 2, 89);;
INSERT INTO course (title, department_ID, credits) VALUES ("CS2", 3, 52);;
INSERT INTO course (title, department_ID, credits) VALUES ("Elementary Japanese 1", 4, 74);;
INSERT INTO course (title, department_ID, credits) VALUES ("Elementary Japanese 1", 5, 81);;
INSERT INTO course (title, department_ID, credits) VALUES ("Discrete Structures", 6, 93);;
INSERT INTO course (title, department_ID, credits) VALUES ("CS3", 7, 77);;
INSERT INTO course (title, department_ID, credits) VALUES ("Intro to Databases", 8, 55);;
INSERT INTO course (title, department_ID, credits) VALUES ("CS3", 9, 56);;
INSERT INTO course (title, department_ID, credits) VALUES ("CS3", 10, 37);;
INSERT INTO instructor (first_name, last_name, department_ID, salary) VALUES ("Javed", "Kahn", 1, 750399.75);;
INSERT INTO instructor (first_name, last_name, department_ID, salary) VALUES ("Giovanni", "Kahn", 2, 875815.87);;
INSERT INTO instructor (first_name, last_name, department_ID, salary) VALUES ("Giovanni", "Nesterenko", 3, 154805.15);;
INSERT INTO instructor (first_name, last_name, department_ID, salary) VALUES ("Javed", "Nesterenko", 4, 263979.26);;
INSERT INTO instructor (first_name, last_name, department_ID, salary) VALUES ("Javed", "Nesterenko", 5, 891122.89);;
INSERT INTO instructor (first_name, last_name, department_ID, salary) VALUES ("Mikhail", "Nesterenko", 6, 621424.62);;
INSERT INTO instructor (first_name, last_name, department_ID, salary) VALUES ("Giovanni", "Kahn", 7, 369005.36);;
INSERT INTO instructor (first_name, last_name, department_ID, salary) VALUES ("Giovanni", "Nesterenko", 8, 604933.60);;
INSERT INTO instructor (first_name, last_name, department_ID, salary) VALUES ("Javed", "Kahn", 9, 349931.34);;
INSERT INTO instructor (first_name, last_name, department_ID, salary) VALUES ("Giovanni", "Kahn", 10, 816423.81);;
INSERT INTO section (course_ID, semester, year, building_ID, time_slot_ID) VALUES (1, "Fall", 2074, 1, 1);;
INSERT INTO section (course_ID, semester, year, building_ID, time_slot_ID) VALUES (2, "Fall", 2010, 2, 2);;
INSERT INTO section (course_ID, semester, year, building_ID, time_slot_ID) VALUES (3, "Winter", 1710, 3, 3);;
INSERT INTO section (course_ID, semester, year, building_ID, time_slot_ID) VALUES (4, "Fall", 1732, 4, 4);;
INSERT INTO section (course_ID, semester, year, building_ID, time_slot_ID) VALUES (5, "Fall", 2008, 5, 5);;
INSERT INTO section (course_ID, semester, year, building_ID, time_slot_ID) VALUES (6, "Winter", 1891, 6, 6);;
INSERT INTO section (course_ID, semester, year, building_ID, time_slot_ID) VALUES (7, "Summer", 1862, 7, 7);;
INSERT INTO section (course_ID, semester, year, building_ID, time_slot_ID) VALUES (8, "Winter", 2046, 8, 8);;
INSERT INTO section (course_ID, semester, year, building_ID, time_slot_ID) VALUES (9, "Summer", 1934, 9, 9);;
INSERT INTO section (course_ID, semester, year, building_ID, time_slot_ID) VALUES (10, "Spring", 1772, 10, 10);;
INSERT INTO student (first_name, last_name, department_ID, total_cred, advisor_ID) VALUES ("Caleb", "Stanberry", 1, 102, 1);;
INSERT INTO student (first_name, last_name, department_ID, total_cred, advisor_ID) VALUES ("Logan", "Senol", 2, 13, 2);;
INSERT INTO student (first_name, last_name, department_ID, total_cred, advisor_ID) VALUES ("Caleb", "Senol", 3, 127, 3);;
INSERT INTO student (first_name, last_name, department_ID, total_cred, advisor_ID) VALUES ("Logan", "Senol", 4, 220, 4);;
INSERT INTO student (first_name, last_name, department_ID, total_cred, advisor_ID) VALUES ("Logan", "Senol", 5, 156, 5);;
INSERT INTO student (first_name, last_name, department_ID, total_cred, advisor_ID) VALUES ("Andrew", "Stanberry", 6, 207, 6);;
INSERT INTO student (first_name, last_name, department_ID, total_cred, advisor_ID) VALUES ("Andrew", "Roddy", 7, 218, 7);;
INSERT INTO student (first_name, last_name, department_ID, total_cred, advisor_ID) VALUES ("Caleb", "Senol", 8, 214, 8);;
INSERT INTO student (first_name, last_name, department_ID, total_cred, advisor_ID) VALUES ("Andrew", "Senol", 9, 117, 9);;
INSERT INTO student (first_name, last_name, department_ID, total_cred, advisor_ID) VALUES ("Andrew", "Stanberry", 10, 214, 10);;
INSERT INTO teaches (instructor_ID, section_ID) VALUES (1, 1);;
INSERT INTO teaches (instructor_ID, section_ID) VALUES (2, 2);;
INSERT INTO teaches (instructor_ID, section_ID) VALUES (3, 3);;
INSERT INTO teaches (instructor_ID, section_ID) VALUES (4, 4);;
INSERT INTO teaches (instructor_ID, section_ID) VALUES (5, 5);;
INSERT INTO teaches (instructor_ID, section_ID) VALUES (6, 6);;
INSERT INTO teaches (instructor_ID, section_ID) VALUES (7, 7);;
INSERT INTO teaches (instructor_ID, section_ID) VALUES (8, 8);;
INSERT INTO teaches (instructor_ID, section_ID) VALUES (9, 9);;
INSERT INTO teaches (instructor_ID, section_ID) VALUES (10, 10);;
<<<<<<< HEAD
INSERT INTO takes (student_ID, section_ID, grades) VALUES (1, 1, "D-");;
INSERT INTO takes (student_ID, section_ID, grades) VALUES (2, 2, "C+");;
INSERT INTO takes (student_ID, section_ID, grades) VALUES (3, 3, "C");;
INSERT INTO takes (student_ID, section_ID, grades) VALUES (4, 4, "A+");;
INSERT INTO takes (student_ID, section_ID, grades) VALUES (5, 5, "C-");;
INSERT INTO takes (student_ID, section_ID, grades) VALUES (6, 6, "D-");;
INSERT INTO takes (student_ID, section_ID, grades) VALUES (7, 7, "C-");;
INSERT INTO takes (student_ID, section_ID, grades) VALUES (8, 8, "D+");;
INSERT INTO takes (student_ID, section_ID, grades) VALUES (9, 9, "C");;
INSERT INTO takes (student_ID, section_ID, grades) VALUES (10, 10, "F");;
=======
INSERT INTO takes (student_ID, section_ID, grades) VALUES (1, 1, "A");;
INSERT INTO takes (student_ID, section_ID, grades) VALUES (2, 2, "F");;
INSERT INTO takes (student_ID, section_ID, grades) VALUES (3, 3, "D-");;
INSERT INTO takes (student_ID, section_ID, grades) VALUES (4, 4, "A");;
INSERT INTO takes (student_ID, section_ID, grades) VALUES (5, 5, "A+");;
INSERT INTO takes (student_ID, section_ID, grades) VALUES (6, 6, "A+");;
INSERT INTO takes (student_ID, section_ID, grades) VALUES (7, 7, "C-");;
INSERT INTO takes (student_ID, section_ID, grades) VALUES (8, 8, "C-");;
INSERT INTO takes (student_ID, section_ID, grades) VALUES (9, 9, "B-");;
INSERT INTO takes (student_ID, section_ID, grades) VALUES (10, 10, "B+");;
>>>>>>> 80f878f (lowercase)
INSERT INTO advises (student_ID, advisor_ID) VALUES (1, 1);;
INSERT INTO advises (student_ID, advisor_ID) VALUES (2, 2);;
INSERT INTO advises (student_ID, advisor_ID) VALUES (3, 3);;
INSERT INTO advises (student_ID, advisor_ID) VALUES (4, 4);;
INSERT INTO advises (student_ID, advisor_ID) VALUES (5, 5);;
INSERT INTO advises (student_ID, advisor_ID) VALUES (6, 6);;
INSERT INTO advises (student_ID, advisor_ID) VALUES (7, 7);;
INSERT INTO advises (student_ID, advisor_ID) VALUES (8, 8);;
INSERT INTO advises (student_ID, advisor_ID) VALUES (9, 9);;
INSERT INTO advises (student_ID, advisor_ID) VALUES (10, 10);;
INSERT INTO prereq (base_course_ID, requires_course_ID) VALUES (1, 1);;
INSERT INTO prereq (base_course_ID, requires_course_ID) VALUES (2, 2);;
INSERT INTO prereq (base_course_ID, requires_course_ID) VALUES (3, 3);;
INSERT INTO prereq (base_course_ID, requires_course_ID) VALUES (4, 4);;
INSERT INTO prereq (base_course_ID, requires_course_ID) VALUES (5, 5);;
INSERT INTO prereq (base_course_ID, requires_course_ID) VALUES (6, 6);;
INSERT INTO prereq (base_course_ID, requires_course_ID) VALUES (7, 7);;
INSERT INTO prereq (base_course_ID, requires_course_ID) VALUES (8, 8);;
INSERT INTO prereq (base_course_ID, requires_course_ID) VALUES (9, 9);;
INSERT INTO prereq (base_course_ID, requires_course_ID) VALUES (10, 10);;
