INSERT INTO building (building_name) VALUES ("MSB");;
INSERT INTO building (building_name) VALUES ("DI");;
INSERT INTO building (building_name) VALUES ("Smith");;
INSERT INTO building (building_name) VALUES ("DI");;
INSERT INTO building (building_name) VALUES ("DI");;
INSERT INTO building (building_name) VALUES ("MSB");;
INSERT INTO building (building_name) VALUES ("MSB");;
INSERT INTO building (building_name) VALUES ("DI");;
INSERT INTO building (building_name) VALUES ("MSB");;
INSERT INTO building (building_name) VALUES ("MSB");;
INSERT INTO classroom (building_ID, room_number, capacity) VALUES (1, 452, 4449);;
INSERT INTO classroom (building_ID, room_number, capacity) VALUES (2, 376, 1038);;
INSERT INTO classroom (building_ID, room_number, capacity) VALUES (3, 7, 8215);;
INSERT INTO classroom (building_ID, room_number, capacity) VALUES (4, 183, 2498);;
INSERT INTO classroom (building_ID, room_number, capacity) VALUES (5, 262, 4400);;
INSERT INTO classroom (building_ID, room_number, capacity) VALUES (6, 51, 4899);;
INSERT INTO classroom (building_ID, room_number, capacity) VALUES (7, 887, 9607);;
INSERT INTO classroom (building_ID, room_number, capacity) VALUES (8, 941, 4465);;
INSERT INTO classroom (building_ID, room_number, capacity) VALUES (9, 881, 890);;
INSERT INTO classroom (building_ID, room_number, capacity) VALUES (10, 791, 6108);;
INSERT INTO department (department_name, building_ID, budget) VALUES ("CS", 1, 2054361050.20);;
INSERT INTO department (department_name, building_ID, budget) VALUES ("BIO", 2, 1749280865.17);;
INSERT INTO department (department_name, building_ID, budget) VALUES ("MATH", 3, 7591906070.75);;
INSERT INTO department (department_name, building_ID, budget) VALUES ("CHEM", 4, 650046354.65);;
INSERT INTO department (department_name, building_ID, budget) VALUES ("NURS", 5, 5215156452.52);;
INSERT INTO department (department_name, building_ID, budget) VALUES ("PHYS", 6, 1942310204.19);;
INSERT INTO department (department_name, building_ID, budget) VALUES ("ENGL", 7, 7041512423.70);;
INSERT INTO department (department_name, building_ID, budget) VALUES ("FRNC", 8, 8438776297.84);;
INSERT INTO department (department_name, building_ID, budget) VALUES ("JAPN", 9, 3036567662.30);;
INSERT INTO department (department_name, building_ID, budget) VALUES ("BOTN", 10, 3625575837.36);;
INSERT INTO time_slot (day, start_hr, start_min, end_hr, end_min) VALUES ("T", 8, 56, 14, 56);;
INSERT INTO time_slot (day, start_hr, start_min, end_hr, end_min) VALUES ("T", 12, 13, 17, 50);;
INSERT INTO time_slot (day, start_hr, start_min, end_hr, end_min) VALUES ("H", 16, 52, 15, 16);;
INSERT INTO time_slot (day, start_hr, start_min, end_hr, end_min) VALUES ("M", 13, 46, 11, 54);;
INSERT INTO time_slot (day, start_hr, start_min, end_hr, end_min) VALUES ("T", 18, 12, 11, 25);;
INSERT INTO time_slot (day, start_hr, start_min, end_hr, end_min) VALUES ("T", 13, 14, 18, 44);;
INSERT INTO time_slot (day, start_hr, start_min, end_hr, end_min) VALUES ("H", 10, 13, 13, 36);;
INSERT INTO time_slot (day, start_hr, start_min, end_hr, end_min) VALUES ("H", 14, 52, 4, 35);;
INSERT INTO time_slot (day, start_hr, start_min, end_hr, end_min) VALUES ("F", 18, 51, 1, 28);;
INSERT INTO time_slot (day, start_hr, start_min, end_hr, end_min) VALUES ("W", 23, 42, 20, 28);;
INSERT INTO account (username, password, role) VALUES ("Link", "Coolest!", "Instructor");;
INSERT INTO account (username, password, role) VALUES ("coolGuy77", "FavoriteColor", "Instructor");;
INSERT INTO account (username, password, role) VALUES ("aroddy", "DrewPass99", "Instructor");;
INSERT INTO account (username, password, role) VALUES ("Drew2000", "RealDoctor3626", "Student");;
INSERT INTO account (username, password, role) VALUES ("SuperCool", "Drop73Drop12!", "Student");;
INSERT INTO account (username, password, role) VALUES ("Ganondworf", "GannonGannon88", "Student");;
INSERT INTO account (username, password, role) VALUES ("Caleb999", "CalebCalebCaleb", "Instructor");;
INSERT INTO account (username, password, role) VALUES ("dropKick2000", "123892138", "Student");;
INSERT INTO account (username, password, role) VALUES ("OrangeMan", "TrulyCool2003", "Instructor");;
INSERT INTO account (username, password, role) VALUES ("DrMario", "Linkus", "Instructor");;
INSERT INTO advisor (first_name, last_name, department_ID) VALUES ("Tommy", "Morneweck", 1);;
INSERT INTO advisor (first_name, last_name, department_ID) VALUES ("TJ", "Raklovits", 2);;
INSERT INTO advisor (first_name, last_name, department_ID) VALUES ("Tommy", "Morneweck", 3);;
INSERT INTO advisor (first_name, last_name, department_ID) VALUES ("Thomas", "So", 4);;
INSERT INTO advisor (first_name, last_name, department_ID) VALUES ("Thomas", "Redy", 5);;
INSERT INTO advisor (first_name, last_name, department_ID) VALUES ("Craig", "Raklovits", 6);;
INSERT INTO advisor (first_name, last_name, department_ID) VALUES ("Craig", "Morneweck", 7);;
INSERT INTO advisor (first_name, last_name, department_ID) VALUES ("Thomas", "Johnson", 8);;
INSERT INTO advisor (first_name, last_name, department_ID) VALUES ("Craig", "Morneweck", 9);;
INSERT INTO advisor (first_name, last_name, department_ID) VALUES ("Tommy", "So", 10);;
INSERT INTO course (title, department_ID, credits) VALUES ("Discrete Structures", 1, 59);;
INSERT INTO course (title, department_ID, credits) VALUES ("Discrete Structures", 2, 29);;
INSERT INTO course (title, department_ID, credits) VALUES ("CS1", 3, 92);;
INSERT INTO course (title, department_ID, credits) VALUES ("CS4", 4, 45);;
INSERT INTO course (title, department_ID, credits) VALUES ("Elementary Japanese 1", 5, 84);;
INSERT INTO course (title, department_ID, credits) VALUES ("CS1", 6, 77);;
INSERT INTO course (title, department_ID, credits) VALUES ("CS3", 7, 30);;
INSERT INTO course (title, department_ID, credits) VALUES ("Discrete Structures", 8, 4);;
INSERT INTO course (title, department_ID, credits) VALUES ("Elementary Japanese 1", 9, 42);;
INSERT INTO course (title, department_ID, credits) VALUES ("CS2", 10, 94);;
INSERT INTO instructor (first_name, last_name, department_ID, salary) VALUES ("Javed", "Nesterenko", 1, 306689.30);;
INSERT INTO instructor (first_name, last_name, department_ID, salary) VALUES ("Giovanni", "Kahn", 2, 817203.81);;
INSERT INTO instructor (first_name, last_name, department_ID, salary) VALUES ("Mikhail", "Kahn", 3, 661799.66);;
INSERT INTO instructor (first_name, last_name, department_ID, salary) VALUES ("Javed", "Nesterenko", 4, 192660.19);;
INSERT INTO instructor (first_name, last_name, department_ID, salary) VALUES ("Javed", "Kahn", 5, 830632.83);;
INSERT INTO instructor (first_name, last_name, department_ID, salary) VALUES ("Javed", "Nesterenko", 6, 496002.49);;
INSERT INTO instructor (first_name, last_name, department_ID, salary) VALUES ("Giovanni", "Kahn", 7, 860395.86);;
INSERT INTO instructor (first_name, last_name, department_ID, salary) VALUES ("Javed", "Nesterenko", 8, 394589.39);;
INSERT INTO instructor (first_name, last_name, department_ID, salary) VALUES ("Javed", "Phares", 9, 584583.58);;
INSERT INTO instructor (first_name, last_name, department_ID, salary) VALUES ("Javed", "Kahn", 10, 199672.19);;
INSERT INTO section (course_ID, semester, year, building_ID, time_slot_ID) VALUES (1, "Fall", 1966, 1, 1);;
INSERT INTO section (course_ID, semester, year, building_ID, time_slot_ID) VALUES (2, "Winter", 1892, 2, 2);;
INSERT INTO section (course_ID, semester, year, building_ID, time_slot_ID) VALUES (3, "Summer", 2098, 3, 3);;
INSERT INTO section (course_ID, semester, year, building_ID, time_slot_ID) VALUES (4, "Summer", 1993, 4, 4);;
INSERT INTO section (course_ID, semester, year, building_ID, time_slot_ID) VALUES (5, "Winter", 1869, 5, 5);;
INSERT INTO section (course_ID, semester, year, building_ID, time_slot_ID) VALUES (6, "Summer", 2070, 6, 6);;
INSERT INTO section (course_ID, semester, year, building_ID, time_slot_ID) VALUES (7, "Winter", 1719, 7, 7);;
INSERT INTO section (course_ID, semester, year, building_ID, time_slot_ID) VALUES (8, "Summer", 2000, 8, 8);;
INSERT INTO section (course_ID, semester, year, building_ID, time_slot_ID) VALUES (9, "Spring", 1904, 9, 9);;
INSERT INTO section (course_ID, semester, year, building_ID, time_slot_ID) VALUES (10, "Spring", 1967, 10, 10);;
INSERT INTO student (first_name, last_name, department_ID, total_cred, advisor_ID) VALUES ("Caleb", "Roddy", 1, 127, 1);;
INSERT INTO student (first_name, last_name, department_ID, total_cred, advisor_ID) VALUES ("Logan", "Senol", 2, 25, 2);;
INSERT INTO student (first_name, last_name, department_ID, total_cred, advisor_ID) VALUES ("Logan", "Stanberry", 3, 148, 3);;
INSERT INTO student (first_name, last_name, department_ID, total_cred, advisor_ID) VALUES ("Caleb", "Senol", 4, 82, 4);;
INSERT INTO student (first_name, last_name, department_ID, total_cred, advisor_ID) VALUES ("Caleb", "Senol", 5, 105, 5);;
INSERT INTO student (first_name, last_name, department_ID, total_cred, advisor_ID) VALUES ("Logan", "Senol", 6, 160, 6);;
INSERT INTO student (first_name, last_name, department_ID, total_cred, advisor_ID) VALUES ("Andrew", "Senol", 7, 217, 7);;
INSERT INTO student (first_name, last_name, department_ID, total_cred, advisor_ID) VALUES ("Logan", "Stanberry", 8, 161, 8);;
INSERT INTO student (first_name, last_name, department_ID, total_cred, advisor_ID) VALUES ("Caleb", "Stanberry", 9, 46, 9);;
INSERT INTO student (first_name, last_name, department_ID, total_cred, advisor_ID) VALUES ("Caleb", "Roddy", 10, 11, 10);;
INSERT INTO teaches (instructor_ID, section_ID) VALUES (1, 1);;
INSERT INTO teaches (instructor_ID, section_ID) VALUES (2, 2);;
INSERT INTO teaches (instructor_ID, section_ID) VALUES (3, 3);;
INSERT INTO teaches (instructor_ID, section_ID) VALUES (4, 4);;
INSERT INTO teaches (instructor_ID, section_ID) VALUES (5, 5);;
INSERT INTO teaches (instructor_ID, section_ID) VALUES (6, 6);;
INSERT INTO teaches (instructor_ID, section_ID) VALUES (7, 7);;
INSERT INTO teaches (instructor_ID, section_ID) VALUES (8, 8);;
INSERT INTO teaches (instructor_ID, section_ID) VALUES (9, 9);;
INSERT INTO teaches (instructor_ID, section_ID) VALUES (10, 10);;
INSERT INTO takes (student_ID, section_ID, grades) VALUES (1, 1, "D-");;
INSERT INTO takes (student_ID, section_ID, grades) VALUES (2, 2, "D");;
INSERT INTO takes (student_ID, section_ID, grades) VALUES (3, 3, "B-");;
INSERT INTO takes (student_ID, section_ID, grades) VALUES (4, 4, "C+");;
INSERT INTO takes (student_ID, section_ID, grades) VALUES (5, 5, "D+");;
INSERT INTO takes (student_ID, section_ID, grades) VALUES (6, 6, "B-");;
INSERT INTO takes (student_ID, section_ID, grades) VALUES (7, 7, "D+");;
INSERT INTO takes (student_ID, section_ID, grades) VALUES (8, 8, "A");;
INSERT INTO takes (student_ID, section_ID, grades) VALUES (9, 9, "D+");;
INSERT INTO takes (student_ID, section_ID, grades) VALUES (10, 10, "C+");;
INSERT INTO advises (student_ID, advisor_ID) VALUES (1, 1);;
INSERT INTO advises (student_ID, advisor_ID) VALUES (2, 2);;
INSERT INTO advises (student_ID, advisor_ID) VALUES (3, 3);;
INSERT INTO advises (student_ID, advisor_ID) VALUES (4, 4);;
INSERT INTO advises (student_ID, advisor_ID) VALUES (5, 5);;
INSERT INTO advises (student_ID, advisor_ID) VALUES (6, 6);;
INSERT INTO advises (student_ID, advisor_ID) VALUES (7, 7);;
INSERT INTO advises (student_ID, advisor_ID) VALUES (8, 8);;
INSERT INTO advises (student_ID, advisor_ID) VALUES (9, 9);;
INSERT INTO advises (student_ID, advisor_ID) VALUES (10, 10);;
INSERT INTO prereq (base_course_ID, requires_course_ID) VALUES (1, 1);;
INSERT INTO prereq (base_course_ID, requires_course_ID) VALUES (2, 2);;
INSERT INTO prereq (base_course_ID, requires_course_ID) VALUES (3, 3);;
INSERT INTO prereq (base_course_ID, requires_course_ID) VALUES (4, 4);;
INSERT INTO prereq (base_course_ID, requires_course_ID) VALUES (5, 5);;
INSERT INTO prereq (base_course_ID, requires_course_ID) VALUES (6, 6);;
INSERT INTO prereq (base_course_ID, requires_course_ID) VALUES (7, 7);;
INSERT INTO prereq (base_course_ID, requires_course_ID) VALUES (8, 8);;
INSERT INTO prereq (base_course_ID, requires_course_ID) VALUES (9, 9);;
INSERT INTO prereq (base_course_ID, requires_course_ID) VALUES (10, 10);;
