INSERT INTO building (building_name) VALUES ("MSB");;
INSERT INTO building (building_name) VALUES ("DI");;
INSERT INTO building (building_name) VALUES ("Smith");;
INSERT INTO building (building_name) VALUES ("White");;
INSERT INTO building (building_name) VALUES ("White");;
INSERT INTO building (building_name) VALUES ("White");;
INSERT INTO building (building_name) VALUES ("DI");;
INSERT INTO building (building_name) VALUES ("White");;
INSERT INTO building (building_name) VALUES ("Smith");;
INSERT INTO building (building_name) VALUES ("Smith");;
INSERT INTO classroom (building_ID, room_number, capacity) VALUES (1, 766, 6179);;
INSERT INTO classroom (building_ID, room_number, capacity) VALUES (2, 565, 3687);;
INSERT INTO classroom (building_ID, room_number, capacity) VALUES (3, 579, 6913);;
INSERT INTO classroom (building_ID, room_number, capacity) VALUES (4, 956, 3070);;
INSERT INTO classroom (building_ID, room_number, capacity) VALUES (5, 418, 4967);;
INSERT INTO classroom (building_ID, room_number, capacity) VALUES (6, 369, 6051);;
INSERT INTO classroom (building_ID, room_number, capacity) VALUES (7, 761, 434);;
INSERT INTO classroom (building_ID, room_number, capacity) VALUES (8, 294, 3482);;
INSERT INTO classroom (building_ID, room_number, capacity) VALUES (9, 1, 4200);;
INSERT INTO classroom (building_ID, room_number, capacity) VALUES (10, 433, 4998);;
INSERT INTO department (department_name, building_ID, budget) VALUES ("CS", 1, 2061758800.20);;
INSERT INTO department (department_name, building_ID, budget) VALUES ("BIO", 2, 9904534213.99);;
INSERT INTO department (department_name, building_ID, budget) VALUES ("MATH", 3, 4465159334.44);;
INSERT INTO department (department_name, building_ID, budget) VALUES ("CHEM", 4, 9947188890.99);;
INSERT INTO department (department_name, building_ID, budget) VALUES ("NURS", 5, 4785160576.47);;
INSERT INTO department (department_name, building_ID, budget) VALUES ("PHYS", 6, 1788343377.17);;
INSERT INTO department (department_name, building_ID, budget) VALUES ("ENGL", 7, 8603662480.86);;
INSERT INTO department (department_name, building_ID, budget) VALUES ("FRNC", 8, 5577392621.55);;
INSERT INTO department (department_name, building_ID, budget) VALUES ("JAPN", 9, 1905672906.19);;
INSERT INTO department (department_name, building_ID, budget) VALUES ("BOTN", 10, 6313816196.63);;
INSERT INTO time_slot (day, start_hr, start_min, end_hr, end_min) VALUES ("H", 8, 8, 15, 16);;
INSERT INTO time_slot (day, start_hr, start_min, end_hr, end_min) VALUES ("H", 16, 45, 15, 53);;
INSERT INTO time_slot (day, start_hr, start_min, end_hr, end_min) VALUES ("M", 16, 16, 5, 34);;
INSERT INTO time_slot (day, start_hr, start_min, end_hr, end_min) VALUES ("F", 6, 6, 16, 23);;
INSERT INTO time_slot (day, start_hr, start_min, end_hr, end_min) VALUES ("H", 11, 34, 19, 53);;
INSERT INTO time_slot (day, start_hr, start_min, end_hr, end_min) VALUES ("F", 11, 52, 21, 55);;
INSERT INTO time_slot (day, start_hr, start_min, end_hr, end_min) VALUES ("H", 21, 13, 17, 20);;
INSERT INTO time_slot (day, start_hr, start_min, end_hr, end_min) VALUES ("W", 17, 5, 10, 22);;
INSERT INTO time_slot (day, start_hr, start_min, end_hr, end_min) VALUES ("T", 10, 5, 19, 18);;
INSERT INTO time_slot (day, start_hr, start_min, end_hr, end_min) VALUES ("F", 17, 41, 16, 30);;
INSERT INTO account (username, password, role) VALUES ("EAiaTriUOxNhmJfJSojK", "WzyOSjNaOXJDkxhjrMaU", "Administrator");;
INSERT INTO account (username, password, role) VALUES ("uOqnFlcBchFnJCKLfQKu", "YXfhiDhQJdhTPRwlhhhg", "Administrator");;
INSERT INTO account (username, password, role) VALUES ("VkLfCGlXMvTvnfUmIpAx", "UbmagDFkJlpRlNOEcvVG", "Instructor");;
INSERT INTO account (username, password, role) VALUES ("OornuFnfiCXwxSIFBTlJ", "XkFCcKGBjXNjJlcpltCl", "Instructor");;
INSERT INTO account (username, password, role) VALUES ("EcqMxbhfzYdrXgJqYCPV", "lWNyfEXQVomVNNFBPRfS", "Student");;
INSERT INTO account (username, password, role) VALUES ("XsuNdhlChgEPadwfADJk", "NrYHAUCMxjBDClUnScWM", "Instructor");;
INSERT INTO account (username, password, role) VALUES ("NpUuecfFKiaXbmWKmODY", "CgVMRZmoVPzMTEpoqREf", "Administrator");;
INSERT INTO account (username, password, role) VALUES ("jbTrWmULCQIPUDOEydca", "kIQfbhVRGhReYSyvaSyk", "Instructor");;
INSERT INTO account (username, password, role) VALUES ("fdhWmHILgcmrXNKcessz", "DBEdwilKJqaBrxeDzaaV", "Administrator");;
INSERT INTO account (username, password, role) VALUES ("CBobeXkjrdmXhvDmUFki", "NhPEByCopLaHPdzbjMgX", "Instructor");;
INSERT INTO advisor (first_name, last_name, department_ID) VALUES ("Tommy", "So", 1);;
INSERT INTO advisor (first_name, last_name, department_ID) VALUES ("Tommy", "So", 2);;
INSERT INTO advisor (first_name, last_name, department_ID) VALUES ("Thomas", "Morneweck", 3);;
INSERT INTO advisor (first_name, last_name, department_ID) VALUES ("Joseph", "Raklovits", 4);;
INSERT INTO advisor (first_name, last_name, department_ID) VALUES ("Craig", "Johnson", 5);;
INSERT INTO advisor (first_name, last_name, department_ID) VALUES ("TJ", "Raklovits", 6);;
INSERT INTO advisor (first_name, last_name, department_ID) VALUES ("TJ", "Redy", 7);;
INSERT INTO advisor (first_name, last_name, department_ID) VALUES ("Tommy", "Raklovits", 8);;
INSERT INTO advisor (first_name, last_name, department_ID) VALUES ("Leah", "Morneweck", 9);;
INSERT INTO advisor (first_name, last_name, department_ID) VALUES ("Joseph", "Johnson", 10);;
INSERT INTO course (title, department_ID, credits) VALUES ("CS2", 1, 65);;
INSERT INTO course (title, department_ID, credits) VALUES ("CS4", 2, 85);;
INSERT INTO course (title, department_ID, credits) VALUES ("Discrete Structures", 3, 17);;
INSERT INTO course (title, department_ID, credits) VALUES ("Elementary Japanese 1", 4, 4);;
INSERT INTO course (title, department_ID, credits) VALUES ("Elementary Japanese 1", 5, 76);;
INSERT INTO course (title, department_ID, credits) VALUES ("CS3", 6, 85);;
INSERT INTO course (title, department_ID, credits) VALUES ("CS4", 7, 65);;
INSERT INTO course (title, department_ID, credits) VALUES ("Intro to Databases", 8, 74);;
INSERT INTO course (title, department_ID, credits) VALUES ("Intro to Databases", 9, 76);;
INSERT INTO course (title, department_ID, credits) VALUES ("CS1", 10, 66);;
INSERT INTO instructor (first_name, last_name, department_ID, salary) VALUES ("Giovanni", "Nesterenko", 1, 445523.44);;
INSERT INTO instructor (first_name, last_name, department_ID, salary) VALUES ("Mikhail", "Kahn", 2, 663139.66);;
INSERT INTO instructor (first_name, last_name, department_ID, salary) VALUES ("Giovanni", "Kahn", 3, 558688.55);;
INSERT INTO instructor (first_name, last_name, department_ID, salary) VALUES ("Giovanni", "Nesterenko", 4, 350966.35);;
INSERT INTO instructor (first_name, last_name, department_ID, salary) VALUES ("Javed", "Nesterenko", 5, 163443.16);;
INSERT INTO instructor (first_name, last_name, department_ID, salary) VALUES ("Javed", "Phares", 6, 792912.79);;
INSERT INTO instructor (first_name, last_name, department_ID, salary) VALUES ("Mikhail", "Kahn", 7, 887996.88);;
INSERT INTO instructor (first_name, last_name, department_ID, salary) VALUES ("Giovanni", "Phares", 8, 249673.24);;
INSERT INTO instructor (first_name, last_name, department_ID, salary) VALUES ("Giovanni", "Phares", 9, 433275.43);;
INSERT INTO instructor (first_name, last_name, department_ID, salary) VALUES ("Giovanni", "Phares", 10, 528739.52);;
INSERT INTO section (course_ID, semester, year, building_ID, time_slot_ID) VALUES (1, "Summer", 1979, 1, 1);;
INSERT INTO section (course_ID, semester, year, building_ID, time_slot_ID) VALUES (2, "Summer", 2096, 2, 2);;
INSERT INTO section (course_ID, semester, year, building_ID, time_slot_ID) VALUES (3, "Winter", 1776, 3, 3);;
INSERT INTO section (course_ID, semester, year, building_ID, time_slot_ID) VALUES (4, "Summer", 1938, 4, 4);;
INSERT INTO section (course_ID, semester, year, building_ID, time_slot_ID) VALUES (5, "Fall", 1900, 5, 5);;
INSERT INTO section (course_ID, semester, year, building_ID, time_slot_ID) VALUES (6, "Fall", 2045, 6, 6);;
INSERT INTO section (course_ID, semester, year, building_ID, time_slot_ID) VALUES (7, "Fall", 1814, 7, 7);;
INSERT INTO section (course_ID, semester, year, building_ID, time_slot_ID) VALUES (8, "Fall", 1957, 8, 8);;
INSERT INTO section (course_ID, semester, year, building_ID, time_slot_ID) VALUES (9, "Winter", 1985, 9, 9);;
INSERT INTO section (course_ID, semester, year, building_ID, time_slot_ID) VALUES (10, "Winter", 2029, 10, 10);;
INSERT INTO student (first_name, last_name, department_ID, total_cred, advisor_ID) VALUES ("Andrew", "Stanberry", 1, 11, 1);;
INSERT INTO student (first_name, last_name, department_ID, total_cred, advisor_ID) VALUES ("Andrew", "Roddy", 2, 228, 2);;
INSERT INTO student (first_name, last_name, department_ID, total_cred, advisor_ID) VALUES ("Logan", "Senol", 3, 134, 3);;
INSERT INTO student (first_name, last_name, department_ID, total_cred, advisor_ID) VALUES ("Caleb", "Senol", 4, 83, 4);;
INSERT INTO student (first_name, last_name, department_ID, total_cred, advisor_ID) VALUES ("Caleb", "Stanberry", 5, 11, 5);;
INSERT INTO student (first_name, last_name, department_ID, total_cred, advisor_ID) VALUES ("Caleb", "Senol", 6, 64, 6);;
INSERT INTO student (first_name, last_name, department_ID, total_cred, advisor_ID) VALUES ("Andrew", "Stanberry", 7, 107, 7);;
INSERT INTO student (first_name, last_name, department_ID, total_cred, advisor_ID) VALUES ("Caleb", "Stanberry", 8, 2, 8);;
INSERT INTO student (first_name, last_name, department_ID, total_cred, advisor_ID) VALUES ("Caleb", "Senol", 9, 13, 9);;
INSERT INTO student (first_name, last_name, department_ID, total_cred, advisor_ID) VALUES ("Logan", "Stanberry", 10, 180, 10);;
INSERT INTO teaches (instructor_ID, section_ID) VALUES (1, 1);;
INSERT INTO teaches (instructor_ID, section_ID) VALUES (2, 2);;
INSERT INTO teaches (instructor_ID, section_ID) VALUES (3, 3);;
INSERT INTO teaches (instructor_ID, section_ID) VALUES (4, 4);;
INSERT INTO teaches (instructor_ID, section_ID) VALUES (5, 5);;
INSERT INTO teaches (instructor_ID, section_ID) VALUES (6, 6);;
INSERT INTO teaches (instructor_ID, section_ID) VALUES (7, 7);;
INSERT INTO teaches (instructor_ID, section_ID) VALUES (8, 8);;
INSERT INTO teaches (instructor_ID, section_ID) VALUES (9, 9);;
INSERT INTO teaches (instructor_ID, section_ID) VALUES (10, 10);;
INSERT INTO takes (student_ID, section_ID, grades) VALUES (1, 1, "A-");;
INSERT INTO takes (student_ID, section_ID, grades) VALUES (2, 2, "C+");;
INSERT INTO takes (student_ID, section_ID, grades) VALUES (3, 3, "C-");;
INSERT INTO takes (student_ID, section_ID, grades) VALUES (4, 4, "A+");;
INSERT INTO takes (student_ID, section_ID, grades) VALUES (5, 5, "A+");;
INSERT INTO takes (student_ID, section_ID, grades) VALUES (6, 6, "D+");;
INSERT INTO takes (student_ID, section_ID, grades) VALUES (7, 7, "B-");;
INSERT INTO takes (student_ID, section_ID, grades) VALUES (8, 8, "C+");;
INSERT INTO takes (student_ID, section_ID, grades) VALUES (9, 9, "A");;
INSERT INTO takes (student_ID, section_ID, grades) VALUES (10, 10, "A+");;
INSERT INTO advises (student_ID, advisor_ID) VALUES (1, 1);;
INSERT INTO advises (student_ID, advisor_ID) VALUES (2, 2);;
INSERT INTO advises (student_ID, advisor_ID) VALUES (3, 3);;
INSERT INTO advises (student_ID, advisor_ID) VALUES (4, 4);;
INSERT INTO advises (student_ID, advisor_ID) VALUES (5, 5);;
INSERT INTO advises (student_ID, advisor_ID) VALUES (6, 6);;
INSERT INTO advises (student_ID, advisor_ID) VALUES (7, 7);;
INSERT INTO advises (student_ID, advisor_ID) VALUES (8, 8);;
INSERT INTO advises (student_ID, advisor_ID) VALUES (9, 9);;
INSERT INTO advises (student_ID, advisor_ID) VALUES (10, 10);;
INSERT INTO prereq (base_course_ID, requires_course_ID) VALUES (1, 1);;
INSERT INTO prereq (base_course_ID, requires_course_ID) VALUES (2, 2);;
INSERT INTO prereq (base_course_ID, requires_course_ID) VALUES (3, 3);;
INSERT INTO prereq (base_course_ID, requires_course_ID) VALUES (4, 4);;
INSERT INTO prereq (base_course_ID, requires_course_ID) VALUES (5, 5);;
INSERT INTO prereq (base_course_ID, requires_course_ID) VALUES (6, 6);;
INSERT INTO prereq (base_course_ID, requires_course_ID) VALUES (7, 7);;
INSERT INTO prereq (base_course_ID, requires_course_ID) VALUES (8, 8);;
INSERT INTO prereq (base_course_ID, requires_course_ID) VALUES (9, 9);;
INSERT INTO prereq (base_course_ID, requires_course_ID) VALUES (10, 10);;
INSERT INTO account (account_ID, username, password, role) VALUES (1, "calebstanberry", "password","Administrator");;
INSERT INTO account (account_ID, username, password, role) VALUES (2, "andrewroddy", "password","Administrator");;
INSERT INTO account (account_ID, username, password, role) VALUES (3, "logansenol", "password","Administrator");;
INSERT INTO account (account_ID, username, password, role) VALUES (4, "teacher", "password","Instructor");;
INSERT INTO account (account_ID, username, password, role) VALUES (5, "student", "password","Student");;
INSERT INTO account (account_ID, username, password, role) VALUES (6, "cstan", "password","Administrator");;
INSERT INTO account (account_ID, username, password, role) VALUES (7, "tj", "password","Instructor");;
INSERT INTO account (account_ID, username, password, role) VALUES (8, "admin", "password","Administrator");;
INSERT INTO account (account_ID, username, password, role) VALUES (9, "james", "123","Student");;
INSERT INTO account (account_ID, username, password, role) VALUES (10, "john", "abcdefg","Student");;





