INSERT INTO building (building_name) VALUES ("White");;
INSERT INTO building (building_name) VALUES ("White");;
INSERT INTO building (building_name) VALUES ("MSB");;
INSERT INTO building (building_name) VALUES ("DI");;
INSERT INTO building (building_name) VALUES ("White");;
INSERT INTO building (building_name) VALUES ("DI");;
INSERT INTO building (building_name) VALUES ("DI");;
INSERT INTO building (building_name) VALUES ("White");;
INSERT INTO building (building_name) VALUES ("DI");;
INSERT INTO building (building_name) VALUES ("MSB");;
INSERT INTO classroom (building_ID, room_number, capacity) VALUES (1, 804, 6308);;
INSERT INTO classroom (building_ID, room_number, capacity) VALUES (2, 943, 790);;
INSERT INTO classroom (building_ID, room_number, capacity) VALUES (3, 907, 6732);;
INSERT INTO classroom (building_ID, room_number, capacity) VALUES (4, 426, 4361);;
INSERT INTO classroom (building_ID, room_number, capacity) VALUES (5, 68, 3734);;
INSERT INTO classroom (building_ID, room_number, capacity) VALUES (6, 894, 945);;
INSERT INTO classroom (building_ID, room_number, capacity) VALUES (7, 272, 3066);;
INSERT INTO classroom (building_ID, room_number, capacity) VALUES (8, 47, 1988);;
INSERT INTO classroom (building_ID, room_number, capacity) VALUES (9, 566, 6153);;
INSERT INTO classroom (building_ID, room_number, capacity) VALUES (10, 201, 9704);;
INSERT INTO department (department_name, building_ID, budget) VALUES ("CS", 1, 5398962535.53);;
INSERT INTO department (department_name, building_ID, budget) VALUES ("BIO", 2, 2961229315.29);;
INSERT INTO department (department_name, building_ID, budget) VALUES ("MATH", 3, 9681154983.96);;
INSERT INTO department (department_name, building_ID, budget) VALUES ("CHEM", 4, 6221962014.62);;
INSERT INTO department (department_name, building_ID, budget) VALUES ("NURS", 5, 2257290697.22);;
INSERT INTO department (department_name, building_ID, budget) VALUES ("PHYS", 6, 2763123123.27);;
INSERT INTO department (department_name, building_ID, budget) VALUES ("ENGL", 7, 3058986122.30);;
INSERT INTO department (department_name, building_ID, budget) VALUES ("FRNC", 8, 6226138265.62);;
INSERT INTO department (department_name, building_ID, budget) VALUES ("JAPN", 9, 5218939254.52);;
INSERT INTO department (department_name, building_ID, budget) VALUES ("BOTN", 10, 9859929355.98);;
INSERT INTO time_slot (day, start_hr, start_min, end_hr, end_min) VALUES ("F", 4, 25, 12, 16);;
INSERT INTO time_slot (day, start_hr, start_min, end_hr, end_min) VALUES ("M", 3, 4, 8, 23);;
INSERT INTO time_slot (day, start_hr, start_min, end_hr, end_min) VALUES ("F", 19, 29, 12, 10);;
INSERT INTO time_slot (day, start_hr, start_min, end_hr, end_min) VALUES ("F", 11, 9, 6, 4);;
INSERT INTO time_slot (day, start_hr, start_min, end_hr, end_min) VALUES ("W", 1, 54, 11, 15);;
INSERT INTO time_slot (day, start_hr, start_min, end_hr, end_min) VALUES ("T", 16, 19, 15, 37);;
INSERT INTO time_slot (day, start_hr, start_min, end_hr, end_min) VALUES ("F", 13, 17, 14, 8);;
INSERT INTO time_slot (day, start_hr, start_min, end_hr, end_min) VALUES ("W", 8, 58, 10, 43);;
INSERT INTO time_slot (day, start_hr, start_min, end_hr, end_min) VALUES ("W", 17, 3, 15, 26);;
INSERT INTO time_slot (day, start_hr, start_min, end_hr, end_min) VALUES ("M", 11, 45, 18, 47);;
INSERT INTO account (username, password, role) VALUES ("aroddy", "123892138", "Instructor");;
INSERT INTO account (username, password, role) VALUES ("Link", "Drop73Drop12!", "Instructor");;
INSERT INTO account (username, password, role) VALUES ("SuperCool", "Coolest!", "Student");;
INSERT INTO account (username, password, role) VALUES ("DrMario", "DrewPass99", "Student");;
INSERT INTO account (username, password, role) VALUES ("dropKick2000", "TrulyCool2003", "Administrator");;
INSERT INTO account (username, password, role) VALUES ("Ganondworf", "GannonGannon88", "Student");;
INSERT INTO account (username, password, role) VALUES ("Caleb999", "FavoriteColor", "Administrator");;
INSERT INTO account (username, password, role) VALUES ("OrangeMan", "Linkus", "Administrator");;
INSERT INTO account (username, password, role) VALUES ("Drew2000", "RealDoctor3626", "Instructor");;
INSERT INTO account (username, password, role) VALUES ("coolGuy77", "CalebCalebCaleb", "Instructor");;
INSERT INTO advisor (first_name, last_name, department_ID) VALUES ("Tommy", "Johnson", 1);;
INSERT INTO advisor (first_name, last_name, department_ID) VALUES ("Joseph", "Raklovits", 2);;
INSERT INTO advisor (first_name, last_name, department_ID) VALUES ("Leah", "Redy", 3);;
INSERT INTO advisor (first_name, last_name, department_ID) VALUES ("Tommy", "Morneweck", 4);;
INSERT INTO advisor (first_name, last_name, department_ID) VALUES ("Tommy", "So", 5);;
INSERT INTO advisor (first_name, last_name, department_ID) VALUES ("TJ", "Morneweck", 6);;
INSERT INTO advisor (first_name, last_name, department_ID) VALUES ("Joseph", "Johnson", 7);;
INSERT INTO advisor (first_name, last_name, department_ID) VALUES ("TJ", "Morneweck", 8);;
INSERT INTO advisor (first_name, last_name, department_ID) VALUES ("Joseph", "Redy", 9);;
INSERT INTO advisor (first_name, last_name, department_ID) VALUES ("Leah", "Smith", 10);;
INSERT INTO course (title, department_ID, credits) VALUES ("CS2", 1, 60);;
INSERT INTO course (title, department_ID, credits) VALUES ("CS1", 2, 87);;
INSERT INTO course (title, department_ID, credits) VALUES ("Discrete Structures", 3, 84);;
INSERT INTO course (title, department_ID, credits) VALUES ("Intro to Databases", 4, 91);;
INSERT INTO course (title, department_ID, credits) VALUES ("CS2", 5, 60);;
INSERT INTO course (title, department_ID, credits) VALUES ("CS1", 6, 49);;
INSERT INTO course (title, department_ID, credits) VALUES ("Intro to Databases", 7, 17);;
INSERT INTO course (title, department_ID, credits) VALUES ("Discrete Structures", 8, 30);;
INSERT INTO course (title, department_ID, credits) VALUES ("CS2", 9, 5);;
INSERT INTO course (title, department_ID, credits) VALUES ("CS4", 10, 96);;
INSERT INTO instructor (first_name, last_name, department_ID, salary) VALUES ("Mikhail", "Nesterenko", 1, 816460.81);;
INSERT INTO instructor (first_name, last_name, department_ID, salary) VALUES ("Mikhail", "Phares", 2, 493352.49);;
INSERT INTO instructor (first_name, last_name, department_ID, salary) VALUES ("Giovanni", "Phares", 3, 870441.87);;
INSERT INTO instructor (first_name, last_name, department_ID, salary) VALUES ("Giovanni", "Phares", 4, 370085.37);;
INSERT INTO instructor (first_name, last_name, department_ID, salary) VALUES ("Javed", "Nesterenko", 5, 339267.33);;
INSERT INTO instructor (first_name, last_name, department_ID, salary) VALUES ("Giovanni", "Nesterenko", 6, 189210.18);;
INSERT INTO instructor (first_name, last_name, department_ID, salary) VALUES ("Mikhail", "Phares", 7, 663181.66);;
INSERT INTO instructor (first_name, last_name, department_ID, salary) VALUES ("Giovanni", "Phares", 8, 761203.76);;
INSERT INTO instructor (first_name, last_name, department_ID, salary) VALUES ("Javed", "Phares", 9, 872726.87);;
INSERT INTO instructor (first_name, last_name, department_ID, salary) VALUES ("Javed", "Phares", 10, 799103.79);;
INSERT INTO section (course_ID, semester, year, building_ID, time_slot_ID) VALUES (1, "Summer", 2059, 1, 1);;
INSERT INTO section (course_ID, semester, year, building_ID, time_slot_ID) VALUES (2, "Spring", 2090, 2, 2);;
INSERT INTO section (course_ID, semester, year, building_ID, time_slot_ID) VALUES (3, "Summer", 2014, 3, 3);;
INSERT INTO section (course_ID, semester, year, building_ID, time_slot_ID) VALUES (4, "Winter", 1856, 4, 4);;
INSERT INTO section (course_ID, semester, year, building_ID, time_slot_ID) VALUES (5, "Winter", 2088, 5, 5);;
INSERT INTO section (course_ID, semester, year, building_ID, time_slot_ID) VALUES (6, "Fall", 2022, 6, 6);;
INSERT INTO section (course_ID, semester, year, building_ID, time_slot_ID) VALUES (7, "Winter", 2099, 7, 7);;
INSERT INTO section (course_ID, semester, year, building_ID, time_slot_ID) VALUES (8, "Fall", 1722, 8, 8);;
INSERT INTO section (course_ID, semester, year, building_ID, time_slot_ID) VALUES (9, "Summer", 2055, 9, 9);;
INSERT INTO section (course_ID, semester, year, building_ID, time_slot_ID) VALUES (10, "Spring", 1882, 10, 10);;
INSERT INTO student (first_name, last_name, department_ID, total_cred, advisor_ID) VALUES ("Andrew", "Senol", 1, 86, 1);;
INSERT INTO student (first_name, last_name, department_ID, total_cred, advisor_ID) VALUES ("Caleb", "Roddy", 2, 70, 2);;
INSERT INTO student (first_name, last_name, department_ID, total_cred, advisor_ID) VALUES ("Caleb", "Stanberry", 3, 206, 3);;
INSERT INTO student (first_name, last_name, department_ID, total_cred, advisor_ID) VALUES ("Logan", "Senol", 4, 208, 4);;
INSERT INTO student (first_name, last_name, department_ID, total_cred, advisor_ID) VALUES ("Andrew", "Stanberry", 5, 142, 5);;
INSERT INTO student (first_name, last_name, department_ID, total_cred, advisor_ID) VALUES ("Caleb", "Stanberry", 6, 58, 6);;
INSERT INTO student (first_name, last_name, department_ID, total_cred, advisor_ID) VALUES ("Caleb", "Roddy", 7, 61, 7);;
INSERT INTO student (first_name, last_name, department_ID, total_cred, advisor_ID) VALUES ("Logan", "Roddy", 8, 116, 8);;
INSERT INTO student (first_name, last_name, department_ID, total_cred, advisor_ID) VALUES ("Andrew", "Stanberry", 9, 41, 9);;
INSERT INTO student (first_name, last_name, department_ID, total_cred, advisor_ID) VALUES ("Logan", "Roddy", 10, 86, 10);;
INSERT INTO teaches (instructor_ID, section_ID) VALUES (1, 1);;
INSERT INTO teaches (instructor_ID, section_ID) VALUES (2, 2);;
INSERT INTO teaches (instructor_ID, section_ID) VALUES (3, 3);;
INSERT INTO teaches (instructor_ID, section_ID) VALUES (4, 4);;
INSERT INTO teaches (instructor_ID, section_ID) VALUES (5, 5);;
INSERT INTO teaches (instructor_ID, section_ID) VALUES (6, 6);;
INSERT INTO teaches (instructor_ID, section_ID) VALUES (7, 7);;
INSERT INTO teaches (instructor_ID, section_ID) VALUES (8, 8);;
INSERT INTO teaches (instructor_ID, section_ID) VALUES (9, 9);;
INSERT INTO teaches (instructor_ID, section_ID) VALUES (10, 10);;
INSERT INTO takes (student_ID, section_ID, grades) VALUES (1, 1, "D+");;
INSERT INTO takes (student_ID, section_ID, grades) VALUES (2, 2, "C+");;
INSERT INTO takes (student_ID, section_ID, grades) VALUES (3, 3, "C+");;
INSERT INTO takes (student_ID, section_ID, grades) VALUES (4, 4, "A-");;
INSERT INTO takes (student_ID, section_ID, grades) VALUES (5, 5, "D+");;
INSERT INTO takes (student_ID, section_ID, grades) VALUES (6, 6, "D+");;
INSERT INTO takes (student_ID, section_ID, grades) VALUES (7, 7, "D-");;
INSERT INTO takes (student_ID, section_ID, grades) VALUES (8, 8, "B+");;
INSERT INTO takes (student_ID, section_ID, grades) VALUES (9, 9, "C");;
INSERT INTO takes (student_ID, section_ID, grades) VALUES (10, 10, "B-");;
INSERT INTO advises (student_ID, advisor_ID) VALUES (1, 1);;
INSERT INTO advises (student_ID, advisor_ID) VALUES (2, 2);;
INSERT INTO advises (student_ID, advisor_ID) VALUES (3, 3);;
INSERT INTO advises (student_ID, advisor_ID) VALUES (4, 4);;
INSERT INTO advises (student_ID, advisor_ID) VALUES (5, 5);;
INSERT INTO advises (student_ID, advisor_ID) VALUES (6, 6);;
INSERT INTO advises (student_ID, advisor_ID) VALUES (7, 7);;
INSERT INTO advises (student_ID, advisor_ID) VALUES (8, 8);;
INSERT INTO advises (student_ID, advisor_ID) VALUES (9, 9);;
INSERT INTO advises (student_ID, advisor_ID) VALUES (10, 10);;
INSERT INTO prereq (base_course_ID, requires_course_ID) VALUES (1, 1);;
INSERT INTO prereq (base_course_ID, requires_course_ID) VALUES (2, 2);;
INSERT INTO prereq (base_course_ID, requires_course_ID) VALUES (3, 3);;
INSERT INTO prereq (base_course_ID, requires_course_ID) VALUES (4, 4);;
INSERT INTO prereq (base_course_ID, requires_course_ID) VALUES (5, 5);;
INSERT INTO prereq (base_course_ID, requires_course_ID) VALUES (6, 6);;
INSERT INTO prereq (base_course_ID, requires_course_ID) VALUES (7, 7);;
INSERT INTO prereq (base_course_ID, requires_course_ID) VALUES (8, 8);;
INSERT INTO prereq (base_course_ID, requires_course_ID) VALUES (9, 9);;
INSERT INTO prereq (base_course_ID, requires_course_ID) VALUES (10, 10);;
