INSERT INTO classroom (building_name, room_number, capacity) VALUES ("Smith", 346, 6231);;
INSERT INTO classroom (building_name, room_number, capacity) VALUES ("White", 21, 8503);;
INSERT INTO classroom (building_name, room_number, capacity) VALUES ("MSB", 181, 6067);;
INSERT INTO classroom (building_name, room_number, capacity) VALUES ("DI", 68, 8023);;
INSERT INTO classroom (building_name, room_number, capacity) VALUES ("Smith", 70, 5803);;
INSERT INTO classroom (building_name, room_number, capacity) VALUES ("DI", 655, 7582);;
INSERT INTO classroom (building_name, room_number, capacity) VALUES ("DI", 537, 3445);;
INSERT INTO classroom (building_name, room_number, capacity) VALUES ("DI", 885, 4003);;
INSERT INTO classroom (building_name, room_number, capacity) VALUES ("MSB", 693, 4552);;
INSERT INTO classroom (building_name, room_number, capacity) VALUES ("Smith", 290, 8257);;
INSERT INTO department (department_name, building, budget) VALUES ("CS", "Smith", 3755436890.37);;
INSERT INTO department (department_name, building, budget) VALUES ("BIO", "White", 9812063822.98);;
INSERT INTO department (department_name, building, budget) VALUES ("MATH", "Smith", 4099286879.40);;
INSERT INTO department (department_name, building, budget) VALUES ("CHEM", "MSB", 7050153090.70);;
INSERT INTO department (department_name, building, budget) VALUES ("NURS", "Smith", 6669583036.66);;
INSERT INTO department (department_name, building, budget) VALUES ("PHYS", "Smith", 3372166515.33);;
INSERT INTO department (department_name, building, budget) VALUES ("ENGL", "MSB", 2691607306.26);;
INSERT INTO department (department_name, building, budget) VALUES ("FRNC", "DI", 7812353701.78);;
INSERT INTO department (department_name, building, budget) VALUES ("JAPN", "Smith", 8415697422.84);;
INSERT INTO department (department_name, building, budget) VALUES ("BOTN", "Smith", 4210799781.42);;
INSERT INTO time_slot (day, start_hr, start_min, end_hr, end_min) VALUES ("F", 17, 36, 17, 27);;
INSERT INTO time_slot (day, start_hr, start_min, end_hr, end_min) VALUES ("H", 11, 21, 1, 56);;
INSERT INTO time_slot (day, start_hr, start_min, end_hr, end_min) VALUES ("F", 7, 12, 10, 26);;
INSERT INTO time_slot (day, start_hr, start_min, end_hr, end_min) VALUES ("T", 13, 12, 7, 28);;
INSERT INTO time_slot (day, start_hr, start_min, end_hr, end_min) VALUES ("M", 12, 12, 7, 19);;
INSERT INTO time_slot (day, start_hr, start_min, end_hr, end_min) VALUES ("W", 13, 7, 18, 34);;
INSERT INTO time_slot (day, start_hr, start_min, end_hr, end_min) VALUES ("T", 21, 24, 4, 46);;
INSERT INTO time_slot (day, start_hr, start_min, end_hr, end_min) VALUES ("M", 12, 45, 21, 14);;
INSERT INTO time_slot (day, start_hr, start_min, end_hr, end_min) VALUES ("W", 14, 24, 15, 9);;
INSERT INTO time_slot (day, start_hr, start_min, end_hr, end_min) VALUES ("F", 21, 2, 12, 2);;
INSERT INTO advisor (first_name, last_name, department_ID) VALUES ("Leah", "Smith", 1);;
INSERT INTO advisor (first_name, last_name, department_ID) VALUES ("TJ", "Redy", 2);;
INSERT INTO advisor (first_name, last_name, department_ID) VALUES ("Craig", "Redy", 3);;
INSERT INTO advisor (first_name, last_name, department_ID) VALUES ("Joseph", "So", 4);;
INSERT INTO advisor (first_name, last_name, department_ID) VALUES ("Leah", "Morneweck", 5);;
INSERT INTO advisor (first_name, last_name, department_ID) VALUES ("Joseph", "Morneweck", 6);;
INSERT INTO advisor (first_name, last_name, department_ID) VALUES ("TJ", "Smith", 7);;
INSERT INTO advisor (first_name, last_name, department_ID) VALUES ("Leah", "Raklovits", 8);;
INSERT INTO advisor (first_name, last_name, department_ID) VALUES ("Leah", "Johnson", 9);;
INSERT INTO advisor (first_name, last_name, department_ID) VALUES ("Leah", "Smith", 10);;
INSERT INTO course (title, department_ID, credits) VALUES ("Elementary Japanese 1", 1, 86);;
INSERT INTO course (title, department_ID, credits) VALUES ("CS3", 2, 22);;
INSERT INTO course (title, department_ID, credits) VALUES ("Discrete Structures", 3, 54);;
INSERT INTO course (title, department_ID, credits) VALUES ("Intro to Databases", 4, 93);;
INSERT INTO course (title, department_ID, credits) VALUES ("CS3", 5, 8);;
INSERT INTO course (title, department_ID, credits) VALUES ("CS2", 6, 41);;
INSERT INTO course (title, department_ID, credits) VALUES ("Elementary Japanese 1", 7, 52);;
INSERT INTO course (title, department_ID, credits) VALUES ("Discrete Structures", 8, 20);;
INSERT INTO course (title, department_ID, credits) VALUES ("CS4", 9, 82);;
INSERT INTO course (title, department_ID, credits) VALUES ("CS4", 10, 4);;
INSERT INTO instructor (first_name, last_name, department_ID, salary) VALUES ("Mikhail", "Kahn", 1, 879458.87);;
INSERT INTO instructor (first_name, last_name, department_ID, salary) VALUES ("Giovanni", "Kahn", 2, 106556.10);;
INSERT INTO instructor (first_name, last_name, department_ID, salary) VALUES ("Mikhail", "Kahn", 3, 809078.80);;
INSERT INTO instructor (first_name, last_name, department_ID, salary) VALUES ("Mikhail", "Nesterenko", 4, 949632.94);;
INSERT INTO instructor (first_name, last_name, department_ID, salary) VALUES ("Mikhail", "Kahn", 5, 598308.59);;
INSERT INTO instructor (first_name, last_name, department_ID, salary) VALUES ("Javed", "Kahn", 6, 935925.93);;
INSERT INTO instructor (first_name, last_name, department_ID, salary) VALUES ("Giovanni", "Nesterenko", 7, 816437.81);;
INSERT INTO instructor (first_name, last_name, department_ID, salary) VALUES ("Javed", "Nesterenko", 8, 601224.60);;
INSERT INTO instructor (first_name, last_name, department_ID, salary) VALUES ("Giovanni", "Kahn", 9, 991909.99);;
INSERT INTO instructor (first_name, last_name, department_ID, salary) VALUES ("Javed", "Phares", 10, 417344.41);;
INSERT INTO section (course_ID, semester, year, building_ID, time_slot_ID) VALUES (1, "Summer", 1764, 1, 1);;
INSERT INTO section (course_ID, semester, year, building_ID, time_slot_ID) VALUES (2, "Fall", 2081, 2, 2);;
INSERT INTO section (course_ID, semester, year, building_ID, time_slot_ID) VALUES (3, "Summer", 1923, 3, 3);;
INSERT INTO section (course_ID, semester, year, building_ID, time_slot_ID) VALUES (4, "Summer", 2062, 4, 4);;
INSERT INTO section (course_ID, semester, year, building_ID, time_slot_ID) VALUES (5, "Winter", 2028, 5, 5);;
INSERT INTO section (course_ID, semester, year, building_ID, time_slot_ID) VALUES (6, "Fall", 1902, 6, 6);;
INSERT INTO section (course_ID, semester, year, building_ID, time_slot_ID) VALUES (7, "Fall", 1771, 7, 7);;
INSERT INTO section (course_ID, semester, year, building_ID, time_slot_ID) VALUES (8, "Summer", 1992, 8, 8);;
INSERT INTO section (course_ID, semester, year, building_ID, time_slot_ID) VALUES (9, "Fall", 1716, 9, 9);;
INSERT INTO section (course_ID, semester, year, building_ID, time_slot_ID) VALUES (10, "Fall", 2062, 10, 10);;
INSERT INTO student (first_name, last_name, department_ID, total_cred, advisor_ID) VALUES ("Caleb", "Roddy", 1, 205, 1);;
INSERT INTO student (first_name, last_name, department_ID, total_cred, advisor_ID) VALUES ("Andrew", "Roddy", 2, 174, 2);;
INSERT INTO student (first_name, last_name, department_ID, total_cred, advisor_ID) VALUES ("Caleb", "Senol", 3, 237, 3);;
INSERT INTO student (first_name, last_name, department_ID, total_cred, advisor_ID) VALUES ("Andrew", "Senol", 4, 177, 4);;
INSERT INTO student (first_name, last_name, department_ID, total_cred, advisor_ID) VALUES ("Logan", "Stanberry", 5, 137, 5);;
INSERT INTO student (first_name, last_name, department_ID, total_cred, advisor_ID) VALUES ("Logan", "Senol", 6, 73, 6);;
INSERT INTO student (first_name, last_name, department_ID, total_cred, advisor_ID) VALUES ("Logan", "Senol", 7, 178, 7);;
INSERT INTO student (first_name, last_name, department_ID, total_cred, advisor_ID) VALUES ("Caleb", "Roddy", 8, 192, 8);;
INSERT INTO student (first_name, last_name, department_ID, total_cred, advisor_ID) VALUES ("Caleb", "Senol", 9, 81, 9);;
INSERT INTO student (first_name, last_name, department_ID, total_cred, advisor_ID) VALUES ("Logan", "Roddy", 10, 206, 10);;
INSERT INTO teaches (instructor_ID, section_ID) VALUES (1, 1);;
INSERT INTO teaches (instructor_ID, section_ID) VALUES (2, 2);;
INSERT INTO teaches (instructor_ID, section_ID) VALUES (3, 3);;
INSERT INTO teaches (instructor_ID, section_ID) VALUES (4, 4);;
INSERT INTO teaches (instructor_ID, section_ID) VALUES (5, 5);;
INSERT INTO teaches (instructor_ID, section_ID) VALUES (6, 6);;
INSERT INTO teaches (instructor_ID, section_ID) VALUES (7, 7);;
INSERT INTO teaches (instructor_ID, section_ID) VALUES (8, 8);;
INSERT INTO teaches (instructor_ID, section_ID) VALUES (9, 9);;
INSERT INTO teaches (instructor_ID, section_ID) VALUES (10, 10);;
INSERT INTO takes (student_ID, section_ID, grades) VALUES (1, 1, "A+");;
INSERT INTO takes (student_ID, section_ID, grades) VALUES (2, 2, "F");;
INSERT INTO takes (student_ID, section_ID, grades) VALUES (3, 3, "C");;
INSERT INTO takes (student_ID, section_ID, grades) VALUES (4, 4, "A+");;
INSERT INTO takes (student_ID, section_ID, grades) VALUES (5, 5, "C-");;
INSERT INTO takes (student_ID, section_ID, grades) VALUES (6, 6, "C");;
INSERT INTO takes (student_ID, section_ID, grades) VALUES (7, 7, "A-");;
INSERT INTO takes (student_ID, section_ID, grades) VALUES (8, 8, "B+");;
INSERT INTO takes (student_ID, section_ID, grades) VALUES (9, 9, "B-");;
INSERT INTO takes (student_ID, section_ID, grades) VALUES (10, 10, "B");;
INSERT INTO advises (student_ID, advisor_ID) VALUES (1, 1);;
INSERT INTO advises (student_ID, advisor_ID) VALUES (2, 2);;
INSERT INTO advises (student_ID, advisor_ID) VALUES (3, 3);;
INSERT INTO advises (student_ID, advisor_ID) VALUES (4, 4);;
INSERT INTO advises (student_ID, advisor_ID) VALUES (5, 5);;
INSERT INTO advises (student_ID, advisor_ID) VALUES (6, 6);;
INSERT INTO advises (student_ID, advisor_ID) VALUES (7, 7);;
INSERT INTO advises (student_ID, advisor_ID) VALUES (8, 8);;
INSERT INTO advises (student_ID, advisor_ID) VALUES (9, 9);;
INSERT INTO advises (student_ID, advisor_ID) VALUES (10, 10);;
INSERT INTO prereq (base_course_ID, requires_course_ID) VALUES (1, 1);;
INSERT INTO prereq (base_course_ID, requires_course_ID) VALUES (2, 2);;
INSERT INTO prereq (base_course_ID, requires_course_ID) VALUES (3, 3);;
INSERT INTO prereq (base_course_ID, requires_course_ID) VALUES (4, 4);;
INSERT INTO prereq (base_course_ID, requires_course_ID) VALUES (5, 5);;
INSERT INTO prereq (base_course_ID, requires_course_ID) VALUES (6, 6);;
INSERT INTO prereq (base_course_ID, requires_course_ID) VALUES (7, 7);;
INSERT INTO prereq (base_course_ID, requires_course_ID) VALUES (8, 8);;
INSERT INTO prereq (base_course_ID, requires_course_ID) VALUES (9, 9);;
INSERT INTO prereq (base_course_ID, requires_course_ID) VALUES (10, 10);;
