INSERT INTO building (building_name) VALUES ("DI");;
INSERT INTO building (building_name) VALUES ("DI");;
INSERT INTO building (building_name) VALUES ("MSB");;
INSERT INTO building (building_name) VALUES ("White");;
INSERT INTO building (building_name) VALUES ("White");;
INSERT INTO building (building_name) VALUES ("Smith");;
INSERT INTO building (building_name) VALUES ("Smith");;
INSERT INTO building (building_name) VALUES ("Smith");;
INSERT INTO building (building_name) VALUES ("White");;
INSERT INTO building (building_name) VALUES ("White");;
INSERT INTO classroom (building_ID, room_number, capacity) VALUES (1, 95, 8267);;
INSERT INTO classroom (building_ID, room_number, capacity) VALUES (2, 432, 2727);;
INSERT INTO classroom (building_ID, room_number, capacity) VALUES (3, 640, 6839);;
INSERT INTO classroom (building_ID, room_number, capacity) VALUES (4, 496, 4233);;
INSERT INTO classroom (building_ID, room_number, capacity) VALUES (5, 438, 9073);;
INSERT INTO classroom (building_ID, room_number, capacity) VALUES (6, 551, 5677);;
INSERT INTO classroom (building_ID, room_number, capacity) VALUES (7, 82, 9731);;
INSERT INTO classroom (building_ID, room_number, capacity) VALUES (8, 830, 1005);;
INSERT INTO classroom (building_ID, room_number, capacity) VALUES (9, 274, 9144);;
INSERT INTO classroom (building_ID, room_number, capacity) VALUES (10, 351, 3885);;
INSERT INTO department (department_name, building_ID, budget) VALUES ("CS", 1, 8227866983.82);;
INSERT INTO department (department_name, building_ID, budget) VALUES ("BIO", 2, 2379489543.23);;
INSERT INTO department (department_name, building_ID, budget) VALUES ("MATH", 3, 3057415643.30);;
INSERT INTO department (department_name, building_ID, budget) VALUES ("CHEM", 4, 5795119005.57);;
INSERT INTO department (department_name, building_ID, budget) VALUES ("NURS", 5, 6594679498.65);;
INSERT INTO department (department_name, building_ID, budget) VALUES ("PHYS", 6, 2819607803.28);;
INSERT INTO department (department_name, building_ID, budget) VALUES ("ENGL", 7, 5743485430.57);;
INSERT INTO department (department_name, building_ID, budget) VALUES ("FRNC", 8, 8066343907.80);;
INSERT INTO department (department_name, building_ID, budget) VALUES ("JAPN", 9, 9615301945.96);;
INSERT INTO department (department_name, building_ID, budget) VALUES ("BOTN", 10, 7473454284.74);;
INSERT INTO time_slot (day, start_hr, start_min, end_hr, end_min) VALUES ("T", 14, 28, 22, 45);;
INSERT INTO time_slot (day, start_hr, start_min, end_hr, end_min) VALUES ("F", 18, 5, 1, 9);;
INSERT INTO time_slot (day, start_hr, start_min, end_hr, end_min) VALUES ("W", 15, 30, 19, 13);;
INSERT INTO time_slot (day, start_hr, start_min, end_hr, end_min) VALUES ("W", 21, 21, 0, 50);;
INSERT INTO time_slot (day, start_hr, start_min, end_hr, end_min) VALUES ("H", 12, 15, 19, 53);;
INSERT INTO time_slot (day, start_hr, start_min, end_hr, end_min) VALUES ("W", 23, 48, 16, 32);;
INSERT INTO time_slot (day, start_hr, start_min, end_hr, end_min) VALUES ("H", 0, 6, 19, 27);;
INSERT INTO time_slot (day, start_hr, start_min, end_hr, end_min) VALUES ("H", 14, 42, 21, 53);;
INSERT INTO time_slot (day, start_hr, start_min, end_hr, end_min) VALUES ("T", 21, 44, 2, 7);;
INSERT INTO time_slot (day, start_hr, start_min, end_hr, end_min) VALUES ("H", 22, 38, 21, 26);;
INSERT INTO account (username, password, role) VALUES ("Link", "RealDoctor3626", "Administrator");;
INSERT INTO account (username, password, role) VALUES ("DrMario", "Coolest!", "Instructor");;
INSERT INTO account (username, password, role) VALUES ("Caleb999", "CalebCalebCaleb", "Student");;
INSERT INTO account (username, password, role) VALUES ("dropKick2000", "Drop73Drop12!", "Student");;
INSERT INTO account (username, password, role) VALUES ("Drew2000", "Linkus", "Student");;
INSERT INTO account (username, password, role) VALUES ("aroddy", "FavoriteColor", "Administrator");;
INSERT INTO account (username, password, role) VALUES ("OrangeMan", "123892138", "Administrator");;
INSERT INTO account (username, password, role) VALUES ("coolGuy77", "GannonGannon88", "Instructor");;
INSERT INTO account (username, password, role) VALUES ("Ganondworf", "DrewPass99", "Administrator");;
INSERT INTO account (username, password, role) VALUES ("SuperCool", "TrulyCool2003", "Student");;
INSERT INTO advisor (first_name, last_name, department_ID) VALUES ("Thomas", "Raklovits", 1);;
INSERT INTO advisor (first_name, last_name, department_ID) VALUES ("Thomas", "Smith", 2);;
INSERT INTO advisor (first_name, last_name, department_ID) VALUES ("Thomas", "Raklovits", 3);;
INSERT INTO advisor (first_name, last_name, department_ID) VALUES ("Joseph", "So", 4);;
INSERT INTO advisor (first_name, last_name, department_ID) VALUES ("Craig", "Redy", 5);;
INSERT INTO advisor (first_name, last_name, department_ID) VALUES ("Tommy", "Raklovits", 6);;
INSERT INTO advisor (first_name, last_name, department_ID) VALUES ("Joseph", "Smith", 7);;
INSERT INTO advisor (first_name, last_name, department_ID) VALUES ("Tommy", "So", 8);;
INSERT INTO advisor (first_name, last_name, department_ID) VALUES ("TJ", "Smith", 9);;
INSERT INTO advisor (first_name, last_name, department_ID) VALUES ("Joseph", "Smith", 10);;
INSERT INTO course (title, department_ID, credits) VALUES ("Elementary Japanese 1", 1, 34);;
INSERT INTO course (title, department_ID, credits) VALUES ("Elementary Japanese 1", 2, 51);;
INSERT INTO course (title, department_ID, credits) VALUES ("Discrete Structures", 3, 57);;
INSERT INTO course (title, department_ID, credits) VALUES ("CS3", 4, 52);;
INSERT INTO course (title, department_ID, credits) VALUES ("CS1", 5, 41);;
INSERT INTO course (title, department_ID, credits) VALUES ("Elementary Japanese 1", 6, 66);;
INSERT INTO course (title, department_ID, credits) VALUES ("Intro to Databases", 7, 67);;
INSERT INTO course (title, department_ID, credits) VALUES ("CS2", 8, 44);;
INSERT INTO course (title, department_ID, credits) VALUES ("Elementary Japanese 1", 9, 52);;
INSERT INTO course (title, department_ID, credits) VALUES ("CS2", 10, 82);;
INSERT INTO instructor (first_name, last_name, department_ID, salary) VALUES ("Mikhail", "Kahn", 1, 317537.31);;
INSERT INTO instructor (first_name, last_name, department_ID, salary) VALUES ("Giovanni", "Nesterenko", 2, 596029.59);;
INSERT INTO instructor (first_name, last_name, department_ID, salary) VALUES ("Javed", "Kahn", 3, 363621.36);;
INSERT INTO instructor (first_name, last_name, department_ID, salary) VALUES ("Giovanni", "Phares", 4, 563439.56);;
INSERT INTO instructor (first_name, last_name, department_ID, salary) VALUES ("Giovanni", "Phares", 5, 287138.28);;
INSERT INTO instructor (first_name, last_name, department_ID, salary) VALUES ("Mikhail", "Kahn", 6, 715937.71);;
INSERT INTO instructor (first_name, last_name, department_ID, salary) VALUES ("Javed", "Kahn", 7, 141603.14);;
INSERT INTO instructor (first_name, last_name, department_ID, salary) VALUES ("Mikhail", "Nesterenko", 8, 417205.41);;
INSERT INTO instructor (first_name, last_name, department_ID, salary) VALUES ("Giovanni", "Nesterenko", 9, 898950.89);;
INSERT INTO instructor (first_name, last_name, department_ID, salary) VALUES ("Giovanni", "Nesterenko", 10, 827386.82);;
INSERT INTO section (course_ID, semester, year, building_ID, time_slot_ID) VALUES (1, "Spring", 1708, 1, 1);;
INSERT INTO section (course_ID, semester, year, building_ID, time_slot_ID) VALUES (2, "Summer", 1712, 2, 2);;
INSERT INTO section (course_ID, semester, year, building_ID, time_slot_ID) VALUES (3, "Fall", 2092, 3, 3);;
INSERT INTO section (course_ID, semester, year, building_ID, time_slot_ID) VALUES (4, "Spring", 1974, 4, 4);;
INSERT INTO section (course_ID, semester, year, building_ID, time_slot_ID) VALUES (5, "Spring", 1902, 5, 5);;
INSERT INTO section (course_ID, semester, year, building_ID, time_slot_ID) VALUES (6, "Winter", 1952, 6, 6);;
INSERT INTO section (course_ID, semester, year, building_ID, time_slot_ID) VALUES (7, "Spring", 1755, 7, 7);;
INSERT INTO section (course_ID, semester, year, building_ID, time_slot_ID) VALUES (8, "Winter", 1963, 8, 8);;
INSERT INTO section (course_ID, semester, year, building_ID, time_slot_ID) VALUES (9, "Spring", 2062, 9, 9);;
INSERT INTO section (course_ID, semester, year, building_ID, time_slot_ID) VALUES (10, "Spring", 1820, 10, 10);;
INSERT INTO student (first_name, last_name, department_ID, total_cred, advisor_ID) VALUES ("Andrew", "Roddy", 1, 95, 1);;
INSERT INTO student (first_name, last_name, department_ID, total_cred, advisor_ID) VALUES ("Andrew", "Stanberry", 2, 2, 2);;
INSERT INTO student (first_name, last_name, department_ID, total_cred, advisor_ID) VALUES ("Caleb", "Stanberry", 3, 3, 3);;
INSERT INTO student (first_name, last_name, department_ID, total_cred, advisor_ID) VALUES ("Andrew", "Senol", 4, 183, 4);;
INSERT INTO student (first_name, last_name, department_ID, total_cred, advisor_ID) VALUES ("Logan", "Stanberry", 5, 127, 5);;
INSERT INTO student (first_name, last_name, department_ID, total_cred, advisor_ID) VALUES ("Logan", "Roddy", 6, 240, 6);;
INSERT INTO student (first_name, last_name, department_ID, total_cred, advisor_ID) VALUES ("Logan", "Roddy", 7, 86, 7);;
INSERT INTO student (first_name, last_name, department_ID, total_cred, advisor_ID) VALUES ("Logan", "Roddy", 8, 60, 8);;
INSERT INTO student (first_name, last_name, department_ID, total_cred, advisor_ID) VALUES ("Caleb", "Stanberry", 9, 209, 9);;
INSERT INTO student (first_name, last_name, department_ID, total_cred, advisor_ID) VALUES ("Logan", "Roddy", 10, 133, 10);;
INSERT INTO teaches (instructor_ID, section_ID) VALUES (1, 1);;
INSERT INTO teaches (instructor_ID, section_ID) VALUES (2, 2);;
INSERT INTO teaches (instructor_ID, section_ID) VALUES (3, 3);;
INSERT INTO teaches (instructor_ID, section_ID) VALUES (4, 4);;
INSERT INTO teaches (instructor_ID, section_ID) VALUES (5, 5);;
INSERT INTO teaches (instructor_ID, section_ID) VALUES (6, 6);;
INSERT INTO teaches (instructor_ID, section_ID) VALUES (7, 7);;
INSERT INTO teaches (instructor_ID, section_ID) VALUES (8, 8);;
INSERT INTO teaches (instructor_ID, section_ID) VALUES (9, 9);;
INSERT INTO teaches (instructor_ID, section_ID) VALUES (10, 10);;
INSERT INTO takes (student_ID, section_ID, grades) VALUES (1, 1, "A-");;
INSERT INTO takes (student_ID, section_ID, grades) VALUES (2, 2, "D+");;
INSERT INTO takes (student_ID, section_ID, grades) VALUES (3, 3, "A");;
INSERT INTO takes (student_ID, section_ID, grades) VALUES (4, 4, "B");;
INSERT INTO takes (student_ID, section_ID, grades) VALUES (5, 5, "A");;
INSERT INTO takes (student_ID, section_ID, grades) VALUES (6, 6, "A");;
INSERT INTO takes (student_ID, section_ID, grades) VALUES (7, 7, "C");;
INSERT INTO takes (student_ID, section_ID, grades) VALUES (8, 8, "F");;
INSERT INTO takes (student_ID, section_ID, grades) VALUES (9, 9, "A+");;
INSERT INTO takes (student_ID, section_ID, grades) VALUES (10, 10, "F");;
INSERT INTO advises (student_ID, advisor_ID) VALUES (1, 1);;
INSERT INTO advises (student_ID, advisor_ID) VALUES (2, 2);;
INSERT INTO advises (student_ID, advisor_ID) VALUES (3, 3);;
INSERT INTO advises (student_ID, advisor_ID) VALUES (4, 4);;
INSERT INTO advises (student_ID, advisor_ID) VALUES (5, 5);;
INSERT INTO advises (student_ID, advisor_ID) VALUES (6, 6);;
INSERT INTO advises (student_ID, advisor_ID) VALUES (7, 7);;
INSERT INTO advises (student_ID, advisor_ID) VALUES (8, 8);;
INSERT INTO advises (student_ID, advisor_ID) VALUES (9, 9);;
INSERT INTO advises (student_ID, advisor_ID) VALUES (10, 10);;
INSERT INTO prereq (base_course_ID, requires_course_ID) VALUES (1, 1);;
INSERT INTO prereq (base_course_ID, requires_course_ID) VALUES (2, 2);;
INSERT INTO prereq (base_course_ID, requires_course_ID) VALUES (3, 3);;
INSERT INTO prereq (base_course_ID, requires_course_ID) VALUES (4, 4);;
INSERT INTO prereq (base_course_ID, requires_course_ID) VALUES (5, 5);;
INSERT INTO prereq (base_course_ID, requires_course_ID) VALUES (6, 6);;
INSERT INTO prereq (base_course_ID, requires_course_ID) VALUES (7, 7);;
INSERT INTO prereq (base_course_ID, requires_course_ID) VALUES (8, 8);;
INSERT INTO prereq (base_course_ID, requires_course_ID) VALUES (9, 9);;
INSERT INTO prereq (base_course_ID, requires_course_ID) VALUES (10, 10);;
