INSERT INTO building (building_name) VALUES ("MSB");;
INSERT INTO building (building_name) VALUES ("MSB");;
INSERT INTO building (building_name) VALUES ("MSB");;
INSERT INTO building (building_name) VALUES ("Smith");;
INSERT INTO building (building_name) VALUES ("Smith");;
INSERT INTO building (building_name) VALUES ("Smith");;
INSERT INTO building (building_name) VALUES ("White");;
INSERT INTO building (building_name) VALUES ("MSB");;
INSERT INTO building (building_name) VALUES ("Smith");;
INSERT INTO building (building_name) VALUES ("MSB");;
INSERT INTO classroom (building_ID, room_number, capacity) VALUES (1, 582, 2771);;
INSERT INTO classroom (building_ID, room_number, capacity) VALUES (2, 680, 2732);;
INSERT INTO classroom (building_ID, room_number, capacity) VALUES (3, 680, 2301);;
INSERT INTO classroom (building_ID, room_number, capacity) VALUES (4, 76, 3509);;
INSERT INTO classroom (building_ID, room_number, capacity) VALUES (5, 593, 3971);;
INSERT INTO classroom (building_ID, room_number, capacity) VALUES (6, 479, 6919);;
INSERT INTO classroom (building_ID, room_number, capacity) VALUES (7, 255, 1052);;
INSERT INTO classroom (building_ID, room_number, capacity) VALUES (8, 310, 9748);;
INSERT INTO classroom (building_ID, room_number, capacity) VALUES (9, 27, 9142);;
INSERT INTO classroom (building_ID, room_number, capacity) VALUES (10, 741, 3884);;
INSERT INTO department (department_name, building_ID, budget) VALUES ("CS", 1, 6098278441.60);;
INSERT INTO department (department_name, building_ID, budget) VALUES ("BIO", 2, 5212862525.52);;
INSERT INTO department (department_name, building_ID, budget) VALUES ("MATH", 3, 8811123109.88);;
INSERT INTO department (department_name, building_ID, budget) VALUES ("CHEM", 4, 6556106345.65);;
INSERT INTO department (department_name, building_ID, budget) VALUES ("NURS", 5, 9113719941.91);;
INSERT INTO department (department_name, building_ID, budget) VALUES ("PHYS", 6, 1249913863.12);;
INSERT INTO department (department_name, building_ID, budget) VALUES ("ENGL", 7, 2176802287.21);;
INSERT INTO department (department_name, building_ID, budget) VALUES ("FRNC", 8, 3684349229.36);;
INSERT INTO department (department_name, building_ID, budget) VALUES ("JAPN", 9, 6354945256.63);;
INSERT INTO department (department_name, building_ID, budget) VALUES ("BOTN", 10, 6027729421.60);;
INSERT INTO time_slot (day, start_hr, start_min, end_hr, end_min) VALUES ("H", 20, 27, 15, 47);;
INSERT INTO time_slot (day, start_hr, start_min, end_hr, end_min) VALUES ("W", 20, 47, 2, 31);;
INSERT INTO time_slot (day, start_hr, start_min, end_hr, end_min) VALUES ("W", 16, 37, 18, 9);;
INSERT INTO time_slot (day, start_hr, start_min, end_hr, end_min) VALUES ("F", 9, 28, 10, 28);;
INSERT INTO time_slot (day, start_hr, start_min, end_hr, end_min) VALUES ("F", 16, 44, 18, 44);;
INSERT INTO time_slot (day, start_hr, start_min, end_hr, end_min) VALUES ("T", 16, 3, 2, 47);;
INSERT INTO time_slot (day, start_hr, start_min, end_hr, end_min) VALUES ("M", 3, 50, 5, 4);;
INSERT INTO time_slot (day, start_hr, start_min, end_hr, end_min) VALUES ("W", 21, 49, 5, 2);;
INSERT INTO time_slot (day, start_hr, start_min, end_hr, end_min) VALUES ("M", 18, 52, 22, 24);;
INSERT INTO time_slot (day, start_hr, start_min, end_hr, end_min) VALUES ("T", 0, 24, 4, 28);;
INSERT INTO account (username, password, role) VALUES ("OrangeMan", "FavoriteColor", "Student");;
INSERT INTO account (username, password, role) VALUES ("Ganondworf", "Linkus", "Administrator");;
INSERT INTO account (username, password, role) VALUES ("DrMario", "Coolest!", "Administrator");;
INSERT INTO account (username, password, role) VALUES ("Caleb999", "Drop73Drop12!", "Instructor");;
INSERT INTO account (username, password, role) VALUES ("coolGuy77", "RealDoctor3626", "Student");;
INSERT INTO account (username, password, role) VALUES ("SuperCool", "CalebCalebCaleb", "Administrator");;
INSERT INTO account (username, password, role) VALUES ("aroddy", "TrulyCool2003", "Instructor");;
INSERT INTO account (username, password, role) VALUES ("dropKick2000", "GannonGannon88", "Administrator");;
INSERT INTO account (username, password, role) VALUES ("Drew2000", "123892138", "Student");;
INSERT INTO account (username, password, role) VALUES ("Link", "DrewPass99", "Administrator");;
INSERT INTO advisor (first_name, last_name, department_ID) VALUES ("TJ", "Smith", 1);;
INSERT INTO advisor (first_name, last_name, department_ID) VALUES ("Craig", "Smith", 2);;
INSERT INTO advisor (first_name, last_name, department_ID) VALUES ("Joseph", "So", 3);;
INSERT INTO advisor (first_name, last_name, department_ID) VALUES ("Joseph", "Smith", 4);;
INSERT INTO advisor (first_name, last_name, department_ID) VALUES ("Joseph", "Raklovits", 5);;
INSERT INTO advisor (first_name, last_name, department_ID) VALUES ("Thomas", "Morneweck", 6);;
INSERT INTO advisor (first_name, last_name, department_ID) VALUES ("Tommy", "So", 7);;
INSERT INTO advisor (first_name, last_name, department_ID) VALUES ("Tommy", "Johnson", 8);;
INSERT INTO advisor (first_name, last_name, department_ID) VALUES ("Thomas", "So", 9);;
INSERT INTO advisor (first_name, last_name, department_ID) VALUES ("Tommy", "Morneweck", 10);;
INSERT INTO course (title, department_ID, credits) VALUES ("CS2", 1, 4);;
INSERT INTO course (title, department_ID, credits) VALUES ("CS4", 2, 34);;
INSERT INTO course (title, department_ID, credits) VALUES ("CS4", 3, 12);;
INSERT INTO course (title, department_ID, credits) VALUES ("CS3", 4, 80);;
INSERT INTO course (title, department_ID, credits) VALUES ("Discrete Structures", 5, 42);;
INSERT INTO course (title, department_ID, credits) VALUES ("Elementary Japanese 1", 6, 73);;
INSERT INTO course (title, department_ID, credits) VALUES ("CS1", 7, 41);;
INSERT INTO course (title, department_ID, credits) VALUES ("CS4", 8, 67);;
INSERT INTO course (title, department_ID, credits) VALUES ("Elementary Japanese 1", 9, 93);;
INSERT INTO course (title, department_ID, credits) VALUES ("CS2", 10, 43);;
INSERT INTO instructor (first_name, last_name, department_ID, salary) VALUES ("Javed", "Kahn", 1, 925838.92);;
INSERT INTO instructor (first_name, last_name, department_ID, salary) VALUES ("Javed", "Phares", 2, 874686.87);;
INSERT INTO instructor (first_name, last_name, department_ID, salary) VALUES ("Giovanni", "Nesterenko", 3, 754506.75);;
INSERT INTO instructor (first_name, last_name, department_ID, salary) VALUES ("Javed", "Kahn", 4, 792010.79);;
INSERT INTO instructor (first_name, last_name, department_ID, salary) VALUES ("Mikhail", "Phares", 5, 879227.87);;
INSERT INTO instructor (first_name, last_name, department_ID, salary) VALUES ("Javed", "Phares", 6, 354676.35);;
INSERT INTO instructor (first_name, last_name, department_ID, salary) VALUES ("Giovanni", "Nesterenko", 7, 243582.24);;
INSERT INTO instructor (first_name, last_name, department_ID, salary) VALUES ("Mikhail", "Nesterenko", 8, 287199.28);;
INSERT INTO instructor (first_name, last_name, department_ID, salary) VALUES ("Mikhail", "Kahn", 9, 370028.37);;
INSERT INTO instructor (first_name, last_name, department_ID, salary) VALUES ("Mikhail", "Nesterenko", 10, 485018.48);;
INSERT INTO section (course_ID, semester, year, building_ID, time_slot_ID) VALUES (1, "Spring", 1957, 1, 1);;
INSERT INTO section (course_ID, semester, year, building_ID, time_slot_ID) VALUES (2, "Winter", 1987, 2, 2);;
INSERT INTO section (course_ID, semester, year, building_ID, time_slot_ID) VALUES (3, "Fall", 2055, 3, 3);;
INSERT INTO section (course_ID, semester, year, building_ID, time_slot_ID) VALUES (4, "Spring", 2069, 4, 4);;
INSERT INTO section (course_ID, semester, year, building_ID, time_slot_ID) VALUES (5, "Fall", 1835, 5, 5);;
INSERT INTO section (course_ID, semester, year, building_ID, time_slot_ID) VALUES (6, "Summer", 1717, 6, 6);;
INSERT INTO section (course_ID, semester, year, building_ID, time_slot_ID) VALUES (7, "Winter", 2056, 7, 7);;
INSERT INTO section (course_ID, semester, year, building_ID, time_slot_ID) VALUES (8, "Winter", 1721, 8, 8);;
INSERT INTO section (course_ID, semester, year, building_ID, time_slot_ID) VALUES (9, "Spring", 2032, 9, 9);;
INSERT INTO section (course_ID, semester, year, building_ID, time_slot_ID) VALUES (10, "Fall", 1958, 10, 10);;
INSERT INTO student (first_name, last_name, department_ID, total_cred, advisor_ID) VALUES ("Logan", "Roddy", 1, 9, 1);;
INSERT INTO student (first_name, last_name, department_ID, total_cred, advisor_ID) VALUES ("Caleb", "Senol", 2, 107, 2);;
INSERT INTO student (first_name, last_name, department_ID, total_cred, advisor_ID) VALUES ("Andrew", "Senol", 3, 220, 3);;
INSERT INTO student (first_name, last_name, department_ID, total_cred, advisor_ID) VALUES ("Logan", "Senol", 4, 203, 4);;
INSERT INTO student (first_name, last_name, department_ID, total_cred, advisor_ID) VALUES ("Caleb", "Stanberry", 5, 121, 5);;
INSERT INTO student (first_name, last_name, department_ID, total_cred, advisor_ID) VALUES ("Logan", "Senol", 6, 126, 6);;
INSERT INTO student (first_name, last_name, department_ID, total_cred, advisor_ID) VALUES ("Logan", "Senol", 7, 38, 7);;
INSERT INTO student (first_name, last_name, department_ID, total_cred, advisor_ID) VALUES ("Andrew", "Stanberry", 8, 47, 8);;
INSERT INTO student (first_name, last_name, department_ID, total_cred, advisor_ID) VALUES ("Logan", "Roddy", 9, 236, 9);;
INSERT INTO student (first_name, last_name, department_ID, total_cred, advisor_ID) VALUES ("Logan", "Senol", 10, 227, 10);;
INSERT INTO teaches (instructor_ID, section_ID) VALUES (1, 1);;
INSERT INTO teaches (instructor_ID, section_ID) VALUES (2, 2);;
INSERT INTO teaches (instructor_ID, section_ID) VALUES (3, 3);;
INSERT INTO teaches (instructor_ID, section_ID) VALUES (4, 4);;
INSERT INTO teaches (instructor_ID, section_ID) VALUES (5, 5);;
INSERT INTO teaches (instructor_ID, section_ID) VALUES (6, 6);;
INSERT INTO teaches (instructor_ID, section_ID) VALUES (7, 7);;
INSERT INTO teaches (instructor_ID, section_ID) VALUES (8, 8);;
INSERT INTO teaches (instructor_ID, section_ID) VALUES (9, 9);;
INSERT INTO teaches (instructor_ID, section_ID) VALUES (10, 10);;
INSERT INTO takes (student_ID, section_ID, grades) VALUES (1, 1, "D+");;
INSERT INTO takes (student_ID, section_ID, grades) VALUES (2, 2, "A+");;
INSERT INTO takes (student_ID, section_ID, grades) VALUES (3, 3, "A+");;
INSERT INTO takes (student_ID, section_ID, grades) VALUES (4, 4, "A-");;
INSERT INTO takes (student_ID, section_ID, grades) VALUES (5, 5, "D-");;
INSERT INTO takes (student_ID, section_ID, grades) VALUES (6, 6, "C");;
INSERT INTO takes (student_ID, section_ID, grades) VALUES (7, 7, "A-");;
INSERT INTO takes (student_ID, section_ID, grades) VALUES (8, 8, "D");;
INSERT INTO takes (student_ID, section_ID, grades) VALUES (9, 9, "D+");;
INSERT INTO takes (student_ID, section_ID, grades) VALUES (10, 10, "A-");;
INSERT INTO advises (student_ID, advisor_ID) VALUES (1, 1);;
INSERT INTO advises (student_ID, advisor_ID) VALUES (2, 2);;
INSERT INTO advises (student_ID, advisor_ID) VALUES (3, 3);;
INSERT INTO advises (student_ID, advisor_ID) VALUES (4, 4);;
INSERT INTO advises (student_ID, advisor_ID) VALUES (5, 5);;
INSERT INTO advises (student_ID, advisor_ID) VALUES (6, 6);;
INSERT INTO advises (student_ID, advisor_ID) VALUES (7, 7);;
INSERT INTO advises (student_ID, advisor_ID) VALUES (8, 8);;
INSERT INTO advises (student_ID, advisor_ID) VALUES (9, 9);;
INSERT INTO advises (student_ID, advisor_ID) VALUES (10, 10);;
INSERT INTO prereq (base_course_ID, requires_course_ID) VALUES (1, 1);;
INSERT INTO prereq (base_course_ID, requires_course_ID) VALUES (2, 2);;
INSERT INTO prereq (base_course_ID, requires_course_ID) VALUES (3, 3);;
INSERT INTO prereq (base_course_ID, requires_course_ID) VALUES (4, 4);;
INSERT INTO prereq (base_course_ID, requires_course_ID) VALUES (5, 5);;
INSERT INTO prereq (base_course_ID, requires_course_ID) VALUES (6, 6);;
INSERT INTO prereq (base_course_ID, requires_course_ID) VALUES (7, 7);;
INSERT INTO prereq (base_course_ID, requires_course_ID) VALUES (8, 8);;
INSERT INTO prereq (base_course_ID, requires_course_ID) VALUES (9, 9);;
INSERT INTO prereq (base_course_ID, requires_course_ID) VALUES (10, 10);;
