INSERT INTO classroom (building_name, room_number, capacity) VALUES ("DI", 273, 8460);;
INSERT INTO classroom (building_name, room_number, capacity) VALUES ("DI", 929, 8487);;
INSERT INTO classroom (building_name, room_number, capacity) VALUES ("DI", 881, 8978);;
INSERT INTO classroom (building_name, room_number, capacity) VALUES ("DI", 239, 4930);;
INSERT INTO classroom (building_name, room_number, capacity) VALUES ("Smith", 358, 7970);;
INSERT INTO classroom (building_name, room_number, capacity) VALUES ("DI", 804, 2652);;
INSERT INTO classroom (building_name, room_number, capacity) VALUES ("DI", 885, 6799);;
INSERT INTO classroom (building_name, room_number, capacity) VALUES ("MSB", 883, 6402);;
INSERT INTO classroom (building_name, room_number, capacity) VALUES ("Smith", 6, 4614);;
INSERT INTO classroom (building_name, room_number, capacity) VALUES ("Smith", 328, 2486);;
INSERT INTO department (department_name, building, budget) VALUES ("CS", "Smith", 1748164599.17);;
INSERT INTO department (department_name, building, budget) VALUES ("CS", "Smith", 8515487026.85);;
INSERT INTO department (department_name, building, budget) VALUES ("CHEM", "Smith", 7987559897.79);;
INSERT INTO department (department_name, building, budget) VALUES ("CS", "Smith", 8404085577.84);;
INSERT INTO department (department_name, building, budget) VALUES ("CHEM", "DI", 7148677957.71);;
INSERT INTO department (department_name, building, budget) VALUES ("CHEM", "Smith", 5945383947.59);;
INSERT INTO department (department_name, building, budget) VALUES ("CHEM", "MSB", 1721834363.17);;
INSERT INTO department (department_name, building, budget) VALUES ("MATH", "White", 8138538434.81);;
INSERT INTO department (department_name, building, budget) VALUES ("CS", "White", 3168680465.31);;
INSERT INTO department (department_name, building, budget) VALUES ("MATH", "White", 2034246054.20);;
INSERT INTO time_slot (day, start_hr, start_min, end_hr, end_min) VALUES ("P", 14, 18, 21, 8);;
INSERT INTO time_slot (day, start_hr, start_min, end_hr, end_min) VALUES ("s", 19, 49, 1, 2);;
INSERT INTO time_slot (day, start_hr, start_min, end_hr, end_min) VALUES ("S", 2, 52, 7, 17);;
INSERT INTO time_slot (day, start_hr, start_min, end_hr, end_min) VALUES ("R", 20, 51, 3, 21);;
INSERT INTO time_slot (day, start_hr, start_min, end_hr, end_min) VALUES ("M", 0, 7, 4, 42);;
INSERT INTO time_slot (day, start_hr, start_min, end_hr, end_min) VALUES ("r", 6, 29, 10, 33);;
INSERT INTO time_slot (day, start_hr, start_min, end_hr, end_min) VALUES ("X", 4, 16, 7, 1);;
INSERT INTO time_slot (day, start_hr, start_min, end_hr, end_min) VALUES ("u", 1, 42, 6, 24);;
INSERT INTO time_slot (day, start_hr, start_min, end_hr, end_min) VALUES ("R", 16, 48, 19, 55);;
INSERT INTO time_slot (day, start_hr, start_min, end_hr, end_min) VALUES ("e", 19, 54, 5, 30);;
INSERT INTO advisor (first_name, last_name, department_ID) VALUES ("TJ", "Redy", 1);;
INSERT INTO advisor (first_name, last_name, department_ID) VALUES ("Craig", "Raklovits", 2);;
INSERT INTO advisor (first_name, last_name, department_ID) VALUES ("TJ", "Smith", 3);;
INSERT INTO advisor (first_name, last_name, department_ID) VALUES ("Leah", "Johnson", 4);;
INSERT INTO advisor (first_name, last_name, department_ID) VALUES ("Craig", "Johnson", 5);;
INSERT INTO advisor (first_name, last_name, department_ID) VALUES ("Leah", "Johnson", 6);;
INSERT INTO advisor (first_name, last_name, department_ID) VALUES ("Leah", "So", 7);;
INSERT INTO advisor (first_name, last_name, department_ID) VALUES ("TJ", "So", 8);;
INSERT INTO advisor (first_name, last_name, department_ID) VALUES ("Tommy", "Raklovits", 9);;
INSERT INTO advisor (first_name, last_name, department_ID) VALUES ("Leah", "Morneweck", 10);;
INSERT INTO course (title, department_ID, credits) VALUES ("Elementary Japanese 1", 1, 64);;
INSERT INTO course (title, department_ID, credits) VALUES ("CS2", 2, 21);;
INSERT INTO course (title, department_ID, credits) VALUES ("CS3", 3, 50);;
INSERT INTO course (title, department_ID, credits) VALUES ("CS1", 4, 73);;
INSERT INTO course (title, department_ID, credits) VALUES ("Discrete Structures", 5, 11);;
INSERT INTO course (title, department_ID, credits) VALUES ("CS1", 6, 87);;
INSERT INTO course (title, department_ID, credits) VALUES ("CS2", 7, 33);;
INSERT INTO course (title, department_ID, credits) VALUES ("CS3", 8, 46);;
INSERT INTO course (title, department_ID, credits) VALUES ("Intro to Databases", 9, 11);;
INSERT INTO course (title, department_ID, credits) VALUES ("Discrete Structures", 10, 9);;
INSERT INTO instructor (first_name, last_name, department_ID, salary) VALUES ("Mikhail", "Nesterenko", 1, 756367.75);;
INSERT INTO instructor (first_name, last_name, department_ID, salary) VALUES ("Giovanni", "Phares", 2, 802143.80);;
INSERT INTO instructor (first_name, last_name, department_ID, salary) VALUES ("Mikhail", "Phares", 3, 825052.82);;
INSERT INTO instructor (first_name, last_name, department_ID, salary) VALUES ("Giovanni", "Kahn", 4, 184504.18);;
INSERT INTO instructor (first_name, last_name, department_ID, salary) VALUES ("Javed", "Phares", 5, 672299.67);;
INSERT INTO instructor (first_name, last_name, department_ID, salary) VALUES ("Mikhail", "Kahn", 6, 797339.79);;
INSERT INTO instructor (first_name, last_name, department_ID, salary) VALUES ("Javed", "Nesterenko", 7, 875487.87);;
INSERT INTO instructor (first_name, last_name, department_ID, salary) VALUES ("Mikhail", "Kahn", 8, 386525.38);;
INSERT INTO instructor (first_name, last_name, department_ID, salary) VALUES ("Giovanni", "Kahn", 9, 914165.91);;
INSERT INTO instructor (first_name, last_name, department_ID, salary) VALUES ("Giovanni", "Phares", 10, 195880.19);;
INSERT INTO section (course_ID, semester, year, building_ID, time_slot_ID) VALUES (1, "Summer", 1773, 1, 1);;
INSERT INTO section (course_ID, semester, year, building_ID, time_slot_ID) VALUES (2, "Spring", 1907, 2, 2);;
INSERT INTO section (course_ID, semester, year, building_ID, time_slot_ID) VALUES (3, "Fall", 1726, 3, 3);;
INSERT INTO section (course_ID, semester, year, building_ID, time_slot_ID) VALUES (4, "Winter", 1976, 4, 4);;
INSERT INTO section (course_ID, semester, year, building_ID, time_slot_ID) VALUES (5, "Spring", 1933, 5, 5);;
INSERT INTO section (course_ID, semester, year, building_ID, time_slot_ID) VALUES (6, "Winter", 1719, 6, 6);;
INSERT INTO section (course_ID, semester, year, building_ID, time_slot_ID) VALUES (7, "Fall", 1920, 7, 7);;
INSERT INTO section (course_ID, semester, year, building_ID, time_slot_ID) VALUES (8, "Summer", 2074, 8, 8);;
INSERT INTO section (course_ID, semester, year, building_ID, time_slot_ID) VALUES (9, "Fall", 1980, 9, 9);;
INSERT INTO section (course_ID, semester, year, building_ID, time_slot_ID) VALUES (10, "Spring", 1999, 10, 10);;
INSERT INTO student (first_name, last_name, department_ID, total_cred, advisor_ID) VALUES ("Caleb", "Roddy", 1, 18, 1);;
INSERT INTO student (first_name, last_name, department_ID, total_cred, advisor_ID) VALUES ("Caleb", "Roddy", 2, 110, 2);;
INSERT INTO student (first_name, last_name, department_ID, total_cred, advisor_ID) VALUES ("Caleb", "Roddy", 3, 216, 3);;
INSERT INTO student (first_name, last_name, department_ID, total_cred, advisor_ID) VALUES ("Logan", "Senol", 4, 94, 4);;
INSERT INTO student (first_name, last_name, department_ID, total_cred, advisor_ID) VALUES ("Andrew", "Stanberry", 5, 155, 5);;
INSERT INTO student (first_name, last_name, department_ID, total_cred, advisor_ID) VALUES ("Caleb", "Senol", 6, 96, 6);;
INSERT INTO student (first_name, last_name, department_ID, total_cred, advisor_ID) VALUES ("Logan", "Senol", 7, 132, 7);;
INSERT INTO student (first_name, last_name, department_ID, total_cred, advisor_ID) VALUES ("Caleb", "Roddy", 8, 27, 8);;
INSERT INTO student (first_name, last_name, department_ID, total_cred, advisor_ID) VALUES ("Logan", "Roddy", 9, 110, 9);;
INSERT INTO student (first_name, last_name, department_ID, total_cred, advisor_ID) VALUES ("Logan", "Senol", 10, 112, 10);;
INSERT INTO teaches (instructor_ID, section_ID) VALUES (1, 1);;
INSERT INTO teaches (instructor_ID, section_ID) VALUES (2, 2);;
INSERT INTO teaches (instructor_ID, section_ID) VALUES (3, 3);;
INSERT INTO teaches (instructor_ID, section_ID) VALUES (4, 4);;
INSERT INTO teaches (instructor_ID, section_ID) VALUES (5, 5);;
INSERT INTO teaches (instructor_ID, section_ID) VALUES (6, 6);;
INSERT INTO teaches (instructor_ID, section_ID) VALUES (7, 7);;
INSERT INTO teaches (instructor_ID, section_ID) VALUES (8, 8);;
INSERT INTO teaches (instructor_ID, section_ID) VALUES (9, 9);;
INSERT INTO teaches (instructor_ID, section_ID) VALUES (10, 10);;
INSERT INTO takes (student_ID, section_ID, grades) VALUES (1, 1, "B-");;
INSERT INTO takes (student_ID, section_ID, grades) VALUES (2, 2, "D");;
INSERT INTO takes (student_ID, section_ID, grades) VALUES (3, 3, "C-");;
INSERT INTO takes (student_ID, section_ID, grades) VALUES (4, 4, "D-");;
INSERT INTO takes (student_ID, section_ID, grades) VALUES (5, 5, "F");;
INSERT INTO takes (student_ID, section_ID, grades) VALUES (6, 6, "C+");;
INSERT INTO takes (student_ID, section_ID, grades) VALUES (7, 7, "A");;
INSERT INTO takes (student_ID, section_ID, grades) VALUES (8, 8, "C+");;
INSERT INTO takes (student_ID, section_ID, grades) VALUES (9, 9, "D");;
INSERT INTO takes (student_ID, section_ID, grades) VALUES (10, 10, "B-");;
INSERT INTO advises (student_ID, advisor_ID) VALUES (1, 1);;
INSERT INTO advises (student_ID, advisor_ID) VALUES (2, 2);;
INSERT INTO advises (student_ID, advisor_ID) VALUES (3, 3);;
INSERT INTO advises (student_ID, advisor_ID) VALUES (4, 4);;
INSERT INTO advises (student_ID, advisor_ID) VALUES (5, 5);;
INSERT INTO advises (student_ID, advisor_ID) VALUES (6, 6);;
INSERT INTO advises (student_ID, advisor_ID) VALUES (7, 7);;
INSERT INTO advises (student_ID, advisor_ID) VALUES (8, 8);;
INSERT INTO advises (student_ID, advisor_ID) VALUES (9, 9);;
INSERT INTO advises (student_ID, advisor_ID) VALUES (10, 10);;
INSERT INTO prereq (base_course_ID, requires_course_ID) VALUES (1, 1);;
INSERT INTO prereq (base_course_ID, requires_course_ID) VALUES (2, 2);;
INSERT INTO prereq (base_course_ID, requires_course_ID) VALUES (3, 3);;
INSERT INTO prereq (base_course_ID, requires_course_ID) VALUES (4, 4);;
INSERT INTO prereq (base_course_ID, requires_course_ID) VALUES (5, 5);;
INSERT INTO prereq (base_course_ID, requires_course_ID) VALUES (6, 6);;
INSERT INTO prereq (base_course_ID, requires_course_ID) VALUES (7, 7);;
INSERT INTO prereq (base_course_ID, requires_course_ID) VALUES (8, 8);;
INSERT INTO prereq (base_course_ID, requires_course_ID) VALUES (9, 9);;
INSERT INTO prereq (base_course_ID, requires_course_ID) VALUES (10, 10);;
