INSERT INTO building (building_name) VALUES ("White");;
INSERT INTO building (building_name) VALUES ("White");;
INSERT INTO building (building_name) VALUES ("White");;
INSERT INTO building (building_name) VALUES ("DI");;
INSERT INTO building (building_name) VALUES ("Smith");;
INSERT INTO building (building_name) VALUES ("White");;
INSERT INTO building (building_name) VALUES ("Smith");;
INSERT INTO building (building_name) VALUES ("White");;
INSERT INTO building (building_name) VALUES ("White");;
INSERT INTO building (building_name) VALUES ("Smith");;
INSERT INTO classroom (building_ID, room_number, capacity) VALUES (1, 174, 4571);;
INSERT INTO classroom (building_ID, room_number, capacity) VALUES (2, 43, 824);;
INSERT INTO classroom (building_ID, room_number, capacity) VALUES (3, 739, 3520);;
INSERT INTO classroom (building_ID, room_number, capacity) VALUES (4, 586, 8136);;
INSERT INTO classroom (building_ID, room_number, capacity) VALUES (5, 993, 8194);;
INSERT INTO classroom (building_ID, room_number, capacity) VALUES (6, 707, 7314);;
INSERT INTO classroom (building_ID, room_number, capacity) VALUES (7, 589, 9397);;
INSERT INTO classroom (building_ID, room_number, capacity) VALUES (8, 169, 5689);;
INSERT INTO classroom (building_ID, room_number, capacity) VALUES (9, 225, 2866);;
INSERT INTO classroom (building_ID, room_number, capacity) VALUES (10, 492, 4085);;
INSERT INTO department (department_name, building_ID, budget) VALUES ("CS", 1, 8027073495.80);;
INSERT INTO department (department_name, building_ID, budget) VALUES ("BIO", 2, 6653230082.66);;
INSERT INTO department (department_name, building_ID, budget) VALUES ("MATH", 3, 9301429955.93);;
INSERT INTO department (department_name, building_ID, budget) VALUES ("CHEM", 4, 2661999134.26);;
INSERT INTO department (department_name, building_ID, budget) VALUES ("NURS", 5, 1247515326.12);;
INSERT INTO department (department_name, building_ID, budget) VALUES ("PHYS", 6, 1481957508.14);;
INSERT INTO department (department_name, building_ID, budget) VALUES ("ENGL", 7, 7514265448.75);;
INSERT INTO department (department_name, building_ID, budget) VALUES ("FRNC", 8, 4531528234.45);;
INSERT INTO department (department_name, building_ID, budget) VALUES ("JAPN", 9, 1221517415.12);;
INSERT INTO department (department_name, building_ID, budget) VALUES ("BOTN", 10, 8897509710.88);;
INSERT INTO time_slot (day, start_hr, start_min, end_hr, end_min) VALUES ("W", 11, 15, 4, 55);;
INSERT INTO time_slot (day, start_hr, start_min, end_hr, end_min) VALUES ("H", 14, 59, 6, 58);;
INSERT INTO time_slot (day, start_hr, start_min, end_hr, end_min) VALUES ("W", 21, 21, 8, 7);;
INSERT INTO time_slot (day, start_hr, start_min, end_hr, end_min) VALUES ("T", 9, 19, 19, 22);;
INSERT INTO time_slot (day, start_hr, start_min, end_hr, end_min) VALUES ("H", 21, 10, 21, 25);;
INSERT INTO time_slot (day, start_hr, start_min, end_hr, end_min) VALUES ("M", 5, 49, 11, 55);;
INSERT INTO time_slot (day, start_hr, start_min, end_hr, end_min) VALUES ("W", 12, 14, 1, 25);;
INSERT INTO time_slot (day, start_hr, start_min, end_hr, end_min) VALUES ("T", 16, 25, 18, 17);;
INSERT INTO time_slot (day, start_hr, start_min, end_hr, end_min) VALUES ("F", 10, 31, 5, 7);;
INSERT INTO time_slot (day, start_hr, start_min, end_hr, end_min) VALUES ("W", 12, 59, 22, 6);;
INSERT INTO account (username, password, role) VALUES ("Link", "RealDoctor3626", "Instructor");;
INSERT INTO account (username, password, role) VALUES ("OrangeMan", "FavoriteColor", "Student");;
INSERT INTO account (username, password, role) VALUES ("Ganondworf", "Linkus", "Student");;
INSERT INTO account (username, password, role) VALUES ("aroddy", "Drop73Drop12!", "Instructor");;
INSERT INTO account (username, password, role) VALUES ("Caleb999", "CalebCalebCaleb", "Administrator");;
INSERT INTO account (username, password, role) VALUES ("SuperCool", "DrewPass99", "Student");;
INSERT INTO account (username, password, role) VALUES ("Drew2000", "TrulyCool2003", "Student");;
INSERT INTO account (username, password, role) VALUES ("DrMario", "Coolest!", "Student");;
INSERT INTO account (username, password, role) VALUES ("coolGuy77", "123892138", "Instructor");;
INSERT INTO account (username, password, role) VALUES ("dropKick2000", "GannonGannon88", "Student");;
INSERT INTO advisor (first_name, last_name, department_ID) VALUES ("TJ", "Morneweck", 1);;
INSERT INTO advisor (first_name, last_name, department_ID) VALUES ("Leah", "Morneweck", 2);;
INSERT INTO advisor (first_name, last_name, department_ID) VALUES ("Craig", "Johnson", 3);;
INSERT INTO advisor (first_name, last_name, department_ID) VALUES ("Craig", "Morneweck", 4);;
INSERT INTO advisor (first_name, last_name, department_ID) VALUES ("Leah", "Smith", 5);;
INSERT INTO advisor (first_name, last_name, department_ID) VALUES ("Tommy", "Smith", 6);;
INSERT INTO advisor (first_name, last_name, department_ID) VALUES ("Leah", "Smith", 7);;
INSERT INTO advisor (first_name, last_name, department_ID) VALUES ("TJ", "Redy", 8);;
INSERT INTO advisor (first_name, last_name, department_ID) VALUES ("Craig", "Morneweck", 9);;
INSERT INTO advisor (first_name, last_name, department_ID) VALUES ("Craig", "Johnson", 10);;
INSERT INTO course (title, department_ID, credits) VALUES ("CS2", 1, 14);;
INSERT INTO course (title, department_ID, credits) VALUES ("Discrete Structures", 2, 14);;
INSERT INTO course (title, department_ID, credits) VALUES ("Discrete Structures", 3, 7);;
INSERT INTO course (title, department_ID, credits) VALUES ("CS2", 4, 54);;
INSERT INTO course (title, department_ID, credits) VALUES ("Elementary Japanese 1", 5, 48);;
INSERT INTO course (title, department_ID, credits) VALUES ("CS3", 6, 37);;
INSERT INTO course (title, department_ID, credits) VALUES ("Elementary Japanese 1", 7, 68);;
INSERT INTO course (title, department_ID, credits) VALUES ("CS4", 8, 66);;
INSERT INTO course (title, department_ID, credits) VALUES ("Discrete Structures", 9, 32);;
INSERT INTO course (title, department_ID, credits) VALUES ("CS2", 10, 65);;
INSERT INTO instructor (first_name, last_name, department_ID, salary) VALUES ("Mikhail", "Kahn", 1, 566154.56);;
INSERT INTO instructor (first_name, last_name, department_ID, salary) VALUES ("Mikhail", "Phares", 2, 374101.37);;
INSERT INTO instructor (first_name, last_name, department_ID, salary) VALUES ("Mikhail", "Phares", 3, 455055.45);;
INSERT INTO instructor (first_name, last_name, department_ID, salary) VALUES ("Giovanni", "Kahn", 4, 354271.35);;
INSERT INTO instructor (first_name, last_name, department_ID, salary) VALUES ("Giovanni", "Nesterenko", 5, 263219.26);;
INSERT INTO instructor (first_name, last_name, department_ID, salary) VALUES ("Giovanni", "Kahn", 6, 161699.16);;
INSERT INTO instructor (first_name, last_name, department_ID, salary) VALUES ("Mikhail", "Nesterenko", 7, 623377.62);;
INSERT INTO instructor (first_name, last_name, department_ID, salary) VALUES ("Javed", "Nesterenko", 8, 286855.28);;
INSERT INTO instructor (first_name, last_name, department_ID, salary) VALUES ("Javed", "Nesterenko", 9, 308529.30);;
INSERT INTO instructor (first_name, last_name, department_ID, salary) VALUES ("Giovanni", "Nesterenko", 10, 879733.87);;
INSERT INTO section (course_ID, semester, year, building_ID, time_slot_ID) VALUES (1, "Fall", 2082, 1, 1);;
INSERT INTO section (course_ID, semester, year, building_ID, time_slot_ID) VALUES (2, "Fall", 1990, 2, 2);;
INSERT INTO section (course_ID, semester, year, building_ID, time_slot_ID) VALUES (3, "Summer", 2002, 3, 3);;
INSERT INTO section (course_ID, semester, year, building_ID, time_slot_ID) VALUES (4, "Fall", 1703, 4, 4);;
INSERT INTO section (course_ID, semester, year, building_ID, time_slot_ID) VALUES (5, "Summer", 2045, 5, 5);;
INSERT INTO section (course_ID, semester, year, building_ID, time_slot_ID) VALUES (6, "Spring", 2006, 6, 6);;
INSERT INTO section (course_ID, semester, year, building_ID, time_slot_ID) VALUES (7, "Spring", 1935, 7, 7);;
INSERT INTO section (course_ID, semester, year, building_ID, time_slot_ID) VALUES (8, "Summer", 1845, 8, 8);;
INSERT INTO section (course_ID, semester, year, building_ID, time_slot_ID) VALUES (9, "Summer", 1803, 9, 9);;
INSERT INTO section (course_ID, semester, year, building_ID, time_slot_ID) VALUES (10, "Winter", 1720, 10, 10);;
INSERT INTO student (first_name, last_name, department_ID, total_cred, advisor_ID) VALUES ("Logan", "Stanberry", 1, 162, 1);;
INSERT INTO student (first_name, last_name, department_ID, total_cred, advisor_ID) VALUES ("Caleb", "Stanberry", 2, 96, 2);;
INSERT INTO student (first_name, last_name, department_ID, total_cred, advisor_ID) VALUES ("Logan", "Stanberry", 3, 118, 3);;
INSERT INTO student (first_name, last_name, department_ID, total_cred, advisor_ID) VALUES ("Logan", "Stanberry", 4, 184, 4);;
INSERT INTO student (first_name, last_name, department_ID, total_cred, advisor_ID) VALUES ("Logan", "Roddy", 5, 41, 5);;
INSERT INTO student (first_name, last_name, department_ID, total_cred, advisor_ID) VALUES ("Logan", "Roddy", 6, 129, 6);;
INSERT INTO student (first_name, last_name, department_ID, total_cred, advisor_ID) VALUES ("Logan", "Senol", 7, 148, 7);;
INSERT INTO student (first_name, last_name, department_ID, total_cred, advisor_ID) VALUES ("Andrew", "Stanberry", 8, 176, 8);;
INSERT INTO student (first_name, last_name, department_ID, total_cred, advisor_ID) VALUES ("Caleb", "Stanberry", 9, 89, 9);;
INSERT INTO student (first_name, last_name, department_ID, total_cred, advisor_ID) VALUES ("Caleb", "Roddy", 10, 174, 10);;
INSERT INTO teaches (instructor_ID, section_ID) VALUES (1, 1);;
INSERT INTO teaches (instructor_ID, section_ID) VALUES (2, 2);;
INSERT INTO teaches (instructor_ID, section_ID) VALUES (3, 3);;
INSERT INTO teaches (instructor_ID, section_ID) VALUES (4, 4);;
INSERT INTO teaches (instructor_ID, section_ID) VALUES (5, 5);;
INSERT INTO teaches (instructor_ID, section_ID) VALUES (6, 6);;
INSERT INTO teaches (instructor_ID, section_ID) VALUES (7, 7);;
INSERT INTO teaches (instructor_ID, section_ID) VALUES (8, 8);;
INSERT INTO teaches (instructor_ID, section_ID) VALUES (9, 9);;
INSERT INTO teaches (instructor_ID, section_ID) VALUES (10, 10);;
INSERT INTO takes (student_ID, section_ID, grades) VALUES (1, 1, "C-");;
INSERT INTO takes (student_ID, section_ID, grades) VALUES (2, 2, "D+");;
INSERT INTO takes (student_ID, section_ID, grades) VALUES (3, 3, "A+");;
INSERT INTO takes (student_ID, section_ID, grades) VALUES (4, 4, "B");;
INSERT INTO takes (student_ID, section_ID, grades) VALUES (5, 5, "A+");;
INSERT INTO takes (student_ID, section_ID, grades) VALUES (6, 6, "B");;
INSERT INTO takes (student_ID, section_ID, grades) VALUES (7, 7, "B");;
INSERT INTO takes (student_ID, section_ID, grades) VALUES (8, 8, "F");;
INSERT INTO takes (student_ID, section_ID, grades) VALUES (9, 9, "D-");;
INSERT INTO takes (student_ID, section_ID, grades) VALUES (10, 10, "A+");;
INSERT INTO advises (student_ID, advisor_ID) VALUES (1, 1);;
INSERT INTO advises (student_ID, advisor_ID) VALUES (2, 2);;
INSERT INTO advises (student_ID, advisor_ID) VALUES (3, 3);;
INSERT INTO advises (student_ID, advisor_ID) VALUES (4, 4);;
INSERT INTO advises (student_ID, advisor_ID) VALUES (5, 5);;
INSERT INTO advises (student_ID, advisor_ID) VALUES (6, 6);;
INSERT INTO advises (student_ID, advisor_ID) VALUES (7, 7);;
INSERT INTO advises (student_ID, advisor_ID) VALUES (8, 8);;
INSERT INTO advises (student_ID, advisor_ID) VALUES (9, 9);;
INSERT INTO advises (student_ID, advisor_ID) VALUES (10, 10);;
INSERT INTO prereq (base_course_ID, requires_course_ID) VALUES (1, 1);;
INSERT INTO prereq (base_course_ID, requires_course_ID) VALUES (2, 2);;
INSERT INTO prereq (base_course_ID, requires_course_ID) VALUES (3, 3);;
INSERT INTO prereq (base_course_ID, requires_course_ID) VALUES (4, 4);;
INSERT INTO prereq (base_course_ID, requires_course_ID) VALUES (5, 5);;
INSERT INTO prereq (base_course_ID, requires_course_ID) VALUES (6, 6);;
INSERT INTO prereq (base_course_ID, requires_course_ID) VALUES (7, 7);;
INSERT INTO prereq (base_course_ID, requires_course_ID) VALUES (8, 8);;
INSERT INTO prereq (base_course_ID, requires_course_ID) VALUES (9, 9);;
INSERT INTO prereq (base_course_ID, requires_course_ID) VALUES (10, 10);;
