INSERT INTO building (building_name) VALUES ("MSB");;
INSERT INTO building (building_name) VALUES ("MSB");;
INSERT INTO building (building_name) VALUES ("White");;
INSERT INTO building (building_name) VALUES ("White");;
INSERT INTO building (building_name) VALUES ("Smith");;
INSERT INTO building (building_name) VALUES ("Smith");;
INSERT INTO building (building_name) VALUES ("White");;
INSERT INTO building (building_name) VALUES ("DI");;
INSERT INTO building (building_name) VALUES ("DI");;
INSERT INTO building (building_name) VALUES ("Smith");;
INSERT INTO classroom (building_ID, room_number, capacity) VALUES (1, 268, 7342);;
INSERT INTO classroom (building_ID, room_number, capacity) VALUES (2, 695, 5518);;
INSERT INTO classroom (building_ID, room_number, capacity) VALUES (3, 35, 424);;
INSERT INTO classroom (building_ID, room_number, capacity) VALUES (4, 97, 7094);;
INSERT INTO classroom (building_ID, room_number, capacity) VALUES (5, 578, 8738);;
INSERT INTO classroom (building_ID, room_number, capacity) VALUES (6, 165, 3685);;
INSERT INTO classroom (building_ID, room_number, capacity) VALUES (7, 565, 3585);;
INSERT INTO classroom (building_ID, room_number, capacity) VALUES (8, 418, 8045);;
INSERT INTO classroom (building_ID, room_number, capacity) VALUES (9, 835, 5167);;
INSERT INTO classroom (building_ID, room_number, capacity) VALUES (10, 409, 9349);;
INSERT INTO department (department_name, building_ID, budget) VALUES ("CS", 1, 9920337753.99);;
INSERT INTO department (department_name, building_ID, budget) VALUES ("BIO", 2, 7520904637.75);;
INSERT INTO department (department_name, building_ID, budget) VALUES ("MATH", 3, 8309743754.83);;
INSERT INTO department (department_name, building_ID, budget) VALUES ("CHEM", 4, 6759587300.67);;
INSERT INTO department (department_name, building_ID, budget) VALUES ("NURS", 5, 5392188283.53);;
INSERT INTO department (department_name, building_ID, budget) VALUES ("PHYS", 6, 9965100651.99);;
INSERT INTO department (department_name, building_ID, budget) VALUES ("ENGL", 7, 9477346193.94);;
INSERT INTO department (department_name, building_ID, budget) VALUES ("FRNC", 8, 6614768284.66);;
INSERT INTO department (department_name, building_ID, budget) VALUES ("JAPN", 9, 9415939007.94);;
INSERT INTO department (department_name, building_ID, budget) VALUES ("BOTN", 10, 2667615420.26);;
INSERT INTO time_slot (day, start_hr, start_min, end_hr, end_min) VALUES ("T", 6, 36, 13, 56);;
INSERT INTO time_slot (day, start_hr, start_min, end_hr, end_min) VALUES ("T", 13, 39, 12, 49);;
INSERT INTO time_slot (day, start_hr, start_min, end_hr, end_min) VALUES ("W", 10, 12, 7, 57);;
INSERT INTO time_slot (day, start_hr, start_min, end_hr, end_min) VALUES ("M", 6, 1, 15, 23);;
INSERT INTO time_slot (day, start_hr, start_min, end_hr, end_min) VALUES ("W", 4, 35, 9, 18);;
INSERT INTO time_slot (day, start_hr, start_min, end_hr, end_min) VALUES ("M", 22, 24, 4, 34);;
INSERT INTO time_slot (day, start_hr, start_min, end_hr, end_min) VALUES ("M", 15, 29, 6, 26);;
INSERT INTO time_slot (day, start_hr, start_min, end_hr, end_min) VALUES ("W", 0, 59, 21, 5);;
INSERT INTO time_slot (day, start_hr, start_min, end_hr, end_min) VALUES ("W", 18, 28, 1, 31);;
INSERT INTO time_slot (day, start_hr, start_min, end_hr, end_min) VALUES ("H", 18, 43, 5, 56);;
INSERT INTO account (username, password, role) VALUES ("Link", "Linkus", "Administrator");;
INSERT INTO account (username, password, role) VALUES ("Caleb999", "RealDoctor3626", "Instructor");;
INSERT INTO account (username, password, role) VALUES ("Ganondworf", "CalebCalebCaleb", "Administrator");;
INSERT INTO account (username, password, role) VALUES ("coolGuy77", "TrulyCool2003", "Instructor");;
INSERT INTO account (username, password, role) VALUES ("dropKick2000", "GannonGannon88", "Instructor");;
INSERT INTO account (username, password, role) VALUES ("aroddy", "Drop73Drop12!", "Student");;
INSERT INTO account (username, password, role) VALUES ("Drew2000", "123892138", "Student");;
INSERT INTO account (username, password, role) VALUES ("SuperCool", "DrewPass99", "Instructor");;
INSERT INTO account (username, password, role) VALUES ("DrMario", "FavoriteColor", "Instructor");;
INSERT INTO account (username, password, role) VALUES ("OrangeMan", "Coolest!", "Administrator");;
INSERT INTO advisor (first_name, last_name, department_ID) VALUES ("Leah", "Johnson", 1);;
INSERT INTO advisor (first_name, last_name, department_ID) VALUES ("Joseph", "Smith", 2);;
INSERT INTO advisor (first_name, last_name, department_ID) VALUES ("Thomas", "Morneweck", 3);;
INSERT INTO advisor (first_name, last_name, department_ID) VALUES ("Thomas", "Smith", 4);;
INSERT INTO advisor (first_name, last_name, department_ID) VALUES ("TJ", "Raklovits", 5);;
INSERT INTO advisor (first_name, last_name, department_ID) VALUES ("Tommy", "Smith", 6);;
INSERT INTO advisor (first_name, last_name, department_ID) VALUES ("Thomas", "Raklovits", 7);;
INSERT INTO advisor (first_name, last_name, department_ID) VALUES ("Joseph", "Redy", 8);;
INSERT INTO advisor (first_name, last_name, department_ID) VALUES ("Craig", "Raklovits", 9);;
INSERT INTO advisor (first_name, last_name, department_ID) VALUES ("Leah", "Raklovits", 10);;
INSERT INTO course (title, department_ID, credits) VALUES ("Elementary Japanese 1", 1, 76);;
INSERT INTO course (title, department_ID, credits) VALUES ("CS4", 2, 28);;
INSERT INTO course (title, department_ID, credits) VALUES ("Intro to Databases", 3, 26);;
INSERT INTO course (title, department_ID, credits) VALUES ("Elementary Japanese 1", 4, 84);;
INSERT INTO course (title, department_ID, credits) VALUES ("CS4", 5, 43);;
INSERT INTO course (title, department_ID, credits) VALUES ("Discrete Structures", 6, 39);;
INSERT INTO course (title, department_ID, credits) VALUES ("CS1", 7, 22);;
INSERT INTO course (title, department_ID, credits) VALUES ("Elementary Japanese 1", 8, 27);;
INSERT INTO course (title, department_ID, credits) VALUES ("CS4", 9, 74);;
INSERT INTO course (title, department_ID, credits) VALUES ("Intro to Databases", 10, 61);;
INSERT INTO instructor (first_name, last_name, department_ID, salary) VALUES ("Javed", "Nesterenko", 1, 848642.84);;
INSERT INTO instructor (first_name, last_name, department_ID, salary) VALUES ("Javed", "Nesterenko", 2, 263584.26);;
INSERT INTO instructor (first_name, last_name, department_ID, salary) VALUES ("Mikhail", "Phares", 3, 666673.66);;
INSERT INTO instructor (first_name, last_name, department_ID, salary) VALUES ("Javed", "Kahn", 4, 664700.66);;
INSERT INTO instructor (first_name, last_name, department_ID, salary) VALUES ("Mikhail", "Phares", 5, 247021.24);;
INSERT INTO instructor (first_name, last_name, department_ID, salary) VALUES ("Javed", "Nesterenko", 6, 844186.84);;
INSERT INTO instructor (first_name, last_name, department_ID, salary) VALUES ("Giovanni", "Nesterenko", 7, 758068.75);;
INSERT INTO instructor (first_name, last_name, department_ID, salary) VALUES ("Javed", "Nesterenko", 8, 270683.27);;
INSERT INTO instructor (first_name, last_name, department_ID, salary) VALUES ("Javed", "Kahn", 9, 668129.66);;
INSERT INTO instructor (first_name, last_name, department_ID, salary) VALUES ("Mikhail", "Phares", 10, 259993.25);;
INSERT INTO section (course_ID, semester, year, building_ID, time_slot_ID) VALUES (1, "Winter", 1890, 1, 1);;
INSERT INTO section (course_ID, semester, year, building_ID, time_slot_ID) VALUES (2, "Spring", 2012, 2, 2);;
INSERT INTO section (course_ID, semester, year, building_ID, time_slot_ID) VALUES (3, "Spring", 2052, 3, 3);;
INSERT INTO section (course_ID, semester, year, building_ID, time_slot_ID) VALUES (4, "Summer", 1863, 4, 4);;
INSERT INTO section (course_ID, semester, year, building_ID, time_slot_ID) VALUES (5, "Spring", 1840, 5, 5);;
INSERT INTO section (course_ID, semester, year, building_ID, time_slot_ID) VALUES (6, "Fall", 2031, 6, 6);;
INSERT INTO section (course_ID, semester, year, building_ID, time_slot_ID) VALUES (7, "Summer", 1964, 7, 7);;
INSERT INTO section (course_ID, semester, year, building_ID, time_slot_ID) VALUES (8, "Winter", 2017, 8, 8);;
INSERT INTO section (course_ID, semester, year, building_ID, time_slot_ID) VALUES (9, "Fall", 1985, 9, 9);;
INSERT INTO section (course_ID, semester, year, building_ID, time_slot_ID) VALUES (10, "Spring", 1749, 10, 10);;
INSERT INTO student (first_name, last_name, department_ID, total_cred, advisor_ID) VALUES ("Caleb", "Stanberry", 1, 94, 1);;
INSERT INTO student (first_name, last_name, department_ID, total_cred, advisor_ID) VALUES ("Caleb", "Stanberry", 2, 6, 2);;
INSERT INTO student (first_name, last_name, department_ID, total_cred, advisor_ID) VALUES ("Logan", "Senol", 3, 237, 3);;
INSERT INTO student (first_name, last_name, department_ID, total_cred, advisor_ID) VALUES ("Logan", "Senol", 4, 100, 4);;
INSERT INTO student (first_name, last_name, department_ID, total_cred, advisor_ID) VALUES ("Andrew", "Senol", 5, 138, 5);;
INSERT INTO student (first_name, last_name, department_ID, total_cred, advisor_ID) VALUES ("Logan", "Stanberry", 6, 116, 6);;
INSERT INTO student (first_name, last_name, department_ID, total_cred, advisor_ID) VALUES ("Andrew", "Roddy", 7, 32, 7);;
INSERT INTO student (first_name, last_name, department_ID, total_cred, advisor_ID) VALUES ("Logan", "Stanberry", 8, 169, 8);;
INSERT INTO student (first_name, last_name, department_ID, total_cred, advisor_ID) VALUES ("Logan", "Stanberry", 9, 13, 9);;
INSERT INTO student (first_name, last_name, department_ID, total_cred, advisor_ID) VALUES ("Andrew", "Senol", 10, 237, 10);;
INSERT INTO teaches (instructor_ID, section_ID) VALUES (1, 1);;
INSERT INTO teaches (instructor_ID, section_ID) VALUES (2, 2);;
INSERT INTO teaches (instructor_ID, section_ID) VALUES (3, 3);;
INSERT INTO teaches (instructor_ID, section_ID) VALUES (4, 4);;
INSERT INTO teaches (instructor_ID, section_ID) VALUES (5, 5);;
INSERT INTO teaches (instructor_ID, section_ID) VALUES (6, 6);;
INSERT INTO teaches (instructor_ID, section_ID) VALUES (7, 7);;
INSERT INTO teaches (instructor_ID, section_ID) VALUES (8, 8);;
INSERT INTO teaches (instructor_ID, section_ID) VALUES (9, 9);;
INSERT INTO teaches (instructor_ID, section_ID) VALUES (10, 10);;
INSERT INTO takes (student_ID, section_ID, grades) VALUES (1, 1, "B");;
INSERT INTO takes (student_ID, section_ID, grades) VALUES (2, 2, "D+");;
INSERT INTO takes (student_ID, section_ID, grades) VALUES (3, 3, "D");;
INSERT INTO takes (student_ID, section_ID, grades) VALUES (4, 4, "C-");;
INSERT INTO takes (student_ID, section_ID, grades) VALUES (5, 5, "D+");;
INSERT INTO takes (student_ID, section_ID, grades) VALUES (6, 6, "A-");;
INSERT INTO takes (student_ID, section_ID, grades) VALUES (7, 7, "D");;
INSERT INTO takes (student_ID, section_ID, grades) VALUES (8, 8, "A-");;
INSERT INTO takes (student_ID, section_ID, grades) VALUES (9, 9, "D-");;
INSERT INTO takes (student_ID, section_ID, grades) VALUES (10, 10, "B");;
INSERT INTO advises (student_ID, advisor_ID) VALUES (1, 1);;
INSERT INTO advises (student_ID, advisor_ID) VALUES (2, 2);;
INSERT INTO advises (student_ID, advisor_ID) VALUES (3, 3);;
INSERT INTO advises (student_ID, advisor_ID) VALUES (4, 4);;
INSERT INTO advises (student_ID, advisor_ID) VALUES (5, 5);;
INSERT INTO advises (student_ID, advisor_ID) VALUES (6, 6);;
INSERT INTO advises (student_ID, advisor_ID) VALUES (7, 7);;
INSERT INTO advises (student_ID, advisor_ID) VALUES (8, 8);;
INSERT INTO advises (student_ID, advisor_ID) VALUES (9, 9);;
INSERT INTO advises (student_ID, advisor_ID) VALUES (10, 10);;
INSERT INTO prereq (base_course_ID, requires_course_ID) VALUES (1, 1);;
INSERT INTO prereq (base_course_ID, requires_course_ID) VALUES (2, 2);;
INSERT INTO prereq (base_course_ID, requires_course_ID) VALUES (3, 3);;
INSERT INTO prereq (base_course_ID, requires_course_ID) VALUES (4, 4);;
INSERT INTO prereq (base_course_ID, requires_course_ID) VALUES (5, 5);;
INSERT INTO prereq (base_course_ID, requires_course_ID) VALUES (6, 6);;
INSERT INTO prereq (base_course_ID, requires_course_ID) VALUES (7, 7);;
INSERT INTO prereq (base_course_ID, requires_course_ID) VALUES (8, 8);;
INSERT INTO prereq (base_course_ID, requires_course_ID) VALUES (9, 9);;
INSERT INTO prereq (base_course_ID, requires_course_ID) VALUES (10, 10);;
