INSERT INTO building (building_name) VALUES ("MSB");;
INSERT INTO building (building_name) VALUES ("DI");;
INSERT INTO building (building_name) VALUES ("White");;
INSERT INTO building (building_name) VALUES ("White");;
INSERT INTO building (building_name) VALUES ("Smith");;
INSERT INTO building (building_name) VALUES ("DI");;
INSERT INTO building (building_name) VALUES ("MSB");;
INSERT INTO building (building_name) VALUES ("Smith");;
INSERT INTO building (building_name) VALUES ("White");;
INSERT INTO building (building_name) VALUES ("MSB");;
INSERT INTO classroom (building_ID, room_number, capacity) VALUES (1, 528, 9931);;
INSERT INTO classroom (building_ID, room_number, capacity) VALUES (2, 170, 9279);;
INSERT INTO classroom (building_ID, room_number, capacity) VALUES (3, 703, 1265);;
INSERT INTO classroom (building_ID, room_number, capacity) VALUES (4, 251, 2963);;
INSERT INTO classroom (building_ID, room_number, capacity) VALUES (5, 903, 8623);;
INSERT INTO classroom (building_ID, room_number, capacity) VALUES (6, 771, 3340);;
INSERT INTO classroom (building_ID, room_number, capacity) VALUES (7, 921, 3018);;
INSERT INTO classroom (building_ID, room_number, capacity) VALUES (8, 311, 4202);;
INSERT INTO classroom (building_ID, room_number, capacity) VALUES (9, 350, 6977);;
INSERT INTO classroom (building_ID, room_number, capacity) VALUES (10, 412, 242);;
INSERT INTO department (department_name, building_ID, budget) VALUES ("CS", 1, 9172135828.91);;
INSERT INTO department (department_name, building_ID, budget) VALUES ("BIO", 2, 6336189689.63);;
INSERT INTO department (department_name, building_ID, budget) VALUES ("MATH", 3, 9791529054.97);;
INSERT INTO department (department_name, building_ID, budget) VALUES ("CHEM", 4, 2537233654.25);;
INSERT INTO department (department_name, building_ID, budget) VALUES ("NURS", 5, 2666360278.26);;
INSERT INTO department (department_name, building_ID, budget) VALUES ("PHYS", 6, 3838559066.38);;
INSERT INTO department (department_name, building_ID, budget) VALUES ("ENGL", 7, 3211885644.32);;
INSERT INTO department (department_name, building_ID, budget) VALUES ("FRNC", 8, 9184261814.91);;
INSERT INTO department (department_name, building_ID, budget) VALUES ("JAPN", 9, 4615794638.46);;
INSERT INTO department (department_name, building_ID, budget) VALUES ("BOTN", 10, 1804410702.18);;
INSERT INTO time_slot (day, start_hr, start_min, end_hr, end_min) VALUES ("W", 11, 47, 15, 10);;
INSERT INTO time_slot (day, start_hr, start_min, end_hr, end_min) VALUES ("W", 4, 50, 6, 19);;
INSERT INTO time_slot (day, start_hr, start_min, end_hr, end_min) VALUES ("H", 10, 20, 12, 41);;
INSERT INTO time_slot (day, start_hr, start_min, end_hr, end_min) VALUES ("F", 6, 12, 4, 37);;
INSERT INTO time_slot (day, start_hr, start_min, end_hr, end_min) VALUES ("T", 15, 26, 3, 36);;
INSERT INTO time_slot (day, start_hr, start_min, end_hr, end_min) VALUES ("T", 22, 54, 0, 16);;
INSERT INTO time_slot (day, start_hr, start_min, end_hr, end_min) VALUES ("H", 0, 56, 19, 12);;
INSERT INTO time_slot (day, start_hr, start_min, end_hr, end_min) VALUES ("F", 14, 24, 5, 35);;
INSERT INTO time_slot (day, start_hr, start_min, end_hr, end_min) VALUES ("W", 1, 35, 21, 32);;
INSERT INTO time_slot (day, start_hr, start_min, end_hr, end_min) VALUES ("W", 15, 24, 11, 41);;
INSERT INTO account (username, password, role) VALUES ("Caleb999", "RealDoctor3626", "Student");;
INSERT INTO account (username, password, role) VALUES ("SuperCool", "Coolest!", "Administrator");;
INSERT INTO account (username, password, role) VALUES ("Drew2000", "FavoriteColor", "Administrator");;
INSERT INTO account (username, password, role) VALUES ("aroddy", "CalebCalebCaleb", "Administrator");;
INSERT INTO account (username, password, role) VALUES ("OrangeMan", "TrulyCool2003", "Student");;
INSERT INTO account (username, password, role) VALUES ("dropKick2000", "DrewPass99", "Administrator");;
INSERT INTO account (username, password, role) VALUES ("Ganondworf", "Linkus", "Administrator");;
INSERT INTO account (username, password, role) VALUES ("DrMario", "GannonGannon88", "Instructor");;
INSERT INTO account (username, password, role) VALUES ("coolGuy77", "Drop73Drop12!", "Student");;
INSERT INTO account (username, password, role) VALUES ("Link", "123892138", "Student");;
INSERT INTO advisor (first_name, last_name, department_ID) VALUES ("Tommy", "Redy", 1);;
INSERT INTO advisor (first_name, last_name, department_ID) VALUES ("TJ", "So", 2);;
INSERT INTO advisor (first_name, last_name, department_ID) VALUES ("Craig", "Morneweck", 3);;
INSERT INTO advisor (first_name, last_name, department_ID) VALUES ("TJ", "Smith", 4);;
INSERT INTO advisor (first_name, last_name, department_ID) VALUES ("Craig", "Redy", 5);;
INSERT INTO advisor (first_name, last_name, department_ID) VALUES ("Tommy", "Redy", 6);;
INSERT INTO advisor (first_name, last_name, department_ID) VALUES ("Craig", "Redy", 7);;
INSERT INTO advisor (first_name, last_name, department_ID) VALUES ("Thomas", "Raklovits", 8);;
INSERT INTO advisor (first_name, last_name, department_ID) VALUES ("Craig", "Morneweck", 9);;
INSERT INTO advisor (first_name, last_name, department_ID) VALUES ("Joseph", "Morneweck", 10);;
INSERT INTO course (title, department_ID, credits) VALUES ("CS1", 1, 47);;
INSERT INTO course (title, department_ID, credits) VALUES ("CS1", 2, 27);;
INSERT INTO course (title, department_ID, credits) VALUES ("CS1", 3, 64);;
INSERT INTO course (title, department_ID, credits) VALUES ("Elementary Japanese 1", 4, 12);;
INSERT INTO course (title, department_ID, credits) VALUES ("Elementary Japanese 1", 5, 90);;
INSERT INTO course (title, department_ID, credits) VALUES ("CS4", 6, 79);;
INSERT INTO course (title, department_ID, credits) VALUES ("Intro to Databases", 7, 51);;
INSERT INTO course (title, department_ID, credits) VALUES ("CS1", 8, 86);;
INSERT INTO course (title, department_ID, credits) VALUES ("CS4", 9, 5);;
INSERT INTO course (title, department_ID, credits) VALUES ("Elementary Japanese 1", 10, 70);;
INSERT INTO instructor (first_name, last_name, department_ID, salary) VALUES ("Giovanni", "Nesterenko", 1, 686822.68);;
INSERT INTO instructor (first_name, last_name, department_ID, salary) VALUES ("Giovanni", "Kahn", 2, 471440.47);;
INSERT INTO instructor (first_name, last_name, department_ID, salary) VALUES ("Giovanni", "Kahn", 3, 498180.49);;
INSERT INTO instructor (first_name, last_name, department_ID, salary) VALUES ("Giovanni", "Nesterenko", 4, 233615.23);;
INSERT INTO instructor (first_name, last_name, department_ID, salary) VALUES ("Javed", "Nesterenko", 5, 453385.45);;
INSERT INTO instructor (first_name, last_name, department_ID, salary) VALUES ("Javed", "Nesterenko", 6, 956155.95);;
INSERT INTO instructor (first_name, last_name, department_ID, salary) VALUES ("Giovanni", "Nesterenko", 7, 129717.12);;
INSERT INTO instructor (first_name, last_name, department_ID, salary) VALUES ("Mikhail", "Kahn", 8, 351318.35);;
INSERT INTO instructor (first_name, last_name, department_ID, salary) VALUES ("Giovanni", "Nesterenko", 9, 506095.50);;
INSERT INTO instructor (first_name, last_name, department_ID, salary) VALUES ("Giovanni", "Kahn", 10, 716209.71);;
INSERT INTO section (course_ID, semester, year, building_ID, time_slot_ID) VALUES (1, "Summer", 1884, 1, 1);;
INSERT INTO section (course_ID, semester, year, building_ID, time_slot_ID) VALUES (2, "Spring", 1946, 2, 2);;
INSERT INTO section (course_ID, semester, year, building_ID, time_slot_ID) VALUES (3, "Fall", 1991, 3, 3);;
INSERT INTO section (course_ID, semester, year, building_ID, time_slot_ID) VALUES (4, "Fall", 1963, 4, 4);;
INSERT INTO section (course_ID, semester, year, building_ID, time_slot_ID) VALUES (5, "Winter", 2021, 5, 5);;
INSERT INTO section (course_ID, semester, year, building_ID, time_slot_ID) VALUES (6, "Spring", 2070, 6, 6);;
INSERT INTO section (course_ID, semester, year, building_ID, time_slot_ID) VALUES (7, "Summer", 1895, 7, 7);;
INSERT INTO section (course_ID, semester, year, building_ID, time_slot_ID) VALUES (8, "Winter", 1997, 8, 8);;
INSERT INTO section (course_ID, semester, year, building_ID, time_slot_ID) VALUES (9, "Winter", 1933, 9, 9);;
INSERT INTO section (course_ID, semester, year, building_ID, time_slot_ID) VALUES (10, "Fall", 1871, 10, 10);;
INSERT INTO student (first_name, last_name, department_ID, total_cred, advisor_ID) VALUES ("Caleb", "Roddy", 1, 0, 1);;
INSERT INTO student (first_name, last_name, department_ID, total_cred, advisor_ID) VALUES ("Logan", "Roddy", 2, 38, 2);;
INSERT INTO student (first_name, last_name, department_ID, total_cred, advisor_ID) VALUES ("Andrew", "Stanberry", 3, 6, 3);;
INSERT INTO student (first_name, last_name, department_ID, total_cred, advisor_ID) VALUES ("Andrew", "Roddy", 4, 14, 4);;
INSERT INTO student (first_name, last_name, department_ID, total_cred, advisor_ID) VALUES ("Logan", "Senol", 5, 147, 5);;
INSERT INTO student (first_name, last_name, department_ID, total_cred, advisor_ID) VALUES ("Logan", "Roddy", 6, 188, 6);;
INSERT INTO student (first_name, last_name, department_ID, total_cred, advisor_ID) VALUES ("Logan", "Senol", 7, 25, 7);;
INSERT INTO student (first_name, last_name, department_ID, total_cred, advisor_ID) VALUES ("Andrew", "Stanberry", 8, 72, 8);;
INSERT INTO student (first_name, last_name, department_ID, total_cred, advisor_ID) VALUES ("Andrew", "Roddy", 9, 68, 9);;
INSERT INTO student (first_name, last_name, department_ID, total_cred, advisor_ID) VALUES ("Caleb", "Roddy", 10, 240, 10);;
INSERT INTO teaches (instructor_ID, section_ID) VALUES (1, 1);;
INSERT INTO teaches (instructor_ID, section_ID) VALUES (2, 2);;
INSERT INTO teaches (instructor_ID, section_ID) VALUES (3, 3);;
INSERT INTO teaches (instructor_ID, section_ID) VALUES (4, 4);;
INSERT INTO teaches (instructor_ID, section_ID) VALUES (5, 5);;
INSERT INTO teaches (instructor_ID, section_ID) VALUES (6, 6);;
INSERT INTO teaches (instructor_ID, section_ID) VALUES (7, 7);;
INSERT INTO teaches (instructor_ID, section_ID) VALUES (8, 8);;
INSERT INTO teaches (instructor_ID, section_ID) VALUES (9, 9);;
INSERT INTO teaches (instructor_ID, section_ID) VALUES (10, 10);;
INSERT INTO takes (student_ID, section_ID, grades) VALUES (1, 1, "D-");;
INSERT INTO takes (student_ID, section_ID, grades) VALUES (2, 2, "C+");;
INSERT INTO takes (student_ID, section_ID, grades) VALUES (3, 3, "C");;
INSERT INTO takes (student_ID, section_ID, grades) VALUES (4, 4, "A+");;
INSERT INTO takes (student_ID, section_ID, grades) VALUES (5, 5, "C-");;
INSERT INTO takes (student_ID, section_ID, grades) VALUES (6, 6, "D-");;
INSERT INTO takes (student_ID, section_ID, grades) VALUES (7, 7, "C-");;
INSERT INTO takes (student_ID, section_ID, grades) VALUES (8, 8, "D+");;
INSERT INTO takes (student_ID, section_ID, grades) VALUES (9, 9, "C");;
INSERT INTO takes (student_ID, section_ID, grades) VALUES (10, 10, "F");;
INSERT INTO advises (student_ID, advisor_ID) VALUES (1, 1);;
INSERT INTO advises (student_ID, advisor_ID) VALUES (2, 2);;
INSERT INTO advises (student_ID, advisor_ID) VALUES (3, 3);;
INSERT INTO advises (student_ID, advisor_ID) VALUES (4, 4);;
INSERT INTO advises (student_ID, advisor_ID) VALUES (5, 5);;
INSERT INTO advises (student_ID, advisor_ID) VALUES (6, 6);;
INSERT INTO advises (student_ID, advisor_ID) VALUES (7, 7);;
INSERT INTO advises (student_ID, advisor_ID) VALUES (8, 8);;
INSERT INTO advises (student_ID, advisor_ID) VALUES (9, 9);;
INSERT INTO advises (student_ID, advisor_ID) VALUES (10, 10);;
INSERT INTO prereq (base_course_ID, requires_course_ID) VALUES (1, 1);;
INSERT INTO prereq (base_course_ID, requires_course_ID) VALUES (2, 2);;
INSERT INTO prereq (base_course_ID, requires_course_ID) VALUES (3, 3);;
INSERT INTO prereq (base_course_ID, requires_course_ID) VALUES (4, 4);;
INSERT INTO prereq (base_course_ID, requires_course_ID) VALUES (5, 5);;
INSERT INTO prereq (base_course_ID, requires_course_ID) VALUES (6, 6);;
INSERT INTO prereq (base_course_ID, requires_course_ID) VALUES (7, 7);;
INSERT INTO prereq (base_course_ID, requires_course_ID) VALUES (8, 8);;
INSERT INTO prereq (base_course_ID, requires_course_ID) VALUES (9, 9);;
INSERT INTO prereq (base_course_ID, requires_course_ID) VALUES (10, 10);;
