INSERT INTO building (building_name) VALUES ("DI");;
INSERT INTO building (building_name) VALUES ("Smith");;
INSERT INTO building (building_name) VALUES ("DI");;
INSERT INTO building (building_name) VALUES ("White");;
INSERT INTO building (building_name) VALUES ("Smith");;
INSERT INTO building (building_name) VALUES ("White");;
INSERT INTO building (building_name) VALUES ("MSB");;
INSERT INTO building (building_name) VALUES ("DI");;
INSERT INTO building (building_name) VALUES ("Smith");;
INSERT INTO building (building_name) VALUES ("Smith");;
INSERT INTO classroom (building_ID, room_number, capacity) VALUES (1, 961, 6485);;
INSERT INTO classroom (building_ID, room_number, capacity) VALUES (2, 325, 9466);;
INSERT INTO classroom (building_ID, room_number, capacity) VALUES (3, 110, 9093);;
INSERT INTO classroom (building_ID, room_number, capacity) VALUES (4, 391, 7413);;
INSERT INTO classroom (building_ID, room_number, capacity) VALUES (5, 786, 167);;
INSERT INTO classroom (building_ID, room_number, capacity) VALUES (6, 588, 9522);;
INSERT INTO classroom (building_ID, room_number, capacity) VALUES (7, 287, 3195);;
INSERT INTO classroom (building_ID, room_number, capacity) VALUES (8, 911, 1832);;
INSERT INTO classroom (building_ID, room_number, capacity) VALUES (9, 60, 9366);;
INSERT INTO classroom (building_ID, room_number, capacity) VALUES (10, 309, 5326);;
INSERT INTO department (department_name, building_ID, budget) VALUES ("CS", 1, 3073878523.30);;
INSERT INTO department (department_name, building_ID, budget) VALUES ("BIO", 2, 9609095506.96);;
INSERT INTO department (department_name, building_ID, budget) VALUES ("MATH", 3, 2875979512.28);;
INSERT INTO department (department_name, building_ID, budget) VALUES ("CHEM", 4, 7911636207.79);;
INSERT INTO department (department_name, building_ID, budget) VALUES ("NURS", 5, 9373150010.93);;
INSERT INTO department (department_name, building_ID, budget) VALUES ("PHYS", 6, 9035506012.90);;
INSERT INTO department (department_name, building_ID, budget) VALUES ("ENGL", 7, 9483348478.94);;
INSERT INTO department (department_name, building_ID, budget) VALUES ("FRNC", 8, 9555228880.95);;
INSERT INTO department (department_name, building_ID, budget) VALUES ("JAPN", 9, 9675227101.96);;
INSERT INTO department (department_name, building_ID, budget) VALUES ("BOTN", 10, 3271387251.32);;
INSERT INTO time_slot (day, start_hr, start_min, end_hr, end_min) VALUES ("M", 21, 49, 10, 59);;
INSERT INTO time_slot (day, start_hr, start_min, end_hr, end_min) VALUES ("M", 7, 58, 2, 36);;
INSERT INTO time_slot (day, start_hr, start_min, end_hr, end_min) VALUES ("F", 14, 36, 16, 48);;
INSERT INTO time_slot (day, start_hr, start_min, end_hr, end_min) VALUES ("F", 12, 20, 2, 56);;
INSERT INTO time_slot (day, start_hr, start_min, end_hr, end_min) VALUES ("T", 1, 9, 10, 37);;
INSERT INTO time_slot (day, start_hr, start_min, end_hr, end_min) VALUES ("W", 1, 39, 8, 38);;
INSERT INTO time_slot (day, start_hr, start_min, end_hr, end_min) VALUES ("M", 23, 10, 12, 10);;
INSERT INTO time_slot (day, start_hr, start_min, end_hr, end_min) VALUES ("H", 13, 43, 19, 42);;
INSERT INTO time_slot (day, start_hr, start_min, end_hr, end_min) VALUES ("M", 12, 42, 17, 12);;
INSERT INTO time_slot (day, start_hr, start_min, end_hr, end_min) VALUES ("F", 22, 14, 22, 15);;
INSERT INTO account (username, password, role) VALUES ("Drew2000", "TrulyCool2003", "Student");;
INSERT INTO account (username, password, role) VALUES ("SuperCool", "FavoriteColor", "Student");;
INSERT INTO account (username, password, role) VALUES ("coolGuy77", "123892138", "Student");;
INSERT INTO account (username, password, role) VALUES ("aroddy", "CalebCalebCaleb", "Student");;
INSERT INTO account (username, password, role) VALUES ("DrMario", "RealDoctor3626", "Administrator");;
INSERT INTO account (username, password, role) VALUES ("Caleb999", "Drop73Drop12!", "Administrator");;
INSERT INTO account (username, password, role) VALUES ("Ganondworf", "CalebCalebCaleb", "Student");;
INSERT INTO account (username, password, role) VALUES ("dropKick2000", "Linkus", "Instructor");;
INSERT INTO account (username, password, role) VALUES ("dropKick2000", "RealDoctor3626", "Instructor");;
INSERT INTO account (username, password, role) VALUES ("Link", "123892138", "Administrator");;
INSERT INTO advisor (first_name, last_name, department_ID) VALUES ("Craig", "Morneweck", 1);;
INSERT INTO advisor (first_name, last_name, department_ID) VALUES ("TJ", "Smith", 2);;
INSERT INTO advisor (first_name, last_name, department_ID) VALUES ("Craig", "Redy", 3);;
INSERT INTO advisor (first_name, last_name, department_ID) VALUES ("Leah", "Morneweck", 4);;
INSERT INTO advisor (first_name, last_name, department_ID) VALUES ("Thomas", "Johnson", 5);;
INSERT INTO advisor (first_name, last_name, department_ID) VALUES ("TJ", "Morneweck", 6);;
INSERT INTO advisor (first_name, last_name, department_ID) VALUES ("TJ", "Smith", 7);;
INSERT INTO advisor (first_name, last_name, department_ID) VALUES ("Leah", "Smith", 8);;
INSERT INTO advisor (first_name, last_name, department_ID) VALUES ("Joseph", "Smith", 9);;
INSERT INTO advisor (first_name, last_name, department_ID) VALUES ("Thomas", "Johnson", 10);;
INSERT INTO course (title, department_ID, credits) VALUES ("CS4", 1, 82);;
INSERT INTO course (title, department_ID, credits) VALUES ("Discrete Structures", 2, 21);;
INSERT INTO course (title, department_ID, credits) VALUES ("CS4", 3, 66);;
INSERT INTO course (title, department_ID, credits) VALUES ("CS2", 4, 3);;
INSERT INTO course (title, department_ID, credits) VALUES ("CS1", 5, 69);;
INSERT INTO course (title, department_ID, credits) VALUES ("CS2", 6, 68);;
INSERT INTO course (title, department_ID, credits) VALUES ("CS3", 7, 60);;
INSERT INTO course (title, department_ID, credits) VALUES ("CS4", 8, 17);;
INSERT INTO course (title, department_ID, credits) VALUES ("Elementary Japanese 1", 9, 9);;
INSERT INTO course (title, department_ID, credits) VALUES ("CS4", 10, 32);;
INSERT INTO instructor (first_name, last_name, department_ID, salary) VALUES ("Mikhail", "Nesterenko", 1, 899844.89);;
INSERT INTO instructor (first_name, last_name, department_ID, salary) VALUES ("Javed", "Kahn", 2, 687964.68);;
INSERT INTO instructor (first_name, last_name, department_ID, salary) VALUES ("Mikhail", "Nesterenko", 3, 182661.18);;
INSERT INTO instructor (first_name, last_name, department_ID, salary) VALUES ("Mikhail", "Phares", 4, 970941.97);;
INSERT INTO instructor (first_name, last_name, department_ID, salary) VALUES ("Giovanni", "Kahn", 5, 934224.93);;
INSERT INTO instructor (first_name, last_name, department_ID, salary) VALUES ("Javed", "Phares", 6, 728414.72);;
INSERT INTO instructor (first_name, last_name, department_ID, salary) VALUES ("Mikhail", "Phares", 7, 808578.80);;
INSERT INTO instructor (first_name, last_name, department_ID, salary) VALUES ("Giovanni", "Nesterenko", 8, 775279.77);;
INSERT INTO instructor (first_name, last_name, department_ID, salary) VALUES ("Javed", "Kahn", 9, 462124.46);;
INSERT INTO instructor (first_name, last_name, department_ID, salary) VALUES ("Giovanni", "Kahn", 10, 818022.81);;
INSERT INTO section (course_ID, semester, year, building_ID, time_slot_ID) VALUES (1, "Spring", 2030, 1, 1);;
INSERT INTO section (course_ID, semester, year, building_ID, time_slot_ID) VALUES (2, "Spring", 1888, 2, 2);;
INSERT INTO section (course_ID, semester, year, building_ID, time_slot_ID) VALUES (3, "Winter", 1967, 3, 3);;
INSERT INTO section (course_ID, semester, year, building_ID, time_slot_ID) VALUES (4, "Winter", 1965, 4, 4);;
INSERT INTO section (course_ID, semester, year, building_ID, time_slot_ID) VALUES (5, "Spring", 1954, 5, 5);;
INSERT INTO section (course_ID, semester, year, building_ID, time_slot_ID) VALUES (6, "Summer", 2095, 6, 6);;
INSERT INTO section (course_ID, semester, year, building_ID, time_slot_ID) VALUES (7, "Winter", 1782, 7, 7);;
INSERT INTO section (course_ID, semester, year, building_ID, time_slot_ID) VALUES (8, "Winter", 1919, 8, 8);;
INSERT INTO section (course_ID, semester, year, building_ID, time_slot_ID) VALUES (9, "Fall", 1899, 9, 9);;
INSERT INTO section (course_ID, semester, year, building_ID, time_slot_ID) VALUES (10, "Fall", 1978, 10, 10);;
INSERT INTO student (first_name, last_name, department_ID, total_cred, advisor_ID) VALUES ("Caleb", "Roddy", 1, 231, 1);;
INSERT INTO student (first_name, last_name, department_ID, total_cred, advisor_ID) VALUES ("Andrew", "Senol", 2, 223, 2);;
INSERT INTO student (first_name, last_name, department_ID, total_cred, advisor_ID) VALUES ("Andrew", "Stanberry", 3, 144, 3);;
INSERT INTO student (first_name, last_name, department_ID, total_cred, advisor_ID) VALUES ("Andrew", "Stanberry", 4, 138, 4);;
INSERT INTO student (first_name, last_name, department_ID, total_cred, advisor_ID) VALUES ("Caleb", "Senol", 5, 232, 5);;
INSERT INTO student (first_name, last_name, department_ID, total_cred, advisor_ID) VALUES ("Logan", "Senol", 6, 181, 6);;
INSERT INTO student (first_name, last_name, department_ID, total_cred, advisor_ID) VALUES ("Andrew", "Senol", 7, 45, 7);;
INSERT INTO student (first_name, last_name, department_ID, total_cred, advisor_ID) VALUES ("Andrew", "Stanberry", 8, 120, 8);;
INSERT INTO student (first_name, last_name, department_ID, total_cred, advisor_ID) VALUES ("Andrew", "Senol", 9, 73, 9);;
INSERT INTO student (first_name, last_name, department_ID, total_cred, advisor_ID) VALUES ("Caleb", "Stanberry", 10, 59, 10);;
INSERT INTO teaches (instructor_ID, section_ID) VALUES (1, 1);;
INSERT INTO teaches (instructor_ID, section_ID) VALUES (2, 2);;
INSERT INTO teaches (instructor_ID, section_ID) VALUES (3, 3);;
INSERT INTO teaches (instructor_ID, section_ID) VALUES (4, 4);;
INSERT INTO teaches (instructor_ID, section_ID) VALUES (5, 5);;
INSERT INTO teaches (instructor_ID, section_ID) VALUES (6, 6);;
INSERT INTO teaches (instructor_ID, section_ID) VALUES (7, 7);;
INSERT INTO teaches (instructor_ID, section_ID) VALUES (8, 8);;
INSERT INTO teaches (instructor_ID, section_ID) VALUES (9, 9);;
INSERT INTO teaches (instructor_ID, section_ID) VALUES (10, 10);;
INSERT INTO takes (student_ID, section_ID, grades) VALUES (1, 1, "B-");;
INSERT INTO takes (student_ID, section_ID, grades) VALUES (2, 2, "A");;
INSERT INTO takes (student_ID, section_ID, grades) VALUES (3, 3, "D+");;
INSERT INTO takes (student_ID, section_ID, grades) VALUES (4, 4, "C-");;
INSERT INTO takes (student_ID, section_ID, grades) VALUES (5, 5, "F");;
INSERT INTO takes (student_ID, section_ID, grades) VALUES (6, 6, "B-");;
INSERT INTO takes (student_ID, section_ID, grades) VALUES (7, 7, "A");;
INSERT INTO takes (student_ID, section_ID, grades) VALUES (8, 8, "A");;
INSERT INTO takes (student_ID, section_ID, grades) VALUES (9, 9, "A-");;
INSERT INTO takes (student_ID, section_ID, grades) VALUES (10, 10, "D");;
INSERT INTO advises (student_ID, advisor_ID) VALUES (1, 1);;
INSERT INTO advises (student_ID, advisor_ID) VALUES (2, 2);;
INSERT INTO advises (student_ID, advisor_ID) VALUES (3, 3);;
INSERT INTO advises (student_ID, advisor_ID) VALUES (4, 4);;
INSERT INTO advises (student_ID, advisor_ID) VALUES (5, 5);;
INSERT INTO advises (student_ID, advisor_ID) VALUES (6, 6);;
INSERT INTO advises (student_ID, advisor_ID) VALUES (7, 7);;
INSERT INTO advises (student_ID, advisor_ID) VALUES (8, 8);;
INSERT INTO advises (student_ID, advisor_ID) VALUES (9, 9);;
INSERT INTO advises (student_ID, advisor_ID) VALUES (10, 10);;
INSERT INTO prereq (base_course_ID, requires_course_ID) VALUES (1, 1);;
INSERT INTO prereq (base_course_ID, requires_course_ID) VALUES (2, 2);;
INSERT INTO prereq (base_course_ID, requires_course_ID) VALUES (3, 3);;
INSERT INTO prereq (base_course_ID, requires_course_ID) VALUES (4, 4);;
INSERT INTO prereq (base_course_ID, requires_course_ID) VALUES (5, 5);;
INSERT INTO prereq (base_course_ID, requires_course_ID) VALUES (6, 6);;
INSERT INTO prereq (base_course_ID, requires_course_ID) VALUES (7, 7);;
INSERT INTO prereq (base_course_ID, requires_course_ID) VALUES (8, 8);;
INSERT INTO prereq (base_course_ID, requires_course_ID) VALUES (9, 9);;
INSERT INTO prereq (base_course_ID, requires_course_ID) VALUES (10, 10);;
