INSERT INTO building (building_name) VALUES ("Smith");;
INSERT INTO building (building_name) VALUES ("Smith");;
INSERT INTO building (building_name) VALUES ("MSB");;
INSERT INTO building (building_name) VALUES ("DI");;
INSERT INTO building (building_name) VALUES ("White");;
INSERT INTO building (building_name) VALUES ("Smith");;
INSERT INTO building (building_name) VALUES ("MSB");;
INSERT INTO building (building_name) VALUES ("DI");;
INSERT INTO building (building_name) VALUES ("White");;
INSERT INTO building (building_name) VALUES ("White");;
INSERT INTO classroom (building_ID, room_number, capacity) VALUES (1, 37, 3445);;
INSERT INTO classroom (building_ID, room_number, capacity) VALUES (2, 559, 2875);;
INSERT INTO classroom (building_ID, room_number, capacity) VALUES (3, 90, 3904);;
INSERT INTO classroom (building_ID, room_number, capacity) VALUES (4, 337, 7447);;
INSERT INTO classroom (building_ID, room_number, capacity) VALUES (5, 616, 4393);;
INSERT INTO classroom (building_ID, room_number, capacity) VALUES (6, 494, 4220);;
INSERT INTO classroom (building_ID, room_number, capacity) VALUES (7, 232, 1305);;
INSERT INTO classroom (building_ID, room_number, capacity) VALUES (8, 493, 2112);;
INSERT INTO classroom (building_ID, room_number, capacity) VALUES (9, 403, 2304);;
INSERT INTO classroom (building_ID, room_number, capacity) VALUES (10, 452, 4837);;
INSERT INTO department (department_name, building_ID, budget) VALUES ("CS", 1, 6039419200.60);;
INSERT INTO department (department_name, building_ID, budget) VALUES ("BIO", 2, 3882191739.38);;
INSERT INTO department (department_name, building_ID, budget) VALUES ("MATH", 3, 4312722910.43);;
INSERT INTO department (department_name, building_ID, budget) VALUES ("CHEM", 4, 7934172320.79);;
INSERT INTO department (department_name, building_ID, budget) VALUES ("NURS", 5, 7995822010.79);;
INSERT INTO department (department_name, building_ID, budget) VALUES ("PHYS", 6, 9029953365.90);;
INSERT INTO department (department_name, building_ID, budget) VALUES ("ENGL", 7, 3084548699.30);;
INSERT INTO department (department_name, building_ID, budget) VALUES ("FRNC", 8, 5306664064.53);;
INSERT INTO department (department_name, building_ID, budget) VALUES ("JAPN", 9, 4418206388.44);;
INSERT INTO department (department_name, building_ID, budget) VALUES ("BOTN", 10, 1404139832.14);;
INSERT INTO time_slot (day, start_hr, start_min, end_hr, end_min) VALUES ("M", 13, 49, 6, 33);;
INSERT INTO time_slot (day, start_hr, start_min, end_hr, end_min) VALUES ("H", 8, 55, 9, 25);;
INSERT INTO time_slot (day, start_hr, start_min, end_hr, end_min) VALUES ("W", 9, 39, 15, 43);;
INSERT INTO time_slot (day, start_hr, start_min, end_hr, end_min) VALUES ("F", 12, 32, 8, 33);;
INSERT INTO time_slot (day, start_hr, start_min, end_hr, end_min) VALUES ("H", 23, 49, 17, 26);;
INSERT INTO time_slot (day, start_hr, start_min, end_hr, end_min) VALUES ("H", 10, 55, 2, 41);;
INSERT INTO time_slot (day, start_hr, start_min, end_hr, end_min) VALUES ("H", 22, 38, 17, 53);;
INSERT INTO time_slot (day, start_hr, start_min, end_hr, end_min) VALUES ("W", 16, 35, 13, 23);;
INSERT INTO time_slot (day, start_hr, start_min, end_hr, end_min) VALUES ("H", 13, 46, 1, 29);;
INSERT INTO time_slot (day, start_hr, start_min, end_hr, end_min) VALUES ("M", 1, 40, 9, 34);;
INSERT INTO account (username, password, role) VALUES ("Link", "FavoriteColor", "Instructor");;
INSERT INTO account (username, password, role) VALUES ("SuperCool", "TrulyCool2003", "Instructor");;
INSERT INTO account (username, password, role) VALUES ("coolGuy77", "Coolest!", "Instructor");;
INSERT INTO account (username, password, role) VALUES ("Ganondworf", "DrewPass99", "Student");;
INSERT INTO account (username, password, role) VALUES ("Caleb999", "GannonGannon88", "Instructor");;
INSERT INTO account (username, password, role) VALUES ("OrangeMan", "123892138", "Student");;
INSERT INTO account (username, password, role) VALUES ("Drew2000", "Linkus", "Instructor");;
INSERT INTO account (username, password, role) VALUES ("DrMario", "RealDoctor3626", "Instructor");;
INSERT INTO account (username, password, role) VALUES ("aroddy", "Drop73Drop12!", "Instructor");;
INSERT INTO account (username, password, role) VALUES ("dropKick2000", "CalebCalebCaleb", "Administrator");;
INSERT INTO advisor (first_name, last_name, department_ID) VALUES ("TJ", "Raklovits", 1);;
INSERT INTO advisor (first_name, last_name, department_ID) VALUES ("Tommy", "Redy", 2);;
INSERT INTO advisor (first_name, last_name, department_ID) VALUES ("Tommy", "So", 3);;
INSERT INTO advisor (first_name, last_name, department_ID) VALUES ("Tommy", "Smith", 4);;
INSERT INTO advisor (first_name, last_name, department_ID) VALUES ("TJ", "Raklovits", 5);;
INSERT INTO advisor (first_name, last_name, department_ID) VALUES ("Joseph", "Raklovits", 6);;
INSERT INTO advisor (first_name, last_name, department_ID) VALUES ("Tommy", "Smith", 7);;
INSERT INTO advisor (first_name, last_name, department_ID) VALUES ("Tommy", "Johnson", 8);;
INSERT INTO advisor (first_name, last_name, department_ID) VALUES ("Thomas", "Raklovits", 9);;
INSERT INTO advisor (first_name, last_name, department_ID) VALUES ("Thomas", "Redy", 10);;
INSERT INTO course (title, department_ID, credits) VALUES ("Intro to Databases", 1, 90);;
INSERT INTO course (title, department_ID, credits) VALUES ("Elementary Japanese 1", 2, 48);;
INSERT INTO course (title, department_ID, credits) VALUES ("CS2", 3, 29);;
INSERT INTO course (title, department_ID, credits) VALUES ("CS1", 4, 56);;
INSERT INTO course (title, department_ID, credits) VALUES ("CS1", 5, 13);;
INSERT INTO course (title, department_ID, credits) VALUES ("Intro to Databases", 6, 45);;
INSERT INTO course (title, department_ID, credits) VALUES ("CS3", 7, 62);;
INSERT INTO course (title, department_ID, credits) VALUES ("CS1", 8, 32);;
INSERT INTO course (title, department_ID, credits) VALUES ("Elementary Japanese 1", 9, 39);;
INSERT INTO course (title, department_ID, credits) VALUES ("Discrete Structures", 10, 83);;
INSERT INTO instructor (first_name, last_name, department_ID, salary) VALUES ("Javed", "Kahn", 1, 588313.58);;
INSERT INTO instructor (first_name, last_name, department_ID, salary) VALUES ("Javed", "Kahn", 2, 585211.58);;
INSERT INTO instructor (first_name, last_name, department_ID, salary) VALUES ("Mikhail", "Phares", 3, 380741.38);;
INSERT INTO instructor (first_name, last_name, department_ID, salary) VALUES ("Giovanni", "Nesterenko", 4, 630114.63);;
INSERT INTO instructor (first_name, last_name, department_ID, salary) VALUES ("Mikhail", "Nesterenko", 5, 156358.15);;
INSERT INTO instructor (first_name, last_name, department_ID, salary) VALUES ("Giovanni", "Kahn", 6, 826904.82);;
INSERT INTO instructor (first_name, last_name, department_ID, salary) VALUES ("Javed", "Nesterenko", 7, 894437.89);;
INSERT INTO instructor (first_name, last_name, department_ID, salary) VALUES ("Giovanni", "Kahn", 8, 153056.15);;
INSERT INTO instructor (first_name, last_name, department_ID, salary) VALUES ("Javed", "Phares", 9, 583275.58);;
INSERT INTO instructor (first_name, last_name, department_ID, salary) VALUES ("Mikhail", "Kahn", 10, 768635.76);;
INSERT INTO section (course_ID, semester, year, building_ID, time_slot_ID) VALUES (1, "Winter", 1735, 1, 1);;
INSERT INTO section (course_ID, semester, year, building_ID, time_slot_ID) VALUES (2, "Summer", 2083, 2, 2);;
INSERT INTO section (course_ID, semester, year, building_ID, time_slot_ID) VALUES (3, "Spring", 2051, 3, 3);;
INSERT INTO section (course_ID, semester, year, building_ID, time_slot_ID) VALUES (4, "Fall", 1787, 4, 4);;
INSERT INTO section (course_ID, semester, year, building_ID, time_slot_ID) VALUES (5, "Winter", 1860, 5, 5);;
INSERT INTO section (course_ID, semester, year, building_ID, time_slot_ID) VALUES (6, "Summer", 2027, 6, 6);;
INSERT INTO section (course_ID, semester, year, building_ID, time_slot_ID) VALUES (7, "Spring", 2077, 7, 7);;
INSERT INTO section (course_ID, semester, year, building_ID, time_slot_ID) VALUES (8, "Fall", 1741, 8, 8);;
INSERT INTO section (course_ID, semester, year, building_ID, time_slot_ID) VALUES (9, "Winter", 1847, 9, 9);;
INSERT INTO section (course_ID, semester, year, building_ID, time_slot_ID) VALUES (10, "Fall", 1945, 10, 10);;
INSERT INTO student (first_name, last_name, department_ID, total_cred, advisor_ID) VALUES ("Andrew", "Stanberry", 1, 5, 1);;
INSERT INTO student (first_name, last_name, department_ID, total_cred, advisor_ID) VALUES ("Caleb", "Senol", 2, 63, 2);;
INSERT INTO student (first_name, last_name, department_ID, total_cred, advisor_ID) VALUES ("Logan", "Stanberry", 3, 53, 3);;
INSERT INTO student (first_name, last_name, department_ID, total_cred, advisor_ID) VALUES ("Logan", "Roddy", 4, 233, 4);;
INSERT INTO student (first_name, last_name, department_ID, total_cred, advisor_ID) VALUES ("Caleb", "Senol", 5, 117, 5);;
INSERT INTO student (first_name, last_name, department_ID, total_cred, advisor_ID) VALUES ("Andrew", "Senol", 6, 110, 6);;
INSERT INTO student (first_name, last_name, department_ID, total_cred, advisor_ID) VALUES ("Andrew", "Senol", 7, 34, 7);;
INSERT INTO student (first_name, last_name, department_ID, total_cred, advisor_ID) VALUES ("Andrew", "Senol", 8, 41, 8);;
INSERT INTO student (first_name, last_name, department_ID, total_cred, advisor_ID) VALUES ("Logan", "Senol", 9, 108, 9);;
INSERT INTO student (first_name, last_name, department_ID, total_cred, advisor_ID) VALUES ("Caleb", "Senol", 10, 30, 10);;
INSERT INTO teaches (instructor_ID, section_ID) VALUES (1, 1);;
INSERT INTO teaches (instructor_ID, section_ID) VALUES (2, 2);;
INSERT INTO teaches (instructor_ID, section_ID) VALUES (3, 3);;
INSERT INTO teaches (instructor_ID, section_ID) VALUES (4, 4);;
INSERT INTO teaches (instructor_ID, section_ID) VALUES (5, 5);;
INSERT INTO teaches (instructor_ID, section_ID) VALUES (6, 6);;
INSERT INTO teaches (instructor_ID, section_ID) VALUES (7, 7);;
INSERT INTO teaches (instructor_ID, section_ID) VALUES (8, 8);;
INSERT INTO teaches (instructor_ID, section_ID) VALUES (9, 9);;
INSERT INTO teaches (instructor_ID, section_ID) VALUES (10, 10);;
INSERT INTO takes (student_ID, section_ID, grades) VALUES (1, 1, "D");;
INSERT INTO takes (student_ID, section_ID, grades) VALUES (2, 2, "B");;
INSERT INTO takes (student_ID, section_ID, grades) VALUES (3, 3, "C+");;
INSERT INTO takes (student_ID, section_ID, grades) VALUES (4, 4, "A-");;
INSERT INTO takes (student_ID, section_ID, grades) VALUES (5, 5, "C+");;
INSERT INTO takes (student_ID, section_ID, grades) VALUES (6, 6, "D");;
INSERT INTO takes (student_ID, section_ID, grades) VALUES (7, 7, "D-");;
INSERT INTO takes (student_ID, section_ID, grades) VALUES (8, 8, "D");;
INSERT INTO takes (student_ID, section_ID, grades) VALUES (9, 9, "D+");;
INSERT INTO takes (student_ID, section_ID, grades) VALUES (10, 10, "D+");;
INSERT INTO advises (student_ID, advisor_ID) VALUES (1, 1);;
INSERT INTO advises (student_ID, advisor_ID) VALUES (2, 2);;
INSERT INTO advises (student_ID, advisor_ID) VALUES (3, 3);;
INSERT INTO advises (student_ID, advisor_ID) VALUES (4, 4);;
INSERT INTO advises (student_ID, advisor_ID) VALUES (5, 5);;
INSERT INTO advises (student_ID, advisor_ID) VALUES (6, 6);;
INSERT INTO advises (student_ID, advisor_ID) VALUES (7, 7);;
INSERT INTO advises (student_ID, advisor_ID) VALUES (8, 8);;
INSERT INTO advises (student_ID, advisor_ID) VALUES (9, 9);;
INSERT INTO advises (student_ID, advisor_ID) VALUES (10, 10);;
INSERT INTO prereq (base_course_ID, requires_course_ID) VALUES (1, 1);;
INSERT INTO prereq (base_course_ID, requires_course_ID) VALUES (2, 2);;
INSERT INTO prereq (base_course_ID, requires_course_ID) VALUES (3, 3);;
INSERT INTO prereq (base_course_ID, requires_course_ID) VALUES (4, 4);;
INSERT INTO prereq (base_course_ID, requires_course_ID) VALUES (5, 5);;
INSERT INTO prereq (base_course_ID, requires_course_ID) VALUES (6, 6);;
INSERT INTO prereq (base_course_ID, requires_course_ID) VALUES (7, 7);;
INSERT INTO prereq (base_course_ID, requires_course_ID) VALUES (8, 8);;
INSERT INTO prereq (base_course_ID, requires_course_ID) VALUES (9, 9);;
INSERT INTO prereq (base_course_ID, requires_course_ID) VALUES (10, 10);;
